# Created by FreeCAD <https://www.freecad.org>
v 3.895770 -0.181602 0.000000
v 3.895770 0.181602 0.000000
v 3.895770 -0.181602 3.000000
v 3.895770 0.181602 3.000000
v 3.062504 -0.487013 3.000000
v 3.084914 -0.488752 2.842105
v 3.137615 -0.487829 3.000000
v 3.124878 -0.488504 2.842105
v 3.184608 -0.483391 2.842105
v 3.263451 -0.470254 2.842105
v 3.354832 -0.447619 3.000000
v 3.360379 -0.446014 2.842105
v 3.084914 -0.488752 2.526316
v 3.124878 -0.488504 2.526316
v 3.473993 -0.407717 2.842105
v 3.592986 -0.357088 3.000000
v 3.184608 -0.483391 2.526316
v 3.263451 -0.470254 2.526316
v 3.602541 -0.352571 2.842105
v 3.748008 -0.275621 3.000000
v 3.360379 -0.446014 2.526316
v 3.084914 -0.488752 2.210526
v 3.124878 -0.488504 2.210526
v 3.743935 -0.277985 2.842105
v 3.473993 -0.407717 2.526316
v 3.184608 -0.483391 2.210526
v 3.263451 -0.470254 2.210526
v 3.602541 -0.352571 2.526316
v 3.360379 -0.446014 2.210526
v 3.084914 -0.488752 1.894737
v 3.124878 -0.488504 1.894737
v 3.743935 -0.277985 2.526316
v 3.473993 -0.407717 2.210526
v 3.184608 -0.483391 1.894737
v 3.263451 -0.470254 1.894737
v 3.602541 -0.352571 2.210526
v 3.360379 -0.446014 1.894737
v 3.062504 -0.487013 0.000000
v 3.084914 -0.488752 1.578947
v 3.124878 -0.488504 1.578947
v 3.743935 -0.277985 2.210526
v 3.473993 -0.407717 1.894737
v 3.184608 -0.483391 1.578947
v 3.263451 -0.470254 1.578947
v 3.602541 -0.352571 1.894737
v 3.360379 -0.446014 1.578947
v 3.084914 -0.488752 1.263158
v 3.124878 -0.488504 1.263158
v 3.743935 -0.277985 1.894737
v 3.473993 -0.407717 1.578947
v 3.184608 -0.483391 1.263158
v 3.263451 -0.470254 1.263158
v 3.602541 -0.352571 1.578947
v 3.360379 -0.446014 1.263158
v 3.084914 -0.488752 0.947368
v 3.124878 -0.488504 0.947368
v 3.743935 -0.277985 1.578947
v 3.473993 -0.407717 1.263158
v 3.184608 -0.483391 0.947368
v 3.263451 -0.470254 0.947368
v 3.602541 -0.352571 1.263158
v 3.360379 -0.446014 0.947368
v 3.084914 -0.488752 0.631579
v 3.124878 -0.488504 0.631579
v 3.743935 -0.277985 1.263158
v 3.473993 -0.407717 0.947368
v 3.184608 -0.483391 0.631579
v 3.263451 -0.470254 0.631579
v 3.602541 -0.352571 0.947368
v 3.360379 -0.446014 0.631579
v 3.084914 -0.488752 0.315789
v 3.124878 -0.488504 0.315789
v 3.743935 -0.277985 0.947368
v 3.473993 -0.407717 0.631579
v 3.184608 -0.483391 0.315789
v 3.137615 -0.487829 0.000000
v 3.084914 -0.488752 0.157895
v 3.263451 -0.470254 0.315789
v 3.124878 -0.488504 0.157895
v 3.602541 -0.352571 0.631579
v 3.184608 -0.483391 0.157895
v 3.360379 -0.446014 0.315789
v 3.354832 -0.447619 0.000000
v 3.263451 -0.470254 0.157895
v 3.743935 -0.277985 0.631579
v 3.473993 -0.407717 0.315789
v 3.360379 -0.446014 0.157895
v 3.602541 -0.352571 0.315789
v 3.473993 -0.407717 0.157895
v 3.592986 -0.357088 0.000000
v 3.748008 -0.275621 0.000000
v 3.602541 -0.352571 0.157895
v 3.743935 -0.277985 0.315789
v 3.743935 -0.277985 0.157895
v 3.743935 0.277985 2.842105
v 3.637704 0.335377 3.000000
v 3.602541 0.352571 2.842105
v 3.473993 0.407717 2.842105
v 3.387558 0.437783 3.000000
v 3.743935 0.277985 2.526316
v 3.360379 0.446014 2.842105
v 3.602541 0.352571 2.526316
v 3.263451 0.470254 2.842105
v 3.227075 0.477119 3.000000
v 3.184608 0.483391 2.842105
v 3.136073 0.487924 3.000000
v 3.473993 0.407717 2.526316
v 3.743935 0.277985 2.210526
v 3.124878 0.488504 2.842105
v 3.062504 0.487013 3.000000
v 3.360379 0.446014 2.526316
v 3.602541 0.352571 2.210526
v 3.263451 0.470254 2.526316
v 3.184608 0.483391 2.526316
v 3.473993 0.407717 2.210526
v 3.743935 0.277985 1.894737
v 3.124878 0.488504 2.526316
v 3.360379 0.446014 2.210526
v 3.602541 0.352571 1.894737
v 3.263451 0.470254 2.210526
v 3.184608 0.483391 2.210526
v 3.473993 0.407717 1.894737
v 3.743935 0.277985 1.578947
v 3.124878 0.488504 2.210526
v 3.360379 0.446014 1.894737
v 3.602541 0.352571 1.578947
v 3.263451 0.470254 1.894737
v 3.184608 0.483391 1.894737
v 3.473993 0.407717 1.578947
v 3.743935 0.277985 1.263158
v 3.124878 0.488504 1.894737
v 3.360379 0.446014 1.578947
v 3.602541 0.352571 1.263158
v 3.263451 0.470254 1.578947
v 3.184608 0.483391 1.578947
v 3.473993 0.407717 1.263158
v 3.743935 0.277985 0.947368
v 3.124878 0.488504 1.578947
v 3.360379 0.446014 1.263158
v 3.602541 0.352571 0.947368
v 3.263451 0.470254 1.263158
v 3.184608 0.483391 1.263158
v 3.473993 0.407717 0.947368
v 3.743935 0.277985 0.631579
v 3.124878 0.488504 1.263158
v 3.360379 0.446014 0.947368
v 3.602541 0.352571 0.631579
v 3.263451 0.470254 0.947368
v 3.184608 0.483391 0.947368
v 3.473993 0.407717 0.631579
v 3.743935 0.277985 0.315789
v 3.124878 0.488504 0.947368
v 3.084914 0.488752 0.947368
v 3.062504 0.487013 0.000000
v 3.360379 0.446014 0.631579
v 3.637704 0.335377 0.000000
v 3.743935 0.277985 0.157895
v 3.602541 0.352571 0.315789
v 3.263451 0.470254 0.631579
v 3.184608 0.483391 0.631579
v 3.473993 0.407717 0.315789
v 3.602541 0.352571 0.157895
v 3.124878 0.488504 0.631579
v 3.084914 0.488752 0.631579
v 3.360379 0.446014 0.315789
v 3.473993 0.407717 0.157895
v 3.387558 0.437783 0.000000
v 3.263451 0.470254 0.315789
v 3.360379 0.446014 0.157895
v 3.184608 0.483391 0.315789
v 3.124878 0.488504 0.315789
v 3.227075 0.477119 0.000000
v 3.263451 0.470254 0.157895
v 3.084914 0.488752 0.315789
v 3.136073 0.487924 0.000000
v 3.184608 0.483391 0.157895
v 3.124878 0.488504 0.157895
v 3.084914 0.488752 0.157895
v -2.688432 -2.825302 0.000000
v -2.662724 -2.652062 0.000000
v -2.413941 -3.063150 0.000000
v -2.622774 -2.481555 0.000000
v -2.128729 -2.968818 0.000000
v -1.887525 -2.846832 0.000000
v -2.535236 -2.242285 0.000000
v -1.752703 -2.751307 0.000000
v -2.423378 -2.051791 0.000000
v -3.789127 -0.923319 0.000000
v -3.673839 -0.791480 0.000000
v -3.686800 -1.271811 0.000000
v -3.395865 -1.346651 0.000000
v -1.684943 -2.689608 0.000000
v -2.373574 -1.995560 0.000000
v -1.637453 -2.633412 0.000000
v -0.806212 -3.670634 0.000000
v -0.374672 -3.881961 0.000000
v -0.734180 -3.830271 0.000000
v -3.548048 -0.669638 0.000000
v -3.127001 -1.374435 0.000000
v -3.345047 -0.515678 0.000000
v -2.961936 -1.366964 0.000000
v -0.864788 -3.505596 0.000000
v -0.185736 -3.648407 0.000000
v -3.147957 -0.415900 0.000000
v -2.871576 -1.351694 0.000000
v -1.346509 -2.165505 0.000000
v -1.951835 -1.640987 0.000000
v -3.075659 -0.395521 0.000000
v -2.801243 -1.330093 0.000000
v -0.920506 -3.256982 0.000000
v -0.048773 -3.415381 0.000000
v -2.303516 -1.093761 0.000000
v -0.929393 -3.036253 0.000000
v 0.013001 -3.262130 0.000000
v -0.917896 -2.962023 0.000000
v 0.036648 -3.173591 0.000000
v 0.046217 -3.100641 0.000000
v -2.529173 -0.325245 0.000000
v -0.754804 -2.435728 0.000000
v 0.038005 -2.549717 0.000000
v -3.686800 1.271811 0.000000
v -3.518536 1.320392 0.000000
v -3.789127 0.923319 0.000000
v -3.584838 0.703068 0.000000
v -0.996321 -1.187369 0.000000
v -1.187369 -0.996321 0.000000
v -0.775000 -1.342339 0.000000
v -1.342339 -0.775000 0.000000
v -3.346842 1.354884 0.000000
v -3.373676 0.534336 0.000000
v -0.530131 -1.456524 0.000000
v -1.456524 -0.530131 0.000000
v -0.269155 -1.526452 0.000000
v -1.526452 -0.269155 0.000000
v -3.092829 1.374653 0.000000
v -3.230776 0.451380 0.000000
v 1.306265 -3.523805 0.000000
v 1.783553 -3.468276 0.000000
v 1.453170 -3.619157 0.000000
v -0.000000 -1.550000 0.000000
v -1.550000 0.000000 0.000000
v -2.529173 0.325245 0.000000
v -2.873082 1.352037 0.000000
v -3.146504 0.415374 0.000000
v -2.801243 1.330093 0.000000
v -3.075659 0.395521 0.000000
v 1.167762 -3.416635 0.000000
v 1.816226 -3.169652 0.000000
v 0.269155 -1.526452 0.000000
v 0.681873 -2.457143 0.000000
v -1.526452 0.269155 0.000000
v -2.303516 1.093761 0.000000
v 0.986479 -3.237611 0.000000
v 1.805464 -2.899570 0.000000
v 0.859667 -3.056726 0.000000
v 1.774578 -2.737249 0.000000
v 0.530131 -1.456524 0.000000
v -1.456524 0.530131 0.000000
v 0.829207 -2.988064 0.000000
v 1.746603 -2.649981 0.000000
v 1.715213 -2.583439 0.000000
v 1.410453 -2.124411 0.000000
v 0.775000 -1.342339 0.000000
v -1.342339 0.775000 0.000000
v -1.951835 1.640987 0.000000
v 0.996321 -1.187369 0.000000
v -1.187369 0.996321 0.000000
v -0.996321 1.187369 0.000000
v 1.902060 -1.698431 0.000000
v 1.187369 -0.996321 0.000000
v 1.342339 -0.775000 0.000000
v -2.413941 3.063150 0.000000
v -2.246123 3.013049 0.000000
v -2.688432 2.825302 0.000000
v -2.635650 2.529568 0.000000
v -2.373574 1.995560 0.000000
v -1.346509 2.165505 0.000000
v -0.775000 1.342339 0.000000
v -2.083037 2.949240 0.000000
v -2.549233 2.273459 0.000000
v -0.530131 1.456524 0.000000
v -1.858660 2.828542 0.000000
v -2.473867 2.126415 0.000000
v -2.422439 2.050564 0.000000
v -1.637453 2.633412 0.000000
v -1.686024 2.690711 0.000000
v 1.456524 -0.530131 0.000000
v 2.335092 -1.024620 0.000000
v 3.004013 -2.258193 0.000000
v 3.375512 -1.953438 0.000000
v 3.179148 -2.258986 0.000000
v 2.829556 -2.242916 0.000000
v 3.241550 -1.684555 0.000000
v 2.839642 -1.246013 0.000000
v 2.313043 -2.065416 0.000000
v 2.902024 -1.285021 0.000000
v 2.375789 -2.106711 0.000000
v 3.086478 -1.463166 0.000000
v 2.580263 -2.190321 0.000000
v 2.972738 -1.343311 0.000000
v -0.754804 2.435728 0.000000
v -0.269155 1.526452 0.000000
v 2.518356 -0.400480 0.000000
v 1.526452 -0.269155 0.000000
v 1.550000 -0.000000 0.000000
v 0.038005 2.549717 0.000000
v 0.000000 1.550000 0.000000
v 0.269155 1.526452 0.000000
v 2.518356 0.400480 0.000000
v 1.526452 0.269155 0.000000
v 1.456524 0.530131 0.000000
v 0.681873 2.457143 0.000000
v 0.530131 1.456524 0.000000
v 0.046217 3.100641 0.000000
v -0.929267 3.034714 0.000000
v -0.917896 2.962023 0.000000
v -0.931523 3.126327 0.000000
v 0.036335 3.175104 0.000000
v -0.034379 3.384388 0.000000
v -0.915426 3.290775 0.000000
v 2.335092 1.024620 0.000000
v 1.342339 0.775000 0.000000
v -0.849662 3.552949 0.000000
v -0.157882 3.607234 0.000000
v -0.734180 3.830271 0.000000
v -0.260582 3.749084 0.000000
v -0.374672 3.881961 0.000000
v 0.775000 1.342339 0.000000
v 1.410453 2.124411 0.000000
v 0.996321 1.187369 0.000000
v 1.187369 0.996321 0.000000
v 1.902060 1.698431 0.000000
v 2.839642 1.246013 0.000000
v 1.715213 2.583439 0.000000
v 0.858941 3.055363 0.000000
v 0.829207 2.988064 0.000000
v 2.313043 2.065416 0.000000
v 0.906573 3.133653 0.000000
v 1.747157 2.651423 0.000000
v 2.374441 2.105957 0.000000
v 2.903270 1.285935 0.000000
v 2.456839 2.146066 0.000000
v 3.064266 1.437198 0.000000
v 1.009021 3.263293 0.000000
v 1.800817 2.865715 0.000000
v 2.613112 2.199738 0.000000
v 3.215668 1.642114 0.000000
v 1.817399 3.119956 0.000000
v 1.206088 3.448293 0.000000
v 1.453170 3.619157 0.000000
v 1.807692 3.294811 0.000000
v 2.878913 2.248828 0.000000
v 3.302037 1.794459 0.000000
v 1.783553 3.468276 0.000000
v 3.179148 2.258986 0.000000
v 3.375512 1.953438 0.000000
v -2.662724 -2.652062 3.000000
v -2.688432 -2.825302 3.000000
v -2.413941 -3.063150 3.000000
v -2.128729 -2.968818 3.000000
v -2.622774 -2.481555 3.000000
v -1.887525 -2.846832 3.000000
v -2.535236 -2.242285 3.000000
v -1.752703 -2.751307 3.000000
v -2.423378 -2.051791 3.000000
v -3.673839 -0.791480 3.000000
v -3.789127 -0.923319 3.000000
v -3.686800 -1.271811 3.000000
v -3.395865 -1.346651 3.000000
v -1.684943 -2.689608 3.000000
v -2.373574 -1.995560 3.000000
v -1.637453 -2.633412 3.000000
v -0.374672 -3.881961 3.000000
v -0.806212 -3.670634 3.000000
v -0.734180 -3.830271 3.000000
v -3.548048 -0.669638 3.000000
v -3.127001 -1.374435 3.000000
v -3.345047 -0.515678 3.000000
v -2.961936 -1.366964 3.000000
v -0.185736 -3.648407 3.000000
v -0.864788 -3.505596 3.000000
v -3.147957 -0.415900 3.000000
v -2.871576 -1.351694 3.000000
v -1.346509 -2.165505 3.000000
v -1.951835 -1.640987 3.000000
v -3.075659 -0.395521 3.000000
v -2.801243 -1.330093 3.000000
v -0.048773 -3.415381 3.000000
v -0.920506 -3.256982 3.000000
v -2.303516 -1.093761 3.000000
v 0.013001 -3.262130 3.000000
v -0.929393 -3.036253 3.000000
v 0.036648 -3.173591 3.000000
v -0.917896 -2.962023 3.000000
v 0.046217 -3.100641 3.000000
v -2.529173 -0.325245 3.000000
v 0.038005 -2.549717 3.000000
v -0.754804 -2.435728 3.000000
v -3.518536 1.320392 3.000000
v -3.686800 1.271811 3.000000
v -3.789127 0.923319 3.000000
v -3.584838 0.703068 3.000000
v -0.996321 -1.187369 3.000000
v -1.187369 -0.996321 3.000000
v -0.775000 -1.342339 3.000000
v -1.342339 -0.775000 3.000000
v -3.346842 1.354884 3.000000
v -3.373676 0.534336 3.000000
v -0.530131 -1.456524 3.000000
v -1.456524 -0.530131 3.000000
v -0.269155 -1.526452 3.000000
v -1.526452 -0.269155 3.000000
v -3.092829 1.374653 3.000000
v -3.230776 0.451380 3.000000
v 1.783553 -3.468276 3.000000
v 1.306265 -3.523805 3.000000
v 1.453170 -3.619157 3.000000
v -0.000000 -1.550000 3.000000
v -1.550000 0.000000 3.000000
v -2.529173 0.325245 3.000000
v -2.873082 1.352037 3.000000
v -3.146504 0.415374 3.000000
v -2.801243 1.330093 3.000000
v -3.075659 0.395521 3.000000
v 1.816226 -3.169652 3.000000
v 1.167762 -3.416635 3.000000
v 0.269155 -1.526452 3.000000
v 0.681873 -2.457143 3.000000
v -1.526452 0.269155 3.000000
v -2.303516 1.093761 3.000000
v 1.805464 -2.899570 3.000000
v 0.986479 -3.237611 3.000000
v 1.774578 -2.737249 3.000000
v 0.859667 -3.056726 3.000000
v 0.530131 -1.456524 3.000000
v -1.456524 0.530131 3.000000
v 1.746603 -2.649981 3.000000
v 0.829207 -2.988064 3.000000
v 1.715213 -2.583439 3.000000
v 1.410453 -2.124411 3.000000
v 0.775000 -1.342339 3.000000
v -1.342339 0.775000 3.000000
v -1.951835 1.640987 3.000000
v 0.996321 -1.187369 3.000000
v -1.187369 0.996321 3.000000
v -0.996321 1.187369 3.000000
v 1.902060 -1.698431 3.000000
v 1.187369 -0.996321 3.000000
v 1.342339 -0.775000 3.000000
v -2.246123 3.013049 3.000000
v -2.413941 3.063150 3.000000
v -2.688432 2.825302 3.000000
v -2.635650 2.529568 3.000000
v -1.346509 2.165505 3.000000
v -2.373574 1.995560 3.000000
v -0.775000 1.342339 3.000000
v -2.083037 2.949240 3.000000
v -2.549233 2.273459 3.000000
v -0.530131 1.456524 3.000000
v -1.858660 2.828542 3.000000
v -2.473867 2.126415 3.000000
v -1.637453 2.633412 3.000000
v -2.422439 2.050564 3.000000
v -1.686024 2.690711 3.000000
v 2.335092 -1.024620 3.000000
v 1.456524 -0.530131 3.000000
v 3.375512 -1.953438 3.000000
v 3.004013 -2.258193 3.000000
v 3.179148 -2.258986 3.000000
v 3.241550 -1.684555 3.000000
v 2.829556 -2.242916 3.000000
v 2.839642 -1.246013 3.000000
v 2.313043 -2.065416 3.000000
v 2.902024 -1.285021 3.000000
v 2.375789 -2.106711 3.000000
v 3.086478 -1.463166 3.000000
v 2.580263 -2.190321 3.000000
v 2.972738 -1.343311 3.000000
v -0.754804 2.435728 3.000000
v -0.269155 1.526452 3.000000
v 2.518356 -0.400480 3.000000
v 1.526452 -0.269155 3.000000
v 1.550000 -0.000000 3.000000
v 0.038005 2.549717 3.000000
v 0.000000 1.550000 3.000000
v 0.269155 1.526452 3.000000
v 2.518356 0.400480 3.000000
v 1.526452 0.269155 3.000000
v 1.456524 0.530131 3.000000
v 0.681873 2.457143 3.000000
v 0.530131 1.456524 3.000000
v 0.046217 3.100641 3.000000
v -0.929267 3.034714 3.000000
v -0.917896 2.962023 3.000000
v 0.036335 3.175104 3.000000
v -0.931523 3.126327 3.000000
v -0.034379 3.384388 3.000000
v -0.915426 3.290775 3.000000
v 2.335092 1.024620 3.000000
v 1.342339 0.775000 3.000000
v -0.157882 3.607234 3.000000
v -0.849662 3.552949 3.000000
v -0.260582 3.749084 3.000000
v -0.734180 3.830271 3.000000
v -0.374672 3.881961 3.000000
v 1.410453 2.124411 3.000000
v 0.775000 1.342339 3.000000
v 0.996321 1.187369 3.000000
v 1.902060 1.698431 3.000000
v 1.187369 0.996321 3.000000
v 2.839642 1.246013 3.000000
v 1.715213 2.583439 3.000000
v 0.858941 3.055363 3.000000
v 0.829207 2.988064 3.000000
v 2.313043 2.065416 3.000000
v 1.747157 2.651423 3.000000
v 0.906573 3.133653 3.000000
v 2.374441 2.105957 3.000000
v 2.903270 1.285935 3.000000
v 2.456839 2.146066 3.000000
v 3.064266 1.437198 3.000000
v 1.800817 2.865715 3.000000
v 1.009021 3.263293 3.000000
v 2.613112 2.199738 3.000000
v 3.215668 1.642114 3.000000
v 1.817399 3.119956 3.000000
v 1.206088 3.448293 3.000000
v 1.807692 3.294811 3.000000
v 1.453170 3.619157 3.000000
v 2.878913 2.248828 3.000000
v 3.302037 1.794459 3.000000
v 1.783553 3.468276 3.000000
v 3.179148 2.258986 3.000000
v 3.375512 1.953438 3.000000
v 3.299888 -1.790268 2.842105
v 3.221264 -1.651079 2.842105
v 3.142937 -1.535189 2.842105
v 3.299888 -1.790268 2.526316
v 3.068064 -1.441547 2.842105
v 3.221264 -1.651079 2.526316
v 2.999628 -1.368752 2.842105
v 2.940403 -1.315074 2.842105
v 3.142937 -1.535189 2.526316
v 3.299888 -1.790268 2.210526
v 2.892920 -1.278481 2.842105
v 3.068064 -1.441547 2.526316
v 3.221264 -1.651079 2.210526
v 2.999628 -1.368752 2.526316
v 2.940403 -1.315074 2.526316
v 3.142937 -1.535189 2.210526
v 3.299888 -1.790268 1.894737
v 2.892920 -1.278481 2.526316
v 3.068064 -1.441547 2.210526
v 3.221264 -1.651079 1.894737
v 2.999628 -1.368752 2.210526
v 2.940403 -1.315074 2.210526
v 3.142937 -1.535189 1.894737
v 3.299888 -1.790268 1.578947
v 2.892920 -1.278481 2.210526
v 3.068064 -1.441547 1.894737
v 3.221264 -1.651079 1.578947
v 2.999628 -1.368752 1.894737
v 2.940403 -1.315074 1.894737
v 3.142937 -1.535189 1.578947
v 3.299888 -1.790268 1.263158
v 2.892920 -1.278481 1.894737
v 3.068064 -1.441547 1.578947
v 3.221264 -1.651079 1.263158
v 2.999628 -1.368752 1.578947
v 2.940403 -1.315074 1.578947
v 3.142937 -1.535189 1.263158
v 3.299888 -1.790268 0.947368
v 2.892920 -1.278481 1.578947
v 3.068064 -1.441547 1.263158
v 3.221264 -1.651079 0.947368
v 2.999628 -1.368752 1.263158
v 2.940403 -1.315074 1.263158
v 3.142937 -1.535189 0.947368
v 3.299888 -1.790268 0.631579
v 2.892920 -1.278481 1.263158
v 3.068064 -1.441547 0.947368
v 3.221264 -1.651079 0.631579
v 2.999628 -1.368752 0.947368
v 2.940403 -1.315074 0.947368
v 3.142937 -1.535189 0.631579
v 3.299888 -1.790268 0.315789
v 2.892920 -1.278481 0.947368
v 2.859434 -1.256666 0.947368
v 3.068064 -1.441547 0.631579
v 3.299888 -1.790268 0.157895
v 3.221264 -1.651079 0.315789
v 2.999628 -1.368752 0.631579
v 2.940403 -1.315074 0.631579
v 3.142937 -1.535189 0.315789
v 3.221264 -1.651079 0.157895
v 2.892920 -1.278481 0.631579
v 2.859434 -1.256666 0.631579
v 3.068064 -1.441547 0.315789
v 3.142937 -1.535189 0.157895
v 2.999628 -1.368752 0.315789
v 3.068064 -1.441547 0.157895
v 2.940403 -1.315074 0.315789
v 2.892920 -1.278481 0.315789
v 2.999628 -1.368752 0.157895
v 2.859434 -1.256666 0.315789
v 2.940403 -1.315074 0.157895
v 2.892920 -1.278481 0.157895
v 2.859434 -1.256666 0.157895
v 2.859434 1.256666 2.842105
v 2.892920 1.278481 2.842105
v 2.940403 1.315074 2.842105
v 2.999628 1.368752 2.842105
v 3.068064 1.441547 2.842105
v 2.859434 1.256666 2.526316
v 2.892920 1.278481 2.526316
v 3.142937 1.535189 2.842105
v 2.940403 1.315074 2.526316
v 2.999628 1.368752 2.526316
v 3.221264 1.651079 2.842105
v 3.068064 1.441547 2.526316
v 2.859434 1.256666 2.210526
v 2.892920 1.278481 2.210526
v 3.299888 1.790268 2.842105
v 3.142937 1.535189 2.526316
v 2.940403 1.315074 2.210526
v 2.999628 1.368752 2.210526
v 3.221264 1.651079 2.526316
v 3.068064 1.441547 2.210526
v 2.859434 1.256666 1.894737
v 2.892920 1.278481 1.894737
v 3.299888 1.790268 2.526316
v 3.142937 1.535189 2.210526
v 2.940403 1.315074 1.894737
v 2.999628 1.368752 1.894737
v 3.221264 1.651079 2.210526
v 3.068064 1.441547 1.894737
v 2.859434 1.256666 1.578947
v 2.892920 1.278481 1.578947
v 3.299888 1.790268 2.210526
v 3.142937 1.535189 1.894737
v 2.940403 1.315074 1.578947
v 2.999628 1.368752 1.578947
v 3.221264 1.651079 1.894737
v 3.068064 1.441547 1.578947
v 2.859434 1.256666 1.263158
v 2.892920 1.278481 1.263158
v 3.299888 1.790268 1.894737
v 3.142937 1.535189 1.578947
v 2.940403 1.315074 1.263158
v 2.999628 1.368752 1.263158
v 3.221264 1.651079 1.578947
v 3.068064 1.441547 1.263158
v 2.859434 1.256666 0.947368
v 2.892920 1.278481 0.947368
v 3.299888 1.790268 1.578947
v 3.142937 1.535189 1.263158
v 2.940403 1.315074 0.947368
v 2.999628 1.368752 0.947368
v 3.221264 1.651079 1.263158
v 3.068064 1.441547 0.947368
v 2.859434 1.256666 0.631579
v 2.892920 1.278481 0.631579
v 3.299888 1.790268 1.263158
v 3.142937 1.535189 0.947368
v 2.940403 1.315074 0.631579
v 2.999628 1.368752 0.631579
v 3.221264 1.651079 0.947368
v 3.068064 1.441547 0.631579
v 2.859434 1.256666 0.315789
v 2.892920 1.278481 0.315789
v 3.299888 1.790268 0.947368
v 3.142937 1.535189 0.631579
v 2.940403 1.315074 0.315789
v 2.859434 1.256666 0.157895
v 2.999628 1.368752 0.315789
v 2.892920 1.278481 0.157895
v 3.221264 1.651079 0.631579
v 2.940403 1.315074 0.157895
v 3.068064 1.441547 0.315789
v 2.999628 1.368752 0.157895
v 3.299888 1.790268 0.631579
v 3.142937 1.535189 0.315789
v 3.068064 1.441547 0.157895
v 3.221264 1.651079 0.315789
v 3.142937 1.535189 0.157895
v 3.221264 1.651079 0.157895
v 3.299888 1.790268 0.315789
v 3.299888 1.790268 0.157895
v 2.330956 -2.078995 2.842105
v 2.364710 -2.100392 2.842105
v 2.417721 -2.128384 2.842105
v 2.491151 -2.159958 2.842105
v 2.585797 -2.191969 2.842105
v 2.330956 -2.078995 2.526316
v 2.364710 -2.100392 2.526316
v 2.702080 -2.221175 2.842105
v 2.417721 -2.128384 2.526316
v 2.491151 -2.159958 2.526316
v 2.840036 -2.244282 2.842105
v 2.585797 -2.191969 2.526316
v 2.330956 -2.078995 2.210526
v 2.364710 -2.100392 2.210526
v 2.999308 -2.257979 2.842105
v 2.702080 -2.221175 2.526316
v 2.417721 -2.128384 2.210526
v 2.491151 -2.159958 2.210526
v 2.840036 -2.244282 2.526316
v 2.585797 -2.191969 2.210526
v 2.330956 -2.078995 1.894737
v 2.364710 -2.100392 1.894737
v 2.999308 -2.257979 2.526316
v 2.702080 -2.221175 2.210526
v 2.417721 -2.128384 1.894737
v 2.491151 -2.159958 1.894737
v 2.840036 -2.244282 2.210526
v 2.585797 -2.191969 1.894737
v 2.330956 -2.078995 1.578947
v 2.364710 -2.100392 1.578947
v 2.999308 -2.257979 2.210526
v 2.702080 -2.221175 1.894737
v 2.417721 -2.128384 1.578947
v 2.491151 -2.159958 1.578947
v 2.840036 -2.244282 1.894737
v 2.585797 -2.191969 1.578947
v 2.330956 -2.078995 1.263158
v 2.364710 -2.100392 1.263158
v 2.999308 -2.257979 1.894737
v 2.702080 -2.221175 1.578947
v 2.417721 -2.128384 1.263158
v 2.491151 -2.159958 1.263158
v 2.840036 -2.244282 1.578947
v 2.585797 -2.191969 1.263158
v 2.330956 -2.078995 0.947368
v 2.364710 -2.100392 0.947368
v 2.999308 -2.257979 1.578947
v 2.702080 -2.221175 1.263158
v 2.417721 -2.128384 0.947368
v 2.491151 -2.159958 0.947368
v 2.840036 -2.244282 1.263158
v 2.585797 -2.191969 0.947368
v 2.330956 -2.078995 0.631579
v 2.364710 -2.100392 0.631579
v 2.999308 -2.257979 1.263158
v 2.702080 -2.221175 0.947368
v 2.417721 -2.128384 0.631579
v 2.491151 -2.159958 0.631579
v 2.840036 -2.244282 0.947368
v 2.585797 -2.191969 0.631579
v 2.330956 -2.078995 0.315789
v 2.364710 -2.100392 0.315789
v 2.999308 -2.257979 0.947368
v 2.702080 -2.221175 0.631579
v 2.417721 -2.128384 0.315789
v 2.330956 -2.078995 0.157895
v 2.491151 -2.159958 0.315789
v 2.364710 -2.100392 0.157895
v 2.840036 -2.244282 0.631579
v 2.417721 -2.128384 0.157895
v 2.585797 -2.191969 0.315789
v 2.491151 -2.159958 0.157895
v 2.999308 -2.257979 0.631579
v 2.702080 -2.221175 0.315789
v 2.585797 -2.191969 0.157895
v 2.840036 -2.244282 0.315789
v 2.702080 -2.221175 0.157895
v 2.840036 -2.244282 0.157895
v 2.999308 -2.257979 0.315789
v 2.999308 -2.257979 0.157895
v 2.999308 2.257979 2.842105
v 2.840036 2.244282 2.842105
v 2.702080 2.221175 2.842105
v 2.999308 2.257979 2.526316
v 2.585797 2.191969 2.842105
v 2.840036 2.244282 2.526316
v 2.491151 2.159958 2.842105
v 2.417721 2.128384 2.842105
v 2.702080 2.221175 2.526316
v 2.999308 2.257979 2.210526
v 2.364710 2.100392 2.842105
v 2.585797 2.191969 2.526316
v 2.840036 2.244282 2.210526
v 2.491151 2.159958 2.526316
v 2.417721 2.128384 2.526316
v 2.702080 2.221175 2.210526
v 2.999308 2.257979 1.894737
v 2.364710 2.100392 2.526316
v 2.585797 2.191969 2.210526
v 2.840036 2.244282 1.894737
v 2.491151 2.159958 2.210526
v 2.417721 2.128384 2.210526
v 2.702080 2.221175 1.894737
v 2.999308 2.257979 1.578947
v 2.364710 2.100392 2.210526
v 2.585797 2.191969 1.894737
v 2.840036 2.244282 1.578947
v 2.491151 2.159958 1.894737
v 2.417721 2.128384 1.894737
v 2.702080 2.221175 1.578947
v 2.999308 2.257979 1.263158
v 2.364710 2.100392 1.894737
v 2.585797 2.191969 1.578947
v 2.840036 2.244282 1.263158
v 2.491151 2.159958 1.578947
v 2.417721 2.128384 1.578947
v 2.702080 2.221175 1.263158
v 2.999308 2.257979 0.947368
v 2.364710 2.100392 1.578947
v 2.585797 2.191969 1.263158
v 2.840036 2.244282 0.947368
v 2.491151 2.159958 1.263158
v 2.417721 2.128384 1.263158
v 2.702080 2.221175 0.947368
v 2.999308 2.257979 0.631579
v 2.364710 2.100392 1.263158
v 2.585797 2.191969 0.947368
v 2.840036 2.244282 0.631579
v 2.491151 2.159958 0.947368
v 2.417721 2.128384 0.947368
v 2.702080 2.221175 0.631579
v 2.999308 2.257979 0.315789
v 2.364710 2.100392 0.947368
v 2.330956 2.078995 0.947368
v 2.585797 2.191969 0.631579
v 2.999308 2.257979 0.157895
v 2.840036 2.244282 0.315789
v 2.491151 2.159958 0.631579
v 2.417721 2.128384 0.631579
v 2.702080 2.221175 0.315789
v 2.840036 2.244282 0.157895
v 2.364710 2.100392 0.631579
v 2.330956 2.078995 0.631579
v 2.585797 2.191969 0.315789
v 2.702080 2.221175 0.157895
v 2.491151 2.159958 0.315789
v 2.585797 2.191969 0.157895
v 2.417721 2.128384 0.315789
v 2.364710 2.100392 0.315789
v 2.491151 2.159958 0.157895
v 2.330956 2.078995 0.315789
v 2.417721 2.128384 0.157895
v 2.364710 2.100392 0.157895
v 2.330956 2.078995 0.157895
v 1.808150 -3.290124 2.842105
v 1.817259 -3.130523 2.842105
v 1.814021 -2.990683 2.842105
v 1.808150 -3.290124 2.526316
v 1.801660 -2.871427 2.842105
v 1.817259 -3.130523 2.526316
v 1.783445 -2.773189 2.842105
v 1.762642 -2.696013 2.842105
v 1.814021 -2.990683 2.526316
v 1.808150 -3.290124 2.210526
v 1.742480 -2.639558 2.842105
v 1.801660 -2.871427 2.526316
v 1.817259 -3.130523 2.210526
v 1.783445 -2.773189 2.526316
v 1.762642 -2.696013 2.526316
v 1.814021 -2.990683 2.210526
v 1.808150 -3.290124 1.894737
v 1.742480 -2.639558 2.526316
v 1.801660 -2.871427 2.210526
v 1.817259 -3.130523 1.894737
v 1.783445 -2.773189 2.210526
v 1.762642 -2.696013 2.210526
v 1.814021 -2.990683 1.894737
v 1.808150 -3.290124 1.578947
v 1.742480 -2.639558 2.210526
v 1.801660 -2.871427 1.894737
v 1.817259 -3.130523 1.578947
v 1.783445 -2.773189 1.894737
v 1.762642 -2.696013 1.894737
v 1.814021 -2.990683 1.578947
v 1.808150 -3.290124 1.263158
v 1.742480 -2.639558 1.894737
v 1.801660 -2.871427 1.578947
v 1.817259 -3.130523 1.263158
v 1.783445 -2.773189 1.578947
v 1.762642 -2.696013 1.578947
v 1.814021 -2.990683 1.263158
v 1.808150 -3.290124 0.947368
v 1.742480 -2.639558 1.578947
v 1.801660 -2.871427 1.263158
v 1.817259 -3.130523 0.947368
v 1.783445 -2.773189 1.263158
v 1.762642 -2.696013 1.263158
v 1.814021 -2.990683 0.947368
v 1.808150 -3.290124 0.631579
v 1.742480 -2.639558 1.263158
v 1.801660 -2.871427 0.947368
v 1.817259 -3.130523 0.631579
v 1.783445 -2.773189 0.947368
v 1.762642 -2.696013 0.947368
v 1.814021 -2.990683 0.631579
v 1.808150 -3.290124 0.315789
v 1.742480 -2.639558 0.947368
v 1.726104 -2.603101 0.947368
v 1.801660 -2.871427 0.631579
v 1.808150 -3.290124 0.157895
v 1.817259 -3.130523 0.315789
v 1.783445 -2.773189 0.631579
v 1.762642 -2.696013 0.631579
v 1.814021 -2.990683 0.315789
v 1.817259 -3.130523 0.157895
v 1.742480 -2.639558 0.631579
v 1.726104 -2.603101 0.631579
v 1.801660 -2.871427 0.315789
v 1.814021 -2.990683 0.157895
v 1.783445 -2.773189 0.315789
v 1.801660 -2.871427 0.157895
v 1.762642 -2.696013 0.315789
v 1.742480 -2.639558 0.315789
v 1.783445 -2.773189 0.157895
v 1.726104 -2.603101 0.315789
v 1.762642 -2.696013 0.157895
v 1.742480 -2.639558 0.157895
v 1.726104 -2.603101 0.157895
v 1.726104 2.603101 2.842105
v 1.742480 2.639558 2.842105
v 1.762642 2.696013 2.842105
v 1.783445 2.773189 2.842105
v 1.801660 2.871427 2.842105
v 1.726104 2.603101 2.526316
v 1.742480 2.639558 2.526316
v 1.814021 2.990683 2.842105
v 1.762642 2.696013 2.526316
v 1.783445 2.773189 2.526316
v 1.817259 3.130523 2.842105
v 1.801660 2.871427 2.526316
v 1.726104 2.603101 2.210526
v 1.742480 2.639558 2.210526
v 1.808150 3.290124 2.842105
v 1.814021 2.990683 2.526316
v 1.762642 2.696013 2.210526
v 1.783445 2.773189 2.210526
v 1.817259 3.130523 2.526316
v 1.801660 2.871427 2.210526
v 1.726104 2.603101 1.894737
v 1.742480 2.639558 1.894737
v 1.808150 3.290124 2.526316
v 1.814021 2.990683 2.210526
v 1.762642 2.696013 1.894737
v 1.783445 2.773189 1.894737
v 1.817259 3.130523 2.210526
v 1.801660 2.871427 1.894737
v 1.726104 2.603101 1.578947
v 1.742480 2.639558 1.578947
v 1.808150 3.290124 2.210526
v 1.814021 2.990683 1.894737
v 1.762642 2.696013 1.578947
v 1.783445 2.773189 1.578947
v 1.817259 3.130523 1.894737
v 1.801660 2.871427 1.578947
v 1.726104 2.603101 1.263158
v 1.742480 2.639558 1.263158
v 1.808150 3.290124 1.894737
v 1.814021 2.990683 1.578947
v 1.762642 2.696013 1.263158
v 1.783445 2.773189 1.263158
v 1.817259 3.130523 1.578947
v 1.801660 2.871427 1.263158
v 1.726104 2.603101 0.947368
v 1.742480 2.639558 0.947368
v 1.808150 3.290124 1.578947
v 1.814021 2.990683 1.263158
v 1.762642 2.696013 0.947368
v 1.783445 2.773189 0.947368
v 1.817259 3.130523 1.263158
v 1.801660 2.871427 0.947368
v 1.726104 2.603101 0.631579
v 1.742480 2.639558 0.631579
v 1.808150 3.290124 1.263158
v 1.814021 2.990683 0.947368
v 1.762642 2.696013 0.631579
v 1.783445 2.773189 0.631579
v 1.817259 3.130523 0.947368
v 1.801660 2.871427 0.631579
v 1.726104 2.603101 0.315789
v 1.742480 2.639558 0.315789
v 1.808150 3.290124 0.947368
v 1.814021 2.990683 0.631579
v 1.762642 2.696013 0.315789
v 1.726104 2.603101 0.157895
v 1.783445 2.773189 0.315789
v 1.742480 2.639558 0.157895
v 1.817259 3.130523 0.631579
v 1.762642 2.696013 0.157895
v 1.801660 2.871427 0.315789
v 1.783445 2.773189 0.157895
v 1.808150 3.290124 0.631579
v 1.814021 2.990683 0.315789
v 1.801660 2.871427 0.157895
v 1.817259 3.130523 0.315789
v 1.814021 2.990683 0.157895
v 1.817259 3.130523 0.157895
v 1.808150 3.290124 0.315789
v 1.808150 3.290124 0.157895
v 0.836935 -3.009171 2.842105
v 0.853763 -3.045421 2.842105
v 0.883226 -3.097629 2.842105
v 0.927928 -3.163890 2.842105
v 0.990243 -3.241989 2.842105
v 0.836935 -3.009171 2.526316
v 0.853763 -3.045421 2.526316
v 1.072276 -3.329427 2.842105
v 0.883226 -3.097629 2.526316
v 0.927928 -3.163890 2.526316
v 1.175840 -3.423450 2.842105
v 0.990243 -3.241989 2.526316
v 0.836935 -3.009171 2.210526
v 0.853763 -3.045421 2.210526
v 1.302423 -3.521082 2.842105
v 1.072276 -3.329427 2.526316
v 0.883226 -3.097629 2.210526
v 0.927928 -3.163890 2.210526
v 1.175840 -3.423450 2.526316
v 0.990243 -3.241989 2.210526
v 0.836935 -3.009171 1.894737
v 0.853763 -3.045421 1.894737
v 1.302423 -3.521082 2.526316
v 1.072276 -3.329427 2.210526
v 0.883226 -3.097629 1.894737
v 0.927928 -3.163890 1.894737
v 1.175840 -3.423450 2.210526
v 0.990243 -3.241989 1.894737
v 0.836935 -3.009171 1.578947
v 0.853763 -3.045421 1.578947
v 1.302423 -3.521082 2.210526
v 1.072276 -3.329427 1.894737
v 0.883226 -3.097629 1.578947
v 0.927928 -3.163890 1.578947
v 1.175840 -3.423450 1.894737
v 0.990243 -3.241989 1.578947
v 0.836935 -3.009171 1.263158
v 0.853763 -3.045421 1.263158
v 1.302423 -3.521082 1.894737
v 1.072276 -3.329427 1.578947
v 0.883226 -3.097629 1.263158
v 0.927928 -3.163890 1.263158
v 1.175840 -3.423450 1.578947
v 0.990243 -3.241989 1.263158
v 0.836935 -3.009171 0.947368
v 0.853763 -3.045421 0.947368
v 1.302423 -3.521082 1.578947
v 1.072276 -3.329427 1.263158
v 0.883226 -3.097629 0.947368
v 0.927928 -3.163890 0.947368
v 1.175840 -3.423450 1.263158
v 0.990243 -3.241989 0.947368
v 0.836935 -3.009171 0.631579
v 0.853763 -3.045421 0.631579
v 1.302423 -3.521082 1.263158
v 1.072276 -3.329427 0.947368
v 0.883226 -3.097629 0.631579
v 0.927928 -3.163890 0.631579
v 1.175840 -3.423450 0.947368
v 0.990243 -3.241989 0.631579
v 0.836935 -3.009171 0.315789
v 0.853763 -3.045421 0.315789
v 1.302423 -3.521082 0.947368
v 1.072276 -3.329427 0.631579
v 0.883226 -3.097629 0.315789
v 0.836935 -3.009171 0.157895
v 0.927928 -3.163890 0.315789
v 0.853763 -3.045421 0.157895
v 1.175840 -3.423450 0.631579
v 0.883226 -3.097629 0.157895
v 0.990243 -3.241989 0.315789
v 0.927928 -3.163890 0.157895
v 1.302423 -3.521082 0.631579
v 1.072276 -3.329427 0.315789
v 0.990243 -3.241989 0.157895
v 1.175840 -3.423450 0.315789
v 1.072276 -3.329427 0.157895
v 1.175840 -3.423450 0.157895
v 1.302423 -3.521082 0.315789
v 1.302423 -3.521082 0.157895
v 1.302423 3.521082 2.842105
v 1.175840 3.423450 2.842105
v 1.072276 3.329427 2.842105
v 1.302423 3.521082 2.526316
v 0.990243 3.241989 2.842105
v 1.175840 3.423450 2.526316
v 0.927928 3.163890 2.842105
v 0.883226 3.097629 2.842105
v 1.072276 3.329427 2.526316
v 1.302423 3.521082 2.210526
v 0.853763 3.045421 2.842105
v 0.990243 3.241989 2.526316
v 1.175840 3.423450 2.210526
v 0.927928 3.163890 2.526316
v 0.883226 3.097629 2.526316
v 1.072276 3.329427 2.210526
v 1.302423 3.521082 1.894737
v 0.853763 3.045421 2.526316
v 0.990243 3.241989 2.210526
v 1.175840 3.423450 1.894737
v 0.927928 3.163890 2.210526
v 0.883226 3.097629 2.210526
v 1.072276 3.329427 1.894737
v 1.302423 3.521082 1.578947
v 0.853763 3.045421 2.210526
v 0.990243 3.241989 1.894737
v 1.175840 3.423450 1.578947
v 0.927928 3.163890 1.894737
v 0.883226 3.097629 1.894737
v 1.072276 3.329427 1.578947
v 1.302423 3.521082 1.263158
v 0.853763 3.045421 1.894737
v 0.990243 3.241989 1.578947
v 1.175840 3.423450 1.263158
v 0.927928 3.163890 1.578947
v 0.883226 3.097629 1.578947
v 1.072276 3.329427 1.263158
v 1.302423 3.521082 0.947368
v 0.853763 3.045421 1.578947
v 0.990243 3.241989 1.263158
v 1.175840 3.423450 0.947368
v 0.927928 3.163890 1.263158
v 0.883226 3.097629 1.263158
v 1.072276 3.329427 0.947368
v 1.302423 3.521082 0.631579
v 0.853763 3.045421 1.263158
v 0.990243 3.241989 0.947368
v 1.175840 3.423450 0.631579
v 0.927928 3.163890 0.947368
v 0.883226 3.097629 0.947368
v 1.072276 3.329427 0.631579
v 1.302423 3.521082 0.315789
v 0.853763 3.045421 0.947368
v 0.836935 3.009171 0.947368
v 0.990243 3.241989 0.631579
v 1.302423 3.521082 0.157895
v 1.175840 3.423450 0.315789
v 0.927928 3.163890 0.631579
v 0.883226 3.097629 0.631579
v 1.072276 3.329427 0.315789
v 1.175840 3.423450 0.157895
v 0.853763 3.045421 0.631579
v 0.836935 3.009171 0.631579
v 0.990243 3.241989 0.315789
v 1.072276 3.329427 0.157895
v 0.927928 3.163890 0.315789
v 0.990243 3.241989 0.157895
v 0.883226 3.097629 0.315789
v 0.853763 3.045421 0.315789
v 0.927928 3.163890 0.157895
v 0.836935 3.009171 0.315789
v 0.883226 3.097629 0.157895
v 0.853763 3.045421 0.157895
v 0.836935 3.009171 0.157895
v -0.257662 -3.745388 2.842105
v -0.163713 -3.616048 2.842105
v -0.090834 -3.496656 2.842105
v -0.257662 -3.745388 2.526316
v -0.036757 -3.389649 2.842105
v -0.163713 -3.616048 2.526316
v 0.001030 -3.297158 2.842105
v 0.025254 -3.220987 2.842105
v -0.090834 -3.496656 2.526316
v -0.257662 -3.745388 2.210526
v 0.038815 -3.162593 2.842105
v -0.036757 -3.389649 2.526316
v -0.163713 -3.616048 2.210526
v 0.001030 -3.297158 2.526316
v 0.025254 -3.220987 2.526316
v -0.090834 -3.496656 2.210526
v -0.257662 -3.745388 1.894737
v 0.038815 -3.162593 2.526316
v -0.036757 -3.389649 2.210526
v -0.163713 -3.616048 1.894737
v 0.001030 -3.297158 2.210526
v 0.025254 -3.220987 2.210526
v -0.090834 -3.496656 1.894737
v -0.257662 -3.745388 1.578947
v 0.038815 -3.162593 2.210526
v -0.036757 -3.389649 1.894737
v -0.163713 -3.616048 1.578947
v 0.001030 -3.297158 1.894737
v 0.025254 -3.220987 1.894737
v -0.090834 -3.496656 1.578947
v -0.257662 -3.745388 1.263158
v 0.038815 -3.162593 1.894737
v -0.036757 -3.389649 1.578947
v -0.163713 -3.616048 1.263158
v 0.001030 -3.297158 1.578947
v 0.025254 -3.220987 1.578947
v -0.090834 -3.496656 1.263158
v -0.257662 -3.745388 0.947368
v 0.038815 -3.162593 1.578947
v -0.036757 -3.389649 1.263158
v -0.163713 -3.616048 0.947368
v 0.001030 -3.297158 1.263158
v 0.025254 -3.220987 1.263158
v -0.090834 -3.496656 0.947368
v -0.257662 -3.745388 0.631579
v 0.038815 -3.162593 1.263158
v -0.036757 -3.389649 0.947368
v -0.163713 -3.616048 0.631579
v 0.001030 -3.297158 0.947368
v 0.025254 -3.220987 0.947368
v -0.090834 -3.496656 0.631579
v -0.257662 -3.745388 0.315789
v 0.038815 -3.162593 0.947368
v 0.044748 -3.123070 0.947368
v -0.036757 -3.389649 0.631579
v -0.257662 -3.745388 0.157895
v -0.163713 -3.616048 0.315789
v 0.001030 -3.297158 0.631579
v 0.025254 -3.220987 0.631579
v -0.090834 -3.496656 0.315789
v -0.163713 -3.616048 0.157895
v 0.038815 -3.162593 0.631579
v 0.044748 -3.123070 0.631579
v -0.036757 -3.389649 0.315789
v -0.090834 -3.496656 0.157895
v 0.001030 -3.297158 0.315789
v -0.036757 -3.389649 0.157895
v 0.025254 -3.220987 0.315789
v 0.038815 -3.162593 0.315789
v 0.001030 -3.297158 0.157895
v 0.044748 -3.123070 0.315789
v 0.025254 -3.220987 0.157895
v 0.038815 -3.162593 0.157895
v 0.044748 -3.123070 0.157895
v 0.044748 3.123070 2.842105
v 0.038815 3.162593 2.842105
v 0.025254 3.220987 2.842105
v 0.001030 3.297158 2.842105
v -0.036757 3.389649 2.842105
v 0.044748 3.123070 2.526316
v 0.038815 3.162593 2.526316
v -0.090834 3.496656 2.842105
v 0.025254 3.220987 2.526316
v 0.001030 3.297158 2.526316
v -0.163713 3.616048 2.842105
v -0.036757 3.389649 2.526316
v 0.044748 3.123070 2.210526
v 0.038815 3.162593 2.210526
v -0.257662 3.745388 2.842105
v -0.090834 3.496656 2.526316
v 0.025254 3.220987 2.210526
v 0.001030 3.297158 2.210526
v -0.163713 3.616048 2.526316
v -0.036757 3.389649 2.210526
v 0.044748 3.123070 1.894737
v 0.038815 3.162593 1.894737
v -0.257662 3.745388 2.526316
v -0.090834 3.496656 2.210526
v 0.025254 3.220987 1.894737
v 0.001030 3.297158 1.894737
v -0.163713 3.616048 2.210526
v -0.036757 3.389649 1.894737
v 0.044748 3.123070 1.578947
v 0.038815 3.162593 1.578947
v -0.257662 3.745388 2.210526
v -0.090834 3.496656 1.894737
v 0.025254 3.220987 1.578947
v 0.001030 3.297158 1.578947
v -0.163713 3.616048 1.894737
v -0.036757 3.389649 1.578947
v 0.044748 3.123070 1.263158
v 0.038815 3.162593 1.263158
v -0.257662 3.745388 1.894737
v -0.090834 3.496656 1.578947
v 0.025254 3.220987 1.263158
v 0.001030 3.297158 1.263158
v -0.163713 3.616048 1.578947
v -0.036757 3.389649 1.263158
v 0.044748 3.123070 0.947368
v 0.038815 3.162593 0.947368
v -0.257662 3.745388 1.578947
v -0.090834 3.496656 1.263158
v 0.025254 3.220987 0.947368
v 0.001030 3.297158 0.947368
v -0.163713 3.616048 1.263158
v -0.036757 3.389649 0.947368
v 0.044748 3.123070 0.631579
v 0.038815 3.162593 0.631579
v -0.257662 3.745388 1.263158
v -0.090834 3.496656 0.947368
v 0.025254 3.220987 0.631579
v 0.001030 3.297158 0.631579
v -0.163713 3.616048 0.947368
v -0.036757 3.389649 0.631579
v 0.044748 3.123070 0.315789
v 0.038815 3.162593 0.315789
v -0.257662 3.745388 0.947368
v -0.090834 3.496656 0.631579
v 0.025254 3.220987 0.315789
v 0.044748 3.123070 0.157895
v 0.001030 3.297158 0.315789
v 0.038815 3.162593 0.157895
v -0.163713 3.616048 0.631579
v 0.025254 3.220987 0.157895
v -0.036757 3.389649 0.315789
v 0.001030 3.297158 0.157895
v -0.257662 3.745388 0.631579
v -0.090834 3.496656 0.315789
v -0.036757 3.389649 0.157895
v -0.163713 3.616048 0.315789
v -0.090834 3.496656 0.157895
v -0.163713 3.616048 0.157895
v -0.257662 3.745388 0.315789
v -0.257662 3.745388 0.157895
v -0.922806 -2.983957 2.842105
v -0.928248 -3.023550 2.842105
v -0.931688 -3.083399 2.842105
v -0.929905 -3.163310 2.842105
v -0.919706 -3.262700 2.842105
v -0.922806 -2.983957 2.526316
v -0.928248 -3.023550 2.526316
v -0.897968 -3.380608 2.842105
v -0.931688 -3.083399 2.526316
v -0.929905 -3.163310 2.526316
v -0.861677 -3.515696 2.842105
v -0.919706 -3.262700 2.526316
v -0.922806 -2.983957 2.210526
v -0.928248 -3.023550 2.210526
v -0.807972 -3.666265 2.842105
v -0.897968 -3.380608 2.526316
v -0.931688 -3.083399 2.210526
v -0.929905 -3.163310 2.210526
v -0.861677 -3.515696 2.526316
v -0.919706 -3.262700 2.210526
v -0.922806 -2.983957 1.894737
v -0.928248 -3.023550 1.894737
v -0.807972 -3.666265 2.526316
v -0.897968 -3.380608 2.210526
v -0.931688 -3.083399 1.894737
v -0.929905 -3.163310 1.894737
v -0.861677 -3.515696 2.210526
v -0.919706 -3.262700 1.894737
v -0.922806 -2.983957 1.578947
v -0.928248 -3.023550 1.578947
v -0.807972 -3.666265 2.210526
v -0.897968 -3.380608 1.894737
v -0.931688 -3.083399 1.578947
v -0.929905 -3.163310 1.578947
v -0.861677 -3.515696 1.894737
v -0.919706 -3.262700 1.578947
v -0.922806 -2.983957 1.263158
v -0.928248 -3.023550 1.263158
v -0.807972 -3.666265 1.894737
v -0.897968 -3.380608 1.578947
v -0.931688 -3.083399 1.263158
v -0.929905 -3.163310 1.263158
v -0.861677 -3.515696 1.578947
v -0.919706 -3.262700 1.263158
v -0.922806 -2.983957 0.947368
v -0.928248 -3.023550 0.947368
v -0.807972 -3.666265 1.578947
v -0.897968 -3.380608 1.263158
v -0.931688 -3.083399 0.947368
v -0.929905 -3.163310 0.947368
v -0.861677 -3.515696 1.263158
v -0.919706 -3.262700 0.947368
v -0.922806 -2.983957 0.631579
v -0.928248 -3.023550 0.631579
v -0.807972 -3.666265 1.263158
v -0.897968 -3.380608 0.947368
v -0.931688 -3.083399 0.631579
v -0.929905 -3.163310 0.631579
v -0.861677 -3.515696 0.947368
v -0.919706 -3.262700 0.631579
v -0.922806 -2.983957 0.315789
v -0.928248 -3.023550 0.315789
v -0.807972 -3.666265 0.947368
v -0.897968 -3.380608 0.631579
v -0.931688 -3.083399 0.315789
v -0.922806 -2.983957 0.157895
v -0.929905 -3.163310 0.315789
v -0.928248 -3.023550 0.157895
v -0.861677 -3.515696 0.631579
v -0.931688 -3.083399 0.157895
v -0.919706 -3.262700 0.315789
v -0.929905 -3.163310 0.157895
v -0.807972 -3.666265 0.631579
v -0.897968 -3.380608 0.315789
v -0.919706 -3.262700 0.157895
v -0.861677 -3.515696 0.315789
v -0.897968 -3.380608 0.157895
v -0.861677 -3.515696 0.157895
v -0.807972 -3.666265 0.315789
v -0.807972 -3.666265 0.157895
v -0.807972 3.666265 2.842105
v -0.861677 3.515696 2.842105
v -0.897968 3.380608 2.842105
v -0.807972 3.666265 2.526316
v -0.919706 3.262700 2.842105
v -0.861677 3.515696 2.526316
v -0.929905 3.163310 2.842105
v -0.931688 3.083399 2.842105
v -0.897968 3.380608 2.526316
v -0.807972 3.666265 2.210526
v -0.928248 3.023550 2.842105
v -0.919706 3.262700 2.526316
v -0.861677 3.515696 2.210526
v -0.929905 3.163310 2.526316
v -0.931688 3.083399 2.526316
v -0.897968 3.380608 2.210526
v -0.807972 3.666265 1.894737
v -0.928248 3.023550 2.526316
v -0.919706 3.262700 2.210526
v -0.861677 3.515696 1.894737
v -0.929905 3.163310 2.210526
v -0.931688 3.083399 2.210526
v -0.897968 3.380608 1.894737
v -0.807972 3.666265 1.578947
v -0.928248 3.023550 2.210526
v -0.919706 3.262700 1.894737
v -0.861677 3.515696 1.578947
v -0.929905 3.163310 1.894737
v -0.931688 3.083399 1.894737
v -0.897968 3.380608 1.578947
v -0.807972 3.666265 1.263158
v -0.928248 3.023550 1.894737
v -0.919706 3.262700 1.578947
v -0.861677 3.515696 1.263158
v -0.929905 3.163310 1.578947
v -0.931688 3.083399 1.578947
v -0.897968 3.380608 1.263158
v -0.807972 3.666265 0.947368
v -0.928248 3.023550 1.578947
v -0.919706 3.262700 1.263158
v -0.861677 3.515696 0.947368
v -0.929905 3.163310 1.263158
v -0.931688 3.083399 1.263158
v -0.897968 3.380608 0.947368
v -0.807972 3.666265 0.631579
v -0.928248 3.023550 1.263158
v -0.919706 3.262700 0.947368
v -0.861677 3.515696 0.631579
v -0.929905 3.163310 0.947368
v -0.931688 3.083399 0.947368
v -0.897968 3.380608 0.631579
v -0.807972 3.666265 0.315789
v -0.928248 3.023550 0.947368
v -0.922806 2.983957 0.947368
v -0.919706 3.262700 0.631579
v -0.807972 3.666265 0.157895
v -0.861677 3.515696 0.315789
v -0.929905 3.163310 0.631579
v -0.931688 3.083399 0.631579
v -0.897968 3.380608 0.315789
v -0.861677 3.515696 0.157895
v -0.928248 3.023550 0.631579
v -0.922806 2.983957 0.631579
v -0.919706 3.262700 0.315789
v -0.897968 3.380608 0.157895
v -0.929905 3.163310 0.315789
v -0.919706 3.262700 0.157895
v -0.931688 3.083399 0.315789
v -0.928248 3.023550 0.315789
v -0.929905 3.163310 0.157895
v -0.922806 2.983957 0.315789
v -0.931688 3.083399 0.157895
v -0.928248 3.023550 0.157895
v -0.922806 2.983957 0.157895
v -2.241669 -3.011518 2.842105
v -2.092707 -2.953504 2.842105
v -1.966849 -2.892466 2.842105
v -2.241669 -3.011518 2.526316
v -1.863505 -2.831682 2.842105
v -2.092707 -2.953504 2.526316
v -1.781711 -2.774302 2.842105
v -1.720152 -2.723320 2.842105
v -1.966849 -2.892466 2.526316
v -2.241669 -3.011518 2.210526
v -1.677174 -2.681527 2.842105
v -1.863505 -2.831682 2.526316
v -2.092707 -2.953504 2.210526
v -1.781711 -2.774302 2.526316
v -1.720152 -2.723320 2.526316
v -1.966849 -2.892466 2.210526
v -2.241669 -3.011518 1.894737
v -1.677174 -2.681527 2.526316
v -1.863505 -2.831682 2.210526
v -2.092707 -2.953504 1.894737
v -1.781711 -2.774302 2.210526
v -1.720152 -2.723320 2.210526
v -1.966849 -2.892466 1.894737
v -2.241669 -3.011518 1.578947
v -1.677174 -2.681527 2.210526
v -1.863505 -2.831682 1.894737
v -2.092707 -2.953504 1.578947
v -1.781711 -2.774302 1.894737
v -1.720152 -2.723320 1.894737
v -1.966849 -2.892466 1.578947
v -2.241669 -3.011518 1.263158
v -1.677174 -2.681527 1.894737
v -1.863505 -2.831682 1.578947
v -2.092707 -2.953504 1.263158
v -1.781711 -2.774302 1.578947
v -1.720152 -2.723320 1.578947
v -1.966849 -2.892466 1.263158
v -2.241669 -3.011518 0.947368
v -1.677174 -2.681527 1.578947
v -1.863505 -2.831682 1.263158
v -2.092707 -2.953504 0.947368
v -1.781711 -2.774302 1.263158
v -1.720152 -2.723320 1.263158
v -1.966849 -2.892466 0.947368
v -2.241669 -3.011518 0.631579
v -1.677174 -2.681527 1.263158
v -1.863505 -2.831682 0.947368
v -2.092707 -2.953504 0.631579
v -1.781711 -2.774302 0.947368
v -1.720152 -2.723320 0.947368
v -1.966849 -2.892466 0.631579
v -2.241669 -3.011518 0.315789
v -1.677174 -2.681527 0.947368
v -1.650815 -2.651487 0.947368
v -1.863505 -2.831682 0.631579
v -2.241669 -3.011518 0.157895
v -2.092707 -2.953504 0.315789
v -1.781711 -2.774302 0.631579
v -1.720152 -2.723320 0.631579
v -1.966849 -2.892466 0.315789
v -2.092707 -2.953504 0.157895
v -1.677174 -2.681527 0.631579
v -1.650815 -2.651487 0.631579
v -1.863505 -2.831682 0.315789
v -1.966849 -2.892466 0.157895
v -1.781711 -2.774302 0.315789
v -1.863505 -2.831682 0.157895
v -1.720152 -2.723320 0.315789
v -1.677174 -2.681527 0.315789
v -1.781711 -2.774302 0.157895
v -1.650815 -2.651487 0.315789
v -1.720152 -2.723320 0.157895
v -1.677174 -2.681527 0.157895
v -1.650815 -2.651487 0.157895
v -1.650815 2.651487 2.842105
v -1.677174 2.681527 2.842105
v -1.720152 2.723320 2.842105
v -1.781711 2.774302 2.842105
v -1.863505 2.831682 2.842105
v -1.650815 2.651487 2.526316
v -1.677174 2.681527 2.526316
v -1.966849 2.892466 2.842105
v -1.720152 2.723320 2.526316
v -1.781711 2.774302 2.526316
v -2.092707 2.953504 2.842105
v -1.863505 2.831682 2.526316
v -1.650815 2.651487 2.210526
v -1.677174 2.681527 2.210526
v -2.241669 3.011518 2.842105
v -1.966849 2.892466 2.526316
v -1.720152 2.723320 2.210526
v -1.781711 2.774302 2.210526
v -2.092707 2.953504 2.526316
v -1.863505 2.831682 2.210526
v -1.650815 2.651487 1.894737
v -1.677174 2.681527 1.894737
v -2.241669 3.011518 2.526316
v -1.966849 2.892466 2.210526
v -1.720152 2.723320 1.894737
v -1.781711 2.774302 1.894737
v -2.092707 2.953504 2.210526
v -1.863505 2.831682 1.894737
v -1.650815 2.651487 1.578947
v -1.677174 2.681527 1.578947
v -2.241669 3.011518 2.210526
v -1.966849 2.892466 1.894737
v -1.720152 2.723320 1.578947
v -1.781711 2.774302 1.578947
v -2.092707 2.953504 1.894737
v -1.863505 2.831682 1.578947
v -1.650815 2.651487 1.263158
v -1.677174 2.681527 1.263158
v -2.241669 3.011518 1.894737
v -1.966849 2.892466 1.578947
v -1.720152 2.723320 1.263158
v -1.781711 2.774302 1.263158
v -2.092707 2.953504 1.578947
v -1.863505 2.831682 1.263158
v -1.650815 2.651487 0.947368
v -1.677174 2.681527 0.947368
v -2.241669 3.011518 1.578947
v -1.966849 2.892466 1.263158
v -1.720152 2.723320 0.947368
v -1.781711 2.774302 0.947368
v -2.092707 2.953504 1.263158
v -1.863505 2.831682 0.947368
v -1.650815 2.651487 0.631579
v -1.677174 2.681527 0.631579
v -2.241669 3.011518 1.263158
v -1.966849 2.892466 0.947368
v -1.720152 2.723320 0.631579
v -1.781711 2.774302 0.631579
v -2.092707 2.953504 0.947368
v -1.863505 2.831682 0.631579
v -1.650815 2.651487 0.315789
v -1.677174 2.681527 0.315789
v -2.241669 3.011518 0.947368
v -1.966849 2.892466 0.631579
v -1.720152 2.723320 0.315789
v -1.650815 2.651487 0.157895
v -1.781711 2.774302 0.315789
v -1.677174 2.681527 0.157895
v -2.092707 2.953504 0.631579
v -1.720152 2.723320 0.157895
v -1.863505 2.831682 0.315789
v -1.781711 2.774302 0.157895
v -2.241669 3.011518 0.631579
v -1.966849 2.892466 0.315789
v -1.863505 2.831682 0.157895
v -2.092707 2.953504 0.315789
v -1.966849 2.892466 0.157895
v -2.092707 2.953504 0.157895
v -2.241669 3.011518 0.315789
v -2.241669 3.011518 0.157895
v -2.389563 -2.011358 2.842105
v -2.415546 -2.041724 2.842105
v -2.450797 -2.090212 2.842105
v -2.492500 -2.158401 2.842105
v -2.537655 -2.247527 2.842105
v -2.389563 -2.011358 2.526316
v -2.415546 -2.041724 2.526316
v -2.583113 -2.358471 2.842105
v -2.450797 -2.090212 2.526316
v -2.492500 -2.158401 2.526316
v -2.625618 -2.491734 2.842105
v -2.537655 -2.247527 2.526316
v -2.389563 -2.011358 2.210526
v -2.415546 -2.041724 2.210526
v -2.661842 -2.647436 2.842105
v -2.583113 -2.358471 2.526316
v -2.450797 -2.090212 2.210526
v -2.492500 -2.158401 2.210526
v -2.625618 -2.491734 2.526316
v -2.537655 -2.247527 2.210526
v -2.389563 -2.011358 1.894737
v -2.415546 -2.041724 1.894737
v -2.661842 -2.647436 2.526316
v -2.583113 -2.358471 2.210526
v -2.450797 -2.090212 1.894737
v -2.492500 -2.158401 1.894737
v -2.625618 -2.491734 2.210526
v -2.537655 -2.247527 1.894737
v -2.389563 -2.011358 1.578947
v -2.415546 -2.041724 1.578947
v -2.661842 -2.647436 2.210526
v -2.583113 -2.358471 1.894737
v -2.450797 -2.090212 1.578947
v -2.492500 -2.158401 1.578947
v -2.625618 -2.491734 1.894737
v -2.537655 -2.247527 1.578947
v -2.389563 -2.011358 1.263158
v -2.415546 -2.041724 1.263158
v -2.661842 -2.647436 1.894737
v -2.583113 -2.358471 1.578947
v -2.450797 -2.090212 1.263158
v -2.492500 -2.158401 1.263158
v -2.625618 -2.491734 1.578947
v -2.537655 -2.247527 1.263158
v -2.389563 -2.011358 0.947368
v -2.415546 -2.041724 0.947368
v -2.661842 -2.647436 1.578947
v -2.583113 -2.358471 1.263158
v -2.450797 -2.090212 0.947368
v -2.492500 -2.158401 0.947368
v -2.625618 -2.491734 1.263158
v -2.537655 -2.247527 0.947368
v -2.389563 -2.011358 0.631579
v -2.415546 -2.041724 0.631579
v -2.661842 -2.647436 1.263158
v -2.583113 -2.358471 0.947368
v -2.450797 -2.090212 0.631579
v -2.492500 -2.158401 0.631579
v -2.625618 -2.491734 0.947368
v -2.537655 -2.247527 0.631579
v -2.389563 -2.011358 0.315789
v -2.415546 -2.041724 0.315789
v -2.661842 -2.647436 0.947368
v -2.583113 -2.358471 0.631579
v -2.450797 -2.090212 0.315789
v -2.389563 -2.011358 0.157895
v -2.492500 -2.158401 0.315789
v -2.415546 -2.041724 0.157895
v -2.625618 -2.491734 0.631579
v -2.450797 -2.090212 0.157895
v -2.537655 -2.247527 0.315789
v -2.492500 -2.158401 0.157895
v -2.661842 -2.647436 0.631579
v -2.583113 -2.358471 0.315789
v -2.537655 -2.247527 0.157895
v -2.625618 -2.491734 0.315789
v -2.583113 -2.358471 0.157895
v -2.625618 -2.491734 0.157895
v -2.661842 -2.647436 0.315789
v -2.661842 -2.647436 0.157895
v -2.661842 2.647436 2.842105
v -2.625618 2.491734 2.842105
v -2.583113 2.358471 2.842105
v -2.661842 2.647436 2.526316
v -2.537655 2.247527 2.842105
v -2.625618 2.491734 2.526316
v -2.492500 2.158401 2.842105
v -2.450797 2.090212 2.842105
v -2.583113 2.358471 2.526316
v -2.661842 2.647436 2.210526
v -2.415546 2.041724 2.842105
v -2.537655 2.247527 2.526316
v -2.625618 2.491734 2.210526
v -2.492500 2.158401 2.526316
v -2.450797 2.090212 2.526316
v -2.583113 2.358471 2.210526
v -2.661842 2.647436 1.894737
v -2.415546 2.041724 2.526316
v -2.537655 2.247527 2.210526
v -2.625618 2.491734 1.894737
v -2.492500 2.158401 2.210526
v -2.450797 2.090212 2.210526
v -2.583113 2.358471 1.894737
v -2.661842 2.647436 1.578947
v -2.415546 2.041724 2.210526
v -2.537655 2.247527 1.894737
v -2.625618 2.491734 1.578947
v -2.492500 2.158401 1.894737
v -2.450797 2.090212 1.894737
v -2.583113 2.358471 1.578947
v -2.661842 2.647436 1.263158
v -2.415546 2.041724 1.894737
v -2.537655 2.247527 1.578947
v -2.625618 2.491734 1.263158
v -2.492500 2.158401 1.578947
v -2.450797 2.090212 1.578947
v -2.583113 2.358471 1.263158
v -2.661842 2.647436 0.947368
v -2.415546 2.041724 1.578947
v -2.537655 2.247527 1.263158
v -2.625618 2.491734 0.947368
v -2.492500 2.158401 1.263158
v -2.450797 2.090212 1.263158
v -2.583113 2.358471 0.947368
v -2.661842 2.647436 0.631579
v -2.415546 2.041724 1.263158
v -2.537655 2.247527 0.947368
v -2.625618 2.491734 0.631579
v -2.492500 2.158401 0.947368
v -2.450797 2.090212 0.947368
v -2.583113 2.358471 0.631579
v -2.661842 2.647436 0.315789
v -2.415546 2.041724 0.947368
v -2.389563 2.011358 0.947368
v -2.537655 2.247527 0.631579
v -2.661842 2.647436 0.157895
v -2.625618 2.491734 0.315789
v -2.492500 2.158401 0.631579
v -2.450797 2.090212 0.631579
v -2.583113 2.358471 0.315789
v -2.625618 2.491734 0.157895
v -2.415546 2.041724 0.631579
v -2.389563 2.011358 0.631579
v -2.537655 2.247527 0.315789
v -2.583113 2.358471 0.157895
v -2.492500 2.158401 0.315789
v -2.537655 2.247527 0.157895
v -2.450797 2.090212 0.315789
v -2.415546 2.041724 0.315789
v -2.492500 2.158401 0.157895
v -2.389563 2.011358 0.315789
v -2.450797 2.090212 0.157895
v -2.415546 2.041724 0.157895
v -2.389563 2.011358 0.157895
v -3.513962 -1.321512 2.842105
v -3.357282 -1.353242 2.842105
v -3.218404 -1.369938 2.842105
v -3.513962 -1.321512 2.526316
v -3.098603 -1.374675 2.842105
v -3.357282 -1.353242 2.526316
v -2.998772 -1.370626 2.842105
v -2.919422 -1.361018 2.842105
v -3.218404 -1.369938 2.526316
v -3.513962 -1.321512 2.210526
v -2.860672 -1.349096 2.842105
v -3.098603 -1.374675 2.526316
v -3.357282 -1.353242 2.210526
v -2.998772 -1.370626 2.526316
v -2.919422 -1.361018 2.526316
v -3.218404 -1.369938 2.210526
v -3.513962 -1.321512 1.894737
v -2.860672 -1.349096 2.526316
v -3.098603 -1.374675 2.210526
v -3.357282 -1.353242 1.894737
v -2.998772 -1.370626 2.210526
v -2.919422 -1.361018 2.210526
v -3.218404 -1.369938 1.894737
v -3.513962 -1.321512 1.578947
v -2.860672 -1.349096 2.210526
v -3.098603 -1.374675 1.894737
v -3.357282 -1.353242 1.578947
v -2.998772 -1.370626 1.894737
v -2.919422 -1.361018 1.894737
v -3.218404 -1.369938 1.578947
v -3.513962 -1.321512 1.263158
v -2.860672 -1.349096 1.894737
v -3.098603 -1.374675 1.578947
v -3.357282 -1.353242 1.263158
v -2.998772 -1.370626 1.578947
v -2.919422 -1.361018 1.578947
v -3.218404 -1.369938 1.263158
v -3.513962 -1.321512 0.947368
v -2.860672 -1.349096 1.578947
v -3.098603 -1.374675 1.263158
v -3.357282 -1.353242 0.947368
v -2.998772 -1.370626 1.263158
v -2.919422 -1.361018 1.263158
v -3.218404 -1.369938 0.947368
v -3.513962 -1.321512 0.631579
v -2.860672 -1.349096 1.263158
v -3.098603 -1.374675 0.947368
v -3.357282 -1.353242 0.631579
v -2.998772 -1.370626 0.947368
v -2.919422 -1.361018 0.947368
v -3.218404 -1.369938 0.631579
v -3.513962 -1.321512 0.315789
v -2.860672 -1.349096 0.947368
v -2.822256 -1.338075 0.947368
v -3.098603 -1.374675 0.631579
v -3.513962 -1.321512 0.157895
v -3.357282 -1.353242 0.315789
v -2.998772 -1.370626 0.631579
v -2.919422 -1.361018 0.631579
v -3.218404 -1.369938 0.315789
v -3.357282 -1.353242 0.157895
v -2.860672 -1.349096 0.631579
v -2.822256 -1.338075 0.631579
v -3.098603 -1.374675 0.315789
v -3.218404 -1.369938 0.157895
v -2.998772 -1.370626 0.315789
v -3.098603 -1.374675 0.157895
v -2.919422 -1.361018 0.315789
v -2.860672 -1.349096 0.315789
v -2.998772 -1.370626 0.157895
v -2.822256 -1.338075 0.315789
v -2.919422 -1.361018 0.157895
v -2.860672 -1.349096 0.157895
v -2.822256 -1.338075 0.157895
v -2.822256 1.338075 2.842105
v -2.860672 1.349096 2.842105
v -2.919422 1.361018 2.842105
v -2.998772 1.370626 2.842105
v -3.098603 1.374675 2.842105
v -2.822256 1.338075 2.526316
v -2.860672 1.349096 2.526316
v -3.218404 1.369938 2.842105
v -2.919422 1.361018 2.526316
v -2.998772 1.370626 2.526316
v -3.357282 1.353242 2.842105
v -3.098603 1.374675 2.526316
v -2.822256 1.338075 2.210526
v -2.860672 1.349096 2.210526
v -3.513962 1.321512 2.842105
v -3.218404 1.369938 2.526316
v -2.919422 1.361018 2.210526
v -2.998772 1.370626 2.210526
v -3.357282 1.353242 2.526316
v -3.098603 1.374675 2.210526
v -2.822256 1.338075 1.894737
v -2.860672 1.349096 1.894737
v -3.513962 1.321512 2.526316
v -3.218404 1.369938 2.210526
v -2.919422 1.361018 1.894737
v -2.998772 1.370626 1.894737
v -3.357282 1.353242 2.210526
v -3.098603 1.374675 1.894737
v -2.822256 1.338075 1.578947
v -2.860672 1.349096 1.578947
v -3.513962 1.321512 2.210526
v -3.218404 1.369938 1.894737
v -2.919422 1.361018 1.578947
v -2.998772 1.370626 1.578947
v -3.357282 1.353242 1.894737
v -3.098603 1.374675 1.578947
v -2.822256 1.338075 1.263158
v -2.860672 1.349096 1.263158
v -3.513962 1.321512 1.894737
v -3.218404 1.369938 1.578947
v -2.919422 1.361018 1.263158
v -2.998772 1.370626 1.263158
v -3.357282 1.353242 1.578947
v -3.098603 1.374675 1.263158
v -2.822256 1.338075 0.947368
v -2.860672 1.349096 0.947368
v -3.513962 1.321512 1.578947
v -3.218404 1.369938 1.263158
v -2.919422 1.361018 0.947368
v -2.998772 1.370626 0.947368
v -3.357282 1.353242 1.263158
v -3.098603 1.374675 0.947368
v -2.822256 1.338075 0.631579
v -2.860672 1.349096 0.631579
v -3.513962 1.321512 1.263158
v -3.218404 1.369938 0.947368
v -2.919422 1.361018 0.631579
v -2.998772 1.370626 0.631579
v -3.357282 1.353242 0.947368
v -3.098603 1.374675 0.631579
v -2.822256 1.338075 0.315789
v -2.860672 1.349096 0.315789
v -3.513962 1.321512 0.947368
v -3.218404 1.369938 0.631579
v -2.919422 1.361018 0.315789
v -2.822256 1.338075 0.157895
v -2.998772 1.370626 0.315789
v -2.860672 1.349096 0.157895
v -3.357282 1.353242 0.631579
v -2.919422 1.361018 0.157895
v -3.098603 1.374675 0.315789
v -2.998772 1.370626 0.157895
v -3.513962 1.321512 0.631579
v -3.218404 1.369938 0.315789
v -3.098603 1.374675 0.157895
v -3.357282 1.353242 0.315789
v -3.218404 1.369938 0.157895
v -3.357282 1.353242 0.157895
v -3.513962 1.321512 0.315789
v -3.513962 1.321512 0.157895
v -3.097651 -0.400167 2.842105
v -3.135926 -0.411664 2.842105
v -3.191796 -0.433397 2.842105
v -3.263744 -0.468215 2.842105
v -3.349916 -0.518781 2.842105
v -3.097651 -0.400167 2.526316
v -3.135926 -0.411664 2.526316
v -3.448138 -0.587535 2.842105
v -3.191796 -0.433397 2.526316
v -3.263744 -0.468215 2.526316
v -3.555943 -0.676664 2.842105
v -3.349916 -0.518781 2.526316
v -3.097651 -0.400167 2.210526
v -3.135926 -0.411664 2.210526
v -3.670596 -0.788064 2.842105
v -3.448138 -0.587535 2.526316
v -3.191796 -0.433397 2.210526
v -3.263744 -0.468215 2.210526
v -3.555943 -0.676664 2.526316
v -3.349916 -0.518781 2.210526
v -3.097651 -0.400167 1.894737
v -3.135926 -0.411664 1.894737
v -3.670596 -0.788064 2.526316
v -3.448138 -0.587535 2.210526
v -3.191796 -0.433397 1.894737
v -3.263744 -0.468215 1.894737
v -3.555943 -0.676664 2.210526
v -3.349916 -0.518781 1.894737
v -3.097651 -0.400167 1.578947
v -3.135926 -0.411664 1.578947
v -3.670596 -0.788064 2.210526
v -3.448138 -0.587535 1.894737
v -3.191796 -0.433397 1.578947
v -3.263744 -0.468215 1.578947
v -3.555943 -0.676664 1.894737
v -3.349916 -0.518781 1.578947
v -3.097651 -0.400167 1.263158
v -3.135926 -0.411664 1.263158
v -3.670596 -0.788064 1.894737
v -3.448138 -0.587535 1.578947
v -3.191796 -0.433397 1.263158
v -3.263744 -0.468215 1.263158
v -3.555943 -0.676664 1.578947
v -3.349916 -0.518781 1.263158
v -3.097651 -0.400167 0.947368
v -3.135926 -0.411664 0.947368
v -3.670596 -0.788064 1.578947
v -3.448138 -0.587535 1.263158
v -3.191796 -0.433397 0.947368
v -3.263744 -0.468215 0.947368
v -3.555943 -0.676664 1.263158
v -3.349916 -0.518781 0.947368
v -3.097651 -0.400167 0.631579
v -3.135926 -0.411664 0.631579
v -3.670596 -0.788064 1.263158
v -3.448138 -0.587535 0.947368
v -3.191796 -0.433397 0.631579
v -3.263744 -0.468215 0.631579
v -3.555943 -0.676664 0.947368
v -3.349916 -0.518781 0.631579
v -3.097651 -0.400167 0.315789
v -3.135926 -0.411664 0.315789
v -3.670596 -0.788064 0.947368
v -3.448138 -0.587535 0.631579
v -3.191796 -0.433397 0.315789
v -3.097651 -0.400167 0.157895
v -3.263744 -0.468215 0.315789
v -3.135926 -0.411664 0.157895
v -3.555943 -0.676664 0.631579
v -3.191796 -0.433397 0.157895
v -3.349916 -0.518781 0.315789
v -3.263744 -0.468215 0.157895
v -3.670596 -0.788064 0.631579
v -3.448138 -0.587535 0.315789
v -3.349916 -0.518781 0.157895
v -3.555943 -0.676664 0.315789
v -3.448138 -0.587535 0.157895
v -3.555943 -0.676664 0.157895
v -3.670596 -0.788064 0.315789
v -3.670596 -0.788064 0.157895
v -3.670596 0.788064 2.842105
v -3.555943 0.676664 2.842105
v -3.448138 0.587535 2.842105
v -3.670596 0.788064 2.526316
v -3.349916 0.518781 2.842105
v -3.555943 0.676664 2.526316
v -3.263744 0.468215 2.842105
v -3.191796 0.433397 2.842105
v -3.448138 0.587535 2.526316
v -3.670596 0.788064 2.210526
v -3.135926 0.411664 2.842105
v -3.349916 0.518781 2.526316
v -3.555943 0.676664 2.210526
v -3.263744 0.468215 2.526316
v -3.191796 0.433397 2.526316
v -3.448138 0.587535 2.210526
v -3.670596 0.788064 1.894737
v -3.135926 0.411664 2.526316
v -3.349916 0.518781 2.210526
v -3.555943 0.676664 1.894737
v -3.263744 0.468215 2.210526
v -3.191796 0.433397 2.210526
v -3.448138 0.587535 1.894737
v -3.670596 0.788064 1.578947
v -3.135926 0.411664 2.210526
v -3.349916 0.518781 1.894737
v -3.555943 0.676664 1.578947
v -3.263744 0.468215 1.894737
v -3.191796 0.433397 1.894737
v -3.448138 0.587535 1.578947
v -3.670596 0.788064 1.263158
v -3.135926 0.411664 1.894737
v -3.349916 0.518781 1.578947
v -3.555943 0.676664 1.263158
v -3.263744 0.468215 1.578947
v -3.191796 0.433397 1.578947
v -3.448138 0.587535 1.263158
v -3.670596 0.788064 0.947368
v -3.135926 0.411664 1.578947
v -3.349916 0.518781 1.263158
v -3.555943 0.676664 0.947368
v -3.263744 0.468215 1.263158
v -3.191796 0.433397 1.263158
v -3.448138 0.587535 0.947368
v -3.670596 0.788064 0.631579
v -3.135926 0.411664 1.263158
v -3.349916 0.518781 0.947368
v -3.555943 0.676664 0.631579
v -3.263744 0.468215 0.947368
v -3.191796 0.433397 0.947368
v -3.448138 0.587535 0.631579
v -3.670596 0.788064 0.315789
v -3.135926 0.411664 0.947368
v -3.097651 0.400167 0.947368
v -3.349916 0.518781 0.631579
v -3.670596 0.788064 0.157895
v -3.555943 0.676664 0.315789
v -3.263744 0.468215 0.631579
v -3.191796 0.433397 0.631579
v -3.448138 0.587535 0.315789
v -3.555943 0.676664 0.157895
v -3.135926 0.411664 0.631579
v -3.097651 0.400167 0.631579
v -3.349916 0.518781 0.315789
v -3.448138 0.587535 0.157895
v -3.263744 0.468215 0.315789
v -3.349916 0.518781 0.157895
v -3.191796 0.433397 0.315789
v -3.135926 0.411664 0.315789
v -3.263744 0.468215 0.157895
v -3.097651 0.400167 0.315789
v -3.191796 0.433397 0.157895
v -3.135926 0.411664 0.157895
v -3.097651 0.400167 0.157895
vn 1.000000 0.000000 0.000000
vn 1.000000 -0.000000 0.000000
vn -0.010860 -0.999896 0.009467
vn 0.006211 -0.999974 0.003770
vn 0.085277 -0.996354 -0.002623
vn 0.181905 -0.982672 0.035592
vn 0.164322 -0.986179 0.021188
vn 0.242613 -0.970122 -0.001341
vn -0.077340 -0.997005 0.000000
vn 0.006211 -0.999981 0.000000
vn 0.006211 -0.999981 0.000000
vn 0.355151 -0.934264 0.031922
vn 0.319422 -0.947611 0.001586
vn 0.085277 -0.996357 0.000000
vn 0.085277 -0.996357 0.000000
vn 0.164359 -0.986401 0.000000
vn 0.164359 -0.986401 0.000000
vn 0.465192 -0.885205 0.002828
vn 0.394243 -0.919003 -0.002432
vn 0.242613 -0.970123 0.000000
vn 0.242613 -0.970123 0.000000
vn -0.077340 -0.997005 0.000000
vn 0.006211 -0.999981 0.000000
vn 0.006211 -0.999981 0.000000
vn 0.536827 -0.843691 -0.001218
vn 0.466572 -0.884483 0.001205
vn 0.319423 -0.947612 0.000000
vn 0.319423 -0.947612 0.000000
vn 0.085277 -0.996357 0.000000
vn 0.085277 -0.996357 0.000000
vn 0.164359 -0.986401 0.000000
vn 0.164359 -0.986401 0.000000
vn 0.394244 -0.919006 0.000000
vn 0.394244 -0.919006 0.000000
vn 0.242613 -0.970123 0.000000
vn 0.242613 -0.970123 0.000000
vn -0.077340 -0.997005 0.000000
vn 0.006211 -0.999981 0.000000
vn 0.006211 -0.999981 0.000000
vn 0.535925 -0.844266 0.000000
vn 0.466572 -0.884483 0.000000
vn 0.466572 -0.884483 0.000000
vn 0.319423 -0.947612 0.000000
vn 0.319423 -0.947612 0.000000
vn 0.085277 -0.996357 0.000000
vn 0.085277 -0.996357 0.000000
vn 0.164359 -0.986401 0.000000
vn 0.164359 -0.986401 0.000000
vn 0.394244 -0.919006 0.000000
vn 0.394244 -0.919006 0.000000
vn 0.242613 -0.970123 0.000000
vn 0.242613 -0.970123 0.000000
vn -0.077340 -0.997005 0.000000
vn -0.077340 -0.997005 0.000000
vn 0.006211 -0.999981 0.000000
vn 0.006211 -0.999981 0.000000
vn 0.466572 -0.884483 0.000000
vn 0.535925 -0.844266 0.000000
vn 0.466572 -0.884483 0.000000
vn 0.319423 -0.947612 0.000000
vn 0.319423 -0.947612 0.000000
vn 0.085277 -0.996357 0.000000
vn 0.085277 -0.996357 0.000000
vn 0.164359 -0.986401 0.000000
vn 0.164359 -0.986401 0.000000
vn 0.394244 -0.919006 0.000000
vn 0.394244 -0.919006 0.000000
vn 0.242613 -0.970123 0.000000
vn 0.242613 -0.970123 0.000000
vn -0.077340 -0.997005 0.000000
vn 0.006211 -0.999981 0.000000
vn 0.006211 -0.999981 0.000000
vn 0.466572 -0.884483 0.000000
vn 0.535925 -0.844266 0.000000
vn 0.466572 -0.884483 0.000000
vn 0.319423 -0.947612 0.000000
vn 0.319423 -0.947612 0.000000
vn 0.085277 -0.996357 0.000000
vn 0.164359 -0.986401 0.000000
vn 0.085277 -0.996357 0.000000
vn 0.164359 -0.986401 0.000000
vn 0.394244 -0.919006 0.000000
vn 0.394244 -0.919006 0.000000
vn 0.242613 -0.970123 0.000000
vn 0.242613 -0.970123 0.000000
vn -0.077340 -0.997005 0.000000
vn 0.006211 -0.999981 0.000000
vn 0.006211 -0.999981 0.000000
vn 0.535925 -0.844266 0.000000
vn 0.466572 -0.884483 0.000000
vn 0.535925 -0.844266 0.000000
vn 0.466572 -0.884483 0.000000
vn 0.319423 -0.947612 0.000000
vn 0.319423 -0.947612 0.000000
vn 0.085277 -0.996357 0.000000
vn 0.085277 -0.996357 0.000000
vn 0.164359 -0.986401 0.000000
vn 0.164359 -0.986401 0.000000
vn 0.394244 -0.919006 0.000000
vn 0.394244 -0.919006 0.000000
vn 0.242613 -0.970123 0.000000
vn 0.242613 -0.970123 0.000000
vn -0.077340 -0.997005 0.000000
vn 0.006211 -0.999981 0.000000
vn 0.006211 -0.999981 0.000000
vn 0.535925 -0.844266 0.000000
vn 0.466572 -0.884483 0.000000
vn 0.466572 -0.884483 0.000000
vn 0.319423 -0.947612 0.000000
vn 0.319423 -0.947612 0.000000
vn 0.085277 -0.996357 0.000000
vn 0.085277 -0.996357 0.000000
vn 0.164359 -0.986401 0.000000
vn 0.164359 -0.986401 0.000000
vn 0.394244 -0.919006 0.000000
vn 0.394244 -0.919006 0.000000
vn 0.242613 -0.970123 0.000000
vn 0.242613 -0.970123 0.000000
vn -0.077340 -0.997005 0.000000
vn 0.006211 -0.999981 0.000000
vn 0.006211 -0.999981 0.000000
vn 0.535925 -0.844266 0.000000
vn 0.466572 -0.884483 0.000000
vn 0.466572 -0.884483 0.000000
vn 0.319423 -0.947612 0.000000
vn 0.319423 -0.947612 0.000000
vn 0.085277 -0.996357 0.000000
vn 0.085277 -0.996357 0.000000
vn -0.010860 -0.999896 -0.009467
vn -0.077340 -0.997005 0.000000
vn 0.164359 -0.986401 0.000000
vn 0.164359 -0.986401 0.000000
vn 0.006211 -0.999981 0.000000
vn 0.006211 -0.999981 0.000000
vn 0.006211 -0.999974 -0.003770
vn 0.394244 -0.919006 0.000000
vn 0.394244 -0.919006 0.000000
vn 0.085277 -0.996357 0.000000
vn 0.085277 -0.996354 0.002623
vn 0.085277 -0.996357 0.000000
vn 0.242613 -0.970123 0.000000
vn 0.242613 -0.970123 0.000000
vn 0.181905 -0.982672 -0.035592
vn 0.164359 -0.986401 0.000000
vn 0.164322 -0.986179 -0.021188
vn 0.164359 -0.986401 0.000000
vn 0.466572 -0.884483 0.000000
vn 0.535925 -0.844266 0.000000
vn 0.466572 -0.884483 0.000000
vn 0.319423 -0.947612 0.000000
vn 0.319423 -0.947612 0.000000
vn 0.242613 -0.970123 0.000000
vn 0.242613 -0.970123 0.000000
vn 0.242613 -0.970122 0.001341
vn 0.394244 -0.919006 0.000000
vn 0.394244 -0.919006 0.000000
vn 0.319423 -0.947612 0.000000
vn 0.355151 -0.934264 -0.031922
vn 0.319423 -0.947612 0.000000
vn 0.319422 -0.947611 -0.001586
vn 0.465192 -0.885205 -0.002828
vn 0.394243 -0.919003 0.002432
vn 0.394244 -0.919006 0.000000
vn 0.394244 -0.919006 0.000000
vn 0.535925 -0.844266 0.000000
vn 0.466572 -0.884483 0.000000
vn 0.466572 -0.884483 0.000000
vn 0.466572 -0.884483 0.000000
vn 0.536827 -0.843691 0.001218
vn 0.535925 -0.844266 0.000000
vn 0.466572 -0.884483 -0.001205
vn 0.466572 -0.884483 0.000000
vn 0.511623 0.858609 0.032125
vn 0.466558 0.884458 -0.007589
vn 0.378682 0.925002 0.031161
vn 0.394215 0.918936 0.012277
vn 0.535925 0.844266 0.000000
vn 0.319418 0.947598 -0.005583
vn 0.466572 0.884483 0.000000
vn 0.466572 0.884483 -0.000000
vn 0.238044 0.971172 0.012619
vn 0.242603 0.970086 0.008812
vn 0.117907 0.992995 0.007738
vn 0.164357 0.986388 -0.005018
vn 0.394244 0.919006 0.000000
vn 0.394244 0.919006 -0.000000
vn 0.535925 0.844266 0.000000
vn -0.012376 0.999913 0.004548
vn 0.085277 0.996354 -0.002389
vn 0.319423 0.947612 0.000000
vn 0.319423 0.947612 -0.000000
vn 0.466572 0.884483 0.000000
vn 0.466572 0.884483 -0.000000
vn 0.242613 0.970123 -0.000000
vn 0.242613 0.970123 0.000000
vn 0.164359 0.986401 0.000000
vn 0.164359 0.986401 -0.000000
vn 0.394244 0.919006 0.000000
vn 0.394244 0.919006 -0.000000
vn 0.535925 0.844266 0.000000
vn -0.023884 0.999715 0.000000
vn 0.085277 0.996357 0.000000
vn 0.085277 0.996357 -0.000000
vn 0.319423 0.947612 0.000000
vn 0.319423 0.947612 -0.000000
vn 0.466572 0.884483 0.000000
vn 0.466572 0.884483 -0.000000
vn 0.242613 0.970123 0.000000
vn 0.242613 0.970123 -0.000000
vn 0.164359 0.986401 0.000000
vn 0.164359 0.986401 -0.000000
vn 0.394244 0.919006 0.000000
vn 0.394244 0.919006 -0.000000
vn 0.535925 0.844266 -0.000000
vn 0.535925 0.844266 0.000000
vn -0.023884 0.999715 0.000000
vn 0.085277 0.996357 0.000000
vn 0.085277 0.996357 -0.000000
vn 0.319423 0.947612 0.000000
vn 0.319423 0.947612 -0.000000
vn 0.466572 0.884483 0.000000
vn 0.466572 0.884483 -0.000000
vn 0.242613 0.970123 0.000000
vn 0.242613 0.970123 -0.000000
vn 0.164359 0.986401 -0.000000
vn 0.164359 0.986401 0.000000
vn 0.394244 0.919006 0.000000
vn 0.394244 0.919006 -0.000000
vn 0.535925 0.844266 0.000000
vn 0.085277 0.996357 -0.000000
vn -0.023884 0.999715 0.000000
vn 0.085277 0.996357 0.000000
vn 0.319423 0.947612 -0.000000
vn 0.319423 0.947612 0.000000
vn 0.466572 0.884483 0.000000
vn 0.466572 0.884483 -0.000000
vn 0.242613 0.970123 0.000000
vn 0.242613 0.970123 -0.000000
vn 0.164359 0.986401 -0.000000
vn 0.164359 0.986401 0.000000
vn 0.394244 0.919006 0.000000
vn 0.394244 0.919006 -0.000000
vn 0.319423 0.947612 0.000000
vn 0.535925 0.844266 0.000000
vn 0.085277 0.996357 -0.000000
vn 0.085277 0.996357 0.000000
vn 0.319423 0.947612 0.000000
vn 0.466572 0.884483 0.000000
vn 0.466572 0.884483 -0.000000
vn 0.242613 0.970123 0.000000
vn 0.242613 0.970123 -0.000000
vn 0.164359 0.986401 -0.000000
vn 0.164359 0.986401 0.000000
vn 0.394244 0.919006 0.000000
vn 0.394244 0.919006 -0.000000
vn 0.535925 0.844266 0.000000
vn 0.085277 0.996357 0.000000
vn 0.085277 0.996357 -0.000000
vn 0.319423 0.947612 -0.000000
vn 0.319423 0.947612 0.000000
vn 0.242613 0.970123 0.000000
vn 0.466572 0.884483 0.000000
vn 0.466572 0.884483 -0.000000
vn 0.242613 0.970123 0.000000
vn 0.164359 0.986401 -0.000000
vn 0.164359 0.986401 0.000000
vn 0.394244 0.919006 0.000000
vn 0.394244 0.919006 -0.000000
vn 0.535925 0.844266 0.000000
vn 0.466572 0.884483 0.000000
vn 0.085277 0.996357 0.000000
vn 0.085277 0.996357 -0.000000
vn -0.077340 0.997005 0.000000
vn 0.006211 0.999981 -0.000000
vn 0.006211 0.999981 -0.000000
vn 0.006211 0.999981 -0.000000
vn -0.011014 0.999939 0.000727
vn 0.319423 0.947612 0.000000
vn 0.319423 0.947612 -0.000000
vn 0.511623 0.858609 -0.032125
vn 0.535925 0.844266 0.000000
vn 0.466572 0.884483 0.000000
vn 0.242613 0.970123 -0.000000
vn 0.242613 0.970123 0.000000
vn 0.164359 0.986401 -0.000000
vn 0.164359 0.986401 0.000000
vn 0.394244 0.919006 0.000000
vn 0.394244 0.919006 -0.000000
vn 0.466558 0.884458 0.007589
vn 0.466572 0.884483 -0.000000
vn 0.466572 0.884483 0.000000
vn 0.085277 0.996357 0.000000
vn 0.085277 0.996357 -0.000000
vn 0.006211 0.999981 -0.000000
vn -0.077340 0.997005 0.000000
vn 0.006211 0.999981 0.000000
vn 0.319423 0.947612 -0.000000
vn 0.319423 0.947612 0.000000
vn 0.394244 0.919006 -0.000000
vn 0.378682 0.925002 -0.031161
vn 0.394244 0.919006 0.000000
vn 0.394215 0.918936 -0.012277
vn 0.242613 0.970123 -0.000000
vn 0.242613 0.970123 0.000000
vn 0.319423 0.947612 -0.000000
vn 0.319418 0.947598 0.005583
vn 0.319423 0.947612 0.000000
vn 0.164359 0.986401 -0.000000
vn 0.164359 0.986401 0.000000
vn 0.085277 0.996357 0.000000
vn 0.085277 0.996357 -0.000000
vn 0.238044 0.971173 -0.012619
vn 0.242603 0.970086 -0.008812
vn 0.242613 0.970123 -0.000000
vn 0.242613 0.970123 0.000000
vn -0.077340 0.997005 0.000000
vn 0.006211 0.999981 0.000000
vn 0.006211 0.999981 -0.000000
vn 0.117907 0.992995 -0.007738
vn 0.164357 0.986388 0.005018
vn 0.164359 0.986401 0.000000
vn 0.164359 0.986401 -0.000000
vn 0.085277 0.996357 0.000000
vn 0.085277 0.996354 0.002389
vn 0.006211 0.999981 0.000000
vn 0.085277 0.996357 -0.000000
vn -0.012376 0.999881 -0.009252
vn -0.077340 0.997005 0.000000
vn 0.006211 0.999981 0.000000
vn 0.006211 0.999976 -0.003230
vn 0.000000 0.000000 -1.000000
vn 0.000000 -0.000000 -1.000000
vn 0.000000 0.000000 -1.000000
vn 0.000000 0.000000 -1.000000
vn 0.000000 -0.000000 -1.000000
vn 0.000000 0.000000 -1.000000
vn 0.000000 0.000000 -1.000000
vn 0.000000 0.000000 -1.000000
vn 0.000000 0.000000 -1.000000
vn 0.000000 0.000000 -1.000000
vn 0.000000 0.000000 -1.000000
vn 0.000000 0.000000 -1.000000
vn 0.000000 0.000000 -1.000000
vn 0.000000 0.000000 -1.000000
vn 0.000000 0.000000 -1.000000
vn 0.000000 0.000000 -1.000000
vn 0.000000 0.000000 -1.000000
vn 0.000000 0.000000 -1.000000
vn 0.000000 0.000000 -1.000000
vn 0.000000 0.000000 -1.000000
vn 0.000000 0.000000 -1.000000
vn 0.000000 0.000000 -1.000000
vn 0.000000 -0.000000 -1.000000
vn 0.000000 0.000000 -1.000000
vn 0.000000 0.000000 -1.000000
vn 0.000000 0.000000 -1.000000
vn 0.000000 0.000000 -1.000000
vn 0.000000 0.000000 -1.000000
vn 0.000000 0.000000 -1.000000
vn 0.000000 0.000000 -1.000000
vn 0.000000 -0.000000 -1.000000
vn 0.000000 0.000000 -1.000000
vn 0.000000 0.000000 -1.000000
vn 0.000000 0.000000 -1.000000
vn 0.000000 -0.000000 -1.000000
vn 0.000000 0.000000 -1.000000
vn 0.000000 -0.000000 -1.000000
vn 0.000000 0.000000 -1.000000
vn 0.000000 0.000000 -1.000000
vn 0.000000 0.000000 -1.000000
vn 0.000000 -0.000000 -1.000000
vn 0.000000 0.000000 -1.000000
vn 0.000000 0.000000 -1.000000
vn 0.000000 0.000000 -1.000000
vn 0.000000 -0.000000 -1.000000
vn 0.000000 -0.000000 -1.000000
vn 0.000000 0.000000 -1.000000
vn 0.000000 0.000000 -1.000000
vn 0.000000 0.000000 -1.000000
vn 0.000000 -0.000000 -1.000000
vn 0.000000 0.000000 -1.000000
vn 0.000000 0.000000 -1.000000
vn 0.000000 -0.000000 -1.000000
vn 0.000000 0.000000 -1.000000
vn 0.000000 0.000000 -1.000000
vn 0.000000 0.000000 -1.000000
vn 0.000000 0.000000 -1.000000
vn 0.000000 0.000000 -1.000000
vn 0.000000 0.000000 -1.000000
vn 0.000000 -0.000000 -1.000000
vn 0.000000 -0.000000 -1.000000
vn 0.000000 0.000000 -1.000000
vn 0.000000 0.000000 -1.000000
vn 0.000000 0.000000 -1.000000
vn 0.000000 0.000000 -1.000000
vn 0.000000 0.000000 -1.000000
vn 0.000000 0.000000 -1.000000
vn 0.000000 0.000000 -1.000000
vn 0.000000 0.000000 -1.000000
vn 0.000000 0.000000 -1.000000
vn 0.000000 0.000000 -1.000000
vn 0.000000 0.000000 -1.000000
vn 0.000000 0.000000 -1.000000
vn 0.000000 0.000000 -1.000000
vn 0.000000 0.000000 -1.000000
vn 0.000000 -0.000000 -1.000000
vn 0.000000 0.000000 -1.000000
vn 0.000000 0.000000 -1.000000
vn 0.000000 0.000000 -1.000000
vn 0.000000 0.000000 -1.000000
vn 0.000000 0.000000 -1.000000
vn 0.000000 0.000000 -1.000000
vn 0.000000 0.000000 -1.000000
vn 0.000000 0.000000 -1.000000
vn 0.000000 0.000000 -1.000000
vn 0.000000 0.000000 -1.000000
vn 0.000000 0.000000 -1.000000
vn 0.000000 0.000000 -1.000000
vn 0.000000 0.000000 -1.000000
vn 0.000000 -0.000000 -1.000000
vn 0.000000 0.000000 -1.000000
vn 0.000000 -0.000000 -1.000000
vn 0.000000 0.000000 -1.000000
vn 0.000000 0.000000 -1.000000
vn 0.000000 0.000000 -1.000000
vn 0.000000 0.000000 -1.000000
vn 0.000000 0.000000 -1.000000
vn 0.000000 -0.000000 -1.000000
vn 0.000000 0.000000 -1.000000
vn 0.000000 0.000000 -1.000000
vn 0.000000 -0.000000 -1.000000
vn 0.000000 0.000000 -1.000000
vn 0.000000 0.000000 -1.000000
vn 0.000000 0.000000 -1.000000
vn 0.000000 0.000000 -1.000000
vn 0.000000 -0.000000 -1.000000
vn 0.000000 -0.000000 -1.000000
vn 0.000000 0.000000 -1.000000
vn 0.000000 0.000000 -1.000000
vn 0.000000 0.000000 -1.000000
vn 0.000000 0.000000 -1.000000
vn 0.000000 0.000000 -1.000000
vn 0.000000 -0.000000 -1.000000
vn 0.000000 -0.000000 -1.000000
vn 0.000000 0.000000 -1.000000
vn 0.000000 0.000000 -1.000000
vn 0.000000 0.000000 -1.000000
vn 0.000000 0.000000 -1.000000
vn 0.000000 -0.000000 -1.000000
vn 0.000000 0.000000 -1.000000
vn 0.000000 0.000000 -1.000000
vn 0.000000 0.000000 -1.000000
vn 0.000000 0.000000 -1.000000
vn 0.000000 -0.000000 -1.000000
vn 0.000000 -0.000000 -1.000000
vn 0.000000 0.000000 -1.000000
vn 0.000000 0.000000 -1.000000
vn 0.000000 0.000000 -1.000000
vn 0.000000 0.000000 -1.000000
vn 0.000000 0.000000 -1.000000
vn 0.000000 0.000000 -1.000000
vn 0.000000 0.000000 -1.000000
vn 0.000000 0.000000 -1.000000
vn 0.000000 0.000000 -1.000000
vn 0.000000 0.000000 -1.000000
vn 0.000000 0.000000 -1.000000
vn 0.000000 0.000000 -1.000000
vn 0.000000 0.000000 -1.000000
vn 0.000000 0.000000 -1.000000
vn 0.000000 0.000000 -1.000000
vn 0.000000 -0.000000 -1.000000
vn 0.000000 0.000000 -1.000000
vn 0.000000 0.000000 -1.000000
vn 0.000000 -0.000000 -1.000000
vn 0.000000 0.000000 -1.000000
vn 0.000000 -0.000000 -1.000000
vn 0.000000 0.000000 -1.000000
vn 0.000000 0.000000 -1.000000
vn 0.000000 0.000000 -1.000000
vn 0.000000 0.000000 -1.000000
vn 0.000000 -0.000000 -1.000000
vn 0.000000 0.000000 -1.000000
vn 0.000000 0.000000 -1.000000
vn 0.000000 0.000000 -1.000000
vn 0.000000 0.000000 -1.000000
vn 0.000000 -0.000000 -1.000000
vn 0.000000 0.000000 -1.000000
vn 0.000000 0.000000 -1.000000
vn 0.000000 0.000000 -1.000000
vn 0.000000 0.000000 -1.000000
vn 0.000000 0.000000 -1.000000
vn 0.000000 0.000000 -1.000000
vn 0.000000 0.000000 -1.000000
vn 0.000000 0.000000 -1.000000
vn 0.000000 0.000000 -1.000000
vn 0.000000 0.000000 -1.000000
vn 0.000000 0.000000 -1.000000
vn 0.000000 0.000000 -1.000000
vn 0.000000 -0.000000 -1.000000
vn 0.000000 -0.000000 -1.000000
vn 0.000000 0.000000 -1.000000
vn 0.000000 -0.000000 -1.000000
vn 0.000000 0.000000 -1.000000
vn 0.000000 0.000000 -1.000000
vn 0.000000 0.000000 -1.000000
vn 0.000000 0.000000 -1.000000
vn 0.000000 0.000000 -1.000000
vn 0.000000 -0.000000 -1.000000
vn 0.000000 0.000000 -1.000000
vn 0.000000 0.000000 -1.000000
vn 0.000000 0.000000 -1.000000
vn 0.000000 0.000000 -1.000000
vn 0.000000 -0.000000 -1.000000
vn 0.000000 -0.000000 -1.000000
vn 0.000000 0.000000 -1.000000
vn 0.000000 0.000000 -1.000000
vn 0.000000 0.000000 -1.000000
vn 0.000000 0.000000 -1.000000
vn 0.000000 0.000000 -1.000000
vn 0.000000 0.000000 -1.000000
vn 0.000000 0.000000 1.000000
vn 0.000000 0.000000 1.000000
vn 0.000000 0.000000 1.000000
vn 0.000000 0.000000 1.000000
vn 0.000000 0.000000 1.000000
vn 0.000000 0.000000 1.000000
vn 0.000000 0.000000 1.000000
vn 0.000000 0.000000 1.000000
vn 0.000000 0.000000 1.000000
vn 0.000000 0.000000 1.000000
vn 0.000000 0.000000 1.000000
vn 0.000000 0.000000 1.000000
vn 0.000000 0.000000 1.000000
vn 0.000000 0.000000 1.000000
vn 0.000000 0.000000 1.000000
vn 0.000000 0.000000 1.000000
vn 0.000000 0.000000 1.000000
vn 0.000000 0.000000 1.000000
vn 0.000000 0.000000 1.000000
vn 0.000000 0.000000 1.000000
vn 0.000000 0.000000 1.000000
vn 0.000000 0.000000 1.000000
vn 0.000000 0.000000 1.000000
vn 0.000000 0.000000 1.000000
vn 0.000000 0.000000 1.000000
vn 0.000000 0.000000 1.000000
vn 0.000000 0.000000 1.000000
vn 0.000000 0.000000 1.000000
vn 0.000000 0.000000 1.000000
vn 0.000000 0.000000 1.000000
vn 0.000000 0.000000 1.000000
vn 0.000000 0.000000 1.000000
vn 0.000000 0.000000 1.000000
vn 0.000000 0.000000 1.000000
vn 0.000000 0.000000 1.000000
vn 0.000000 0.000000 1.000000
vn 0.000000 0.000000 1.000000
vn 0.000000 0.000000 1.000000
vn 0.000000 0.000000 1.000000
vn 0.000000 0.000000 1.000000
vn 0.000000 0.000000 1.000000
vn 0.000000 0.000000 1.000000
vn 0.000000 0.000000 1.000000
vn 0.000000 0.000000 1.000000
vn 0.000000 0.000000 1.000000
vn 0.000000 0.000000 1.000000
vn 0.000000 0.000000 1.000000
vn 0.000000 0.000000 1.000000
vn 0.000000 0.000000 1.000000
vn 0.000000 0.000000 1.000000
vn 0.000000 0.000000 1.000000
vn 0.000000 0.000000 1.000000
vn 0.000000 0.000000 1.000000
vn 0.000000 0.000000 1.000000
vn 0.000000 0.000000 1.000000
vn 0.000000 0.000000 1.000000
vn 0.000000 0.000000 1.000000
vn 0.000000 0.000000 1.000000
vn 0.000000 0.000000 1.000000
vn 0.000000 0.000000 1.000000
vn 0.000000 0.000000 1.000000
vn 0.000000 0.000000 1.000000
vn 0.000000 0.000000 1.000000
vn 0.000000 0.000000 1.000000
vn 0.000000 0.000000 1.000000
vn 0.000000 0.000000 1.000000
vn 0.000000 0.000000 1.000000
vn 0.000000 0.000000 1.000000
vn 0.000000 0.000000 1.000000
vn 0.000000 0.000000 1.000000
vn 0.000000 0.000000 1.000000
vn 0.000000 0.000000 1.000000
vn 0.000000 0.000000 1.000000
vn 0.000000 0.000000 1.000000
vn 0.000000 0.000000 1.000000
vn 0.000000 0.000000 1.000000
vn 0.000000 0.000000 1.000000
vn 0.000000 0.000000 1.000000
vn 0.000000 0.000000 1.000000
vn 0.000000 0.000000 1.000000
vn 0.000000 0.000000 1.000000
vn 0.000000 0.000000 1.000000
vn 0.000000 0.000000 1.000000
vn 0.000000 0.000000 1.000000
vn 0.000000 0.000000 1.000000
vn 0.000000 0.000000 1.000000
vn 0.000000 0.000000 1.000000
vn 0.000000 0.000000 1.000000
vn 0.000000 0.000000 1.000000
vn 0.000000 0.000000 1.000000
vn 0.000000 0.000000 1.000000
vn 0.000000 0.000000 1.000000
vn 0.000000 0.000000 1.000000
vn 0.000000 0.000000 1.000000
vn 0.000000 0.000000 1.000000
vn 0.000000 0.000000 1.000000
vn 0.000000 0.000000 1.000000
vn 0.000000 0.000000 1.000000
vn 0.000000 0.000000 1.000000
vn 0.000000 0.000000 1.000000
vn 0.000000 0.000000 1.000000
vn 0.000000 0.000000 1.000000
vn 0.000000 0.000000 1.000000
vn 0.000000 0.000000 1.000000
vn 0.000000 0.000000 1.000000
vn 0.000000 0.000000 1.000000
vn 0.000000 0.000000 1.000000
vn 0.000000 0.000000 1.000000
vn 0.000000 0.000000 1.000000
vn 0.000000 0.000000 1.000000
vn 0.000000 0.000000 1.000000
vn 0.000000 0.000000 1.000000
vn 0.000000 0.000000 1.000000
vn 0.000000 0.000000 1.000000
vn 0.000000 0.000000 1.000000
vn 0.000000 0.000000 1.000000
vn 0.000000 0.000000 1.000000
vn 0.000000 0.000000 1.000000
vn 0.000000 0.000000 1.000000
vn 0.000000 0.000000 1.000000
vn 0.000000 0.000000 1.000000
vn 0.000000 0.000000 1.000000
vn 0.000000 0.000000 1.000000
vn 0.000000 0.000000 1.000000
vn 0.000000 0.000000 1.000000
vn 0.000000 0.000000 1.000000
vn 0.000000 0.000000 1.000000
vn 0.000000 0.000000 1.000000
vn 0.000000 0.000000 1.000000
vn 0.000000 0.000000 1.000000
vn 0.000000 0.000000 1.000000
vn 0.000000 0.000000 1.000000
vn 0.000000 0.000000 1.000000
vn 0.000000 0.000000 1.000000
vn 0.000000 0.000000 1.000000
vn 0.000000 0.000000 1.000000
vn 0.000000 0.000000 1.000000
vn 0.000000 0.000000 1.000000
vn 0.000000 0.000000 1.000000
vn 0.000000 0.000000 1.000000
vn 0.000000 0.000000 1.000000
vn 0.000000 0.000000 1.000000
vn 0.000000 0.000000 1.000000
vn 0.000000 0.000000 1.000000
vn 0.000000 0.000000 1.000000
vn 0.000000 0.000000 1.000000
vn 0.000000 0.000000 1.000000
vn 0.000000 0.000000 1.000000
vn 0.000000 0.000000 1.000000
vn 0.000000 0.000000 1.000000
vn 0.000000 0.000000 1.000000
vn 0.000000 0.000000 1.000000
vn 0.000000 0.000000 1.000000
vn 0.000000 0.000000 1.000000
vn 0.000000 0.000000 1.000000
vn 0.000000 0.000000 1.000000
vn 0.000000 0.000000 1.000000
vn 0.000000 0.000000 1.000000
vn 0.000000 0.000000 1.000000
vn 0.000000 0.000000 1.000000
vn 0.000000 0.000000 1.000000
vn 0.000000 0.000000 1.000000
vn 0.000000 0.000000 1.000000
vn 0.000000 0.000000 1.000000
vn 0.000000 0.000000 1.000000
vn 0.000000 0.000000 1.000000
vn 0.000000 0.000000 1.000000
vn 0.000000 0.000000 1.000000
vn 0.000000 0.000000 1.000000
vn 0.000000 0.000000 1.000000
vn 0.000000 0.000000 1.000000
vn 0.000000 0.000000 1.000000
vn 0.000000 0.000000 1.000000
vn 0.000000 0.000000 1.000000
vn 0.000000 0.000000 1.000000
vn 0.000000 0.000000 1.000000
vn 0.000000 0.000000 1.000000
vn 0.000000 0.000000 1.000000
vn 0.000000 0.000000 1.000000
vn 0.000000 0.000000 1.000000
vn 0.000000 0.000000 1.000000
vn 0.000000 0.000000 1.000000
vn 0.000000 0.000000 1.000000
vn 0.000000 0.000000 1.000000
vn 0.000000 0.000000 1.000000
vn 0.000000 0.000000 1.000000
vn 0.000000 0.000000 1.000000
vn 0.000000 0.000000 1.000000
vn 0.000000 0.000000 1.000000
vn 0.000000 0.000000 1.000000
vn -0.157051 -0.987590 0.000000
vn -0.157051 -0.987590 0.000000
vn -0.157051 0.987590 0.000000
vn -0.157051 0.987590 0.000000
vn 0.959493 -0.281732 0.000000
vn 0.959493 -0.281732 0.000000
vn 0.959493 0.281732 -0.000000
vn 0.959493 0.281732 0.000000
vn 0.401812 0.915722 -0.000000
vn 0.401812 0.915722 0.000000
vn 0.401812 -0.915722 0.000000
vn 0.401812 -0.915722 0.000000
vn 0.894604 0.445704 0.032124
vn 0.870668 0.491812 -0.007590
vn 0.818661 0.573431 0.031161
vn 0.828450 0.559929 0.012276
vn 0.907293 0.420499 0.000000
vn 0.781021 0.624479 -0.005583
vn 0.870693 0.491827 0.000000
vn 0.870693 0.491827 -0.000000
vn 0.725310 0.688307 0.012619
vn 0.728558 0.684928 0.008812
vn 0.636043 0.771615 0.007737
vn 0.671547 0.740945 -0.005018
vn 0.828512 0.559971 0.000000
vn 0.828512 0.559971 -0.000000
vn 0.907293 0.420499 0.000000
vn 0.530184 0.847871 0.004548
vn 0.610411 0.792081 -0.002388
vn 0.781033 0.624489 0.000000
vn 0.781033 0.624489 -0.000000
vn 0.870693 0.491827 0.000000
vn 0.870693 0.491827 -0.000000
vn 0.728586 0.684954 -0.000000
vn 0.728586 0.684954 0.000000
vn 0.671556 0.740954 0.000000
vn 0.671556 0.740954 -0.000000
vn 0.828512 0.559971 0.000000
vn 0.828512 0.559971 -0.000000
vn 0.907293 0.420500 0.000000
vn 0.520395 0.853926 0.000000
vn 0.610413 0.792084 0.000000
vn 0.610413 0.792084 -0.000000
vn 0.781033 0.624489 0.000000
vn 0.781033 0.624489 -0.000000
vn 0.870693 0.491827 0.000000
vn 0.870693 0.491827 -0.000000
vn 0.728586 0.684954 0.000000
vn 0.728586 0.684954 -0.000000
vn 0.671556 0.740954 0.000000
vn 0.671556 0.740954 -0.000000
vn 0.828512 0.559971 0.000000
vn 0.828512 0.559971 -0.000000
vn 0.781034 0.624489 0.000000
vn 0.907293 0.420499 -0.000000
vn 0.907293 0.420499 0.000000
vn 0.520395 0.853926 0.000000
vn 0.610413 0.792084 0.000000
vn 0.610413 0.792084 -0.000000
vn 0.781034 0.624489 0.000000
vn 0.870693 0.491827 0.000000
vn 0.870693 0.491827 -0.000000
vn 0.728586 0.684954 0.000000
vn 0.728586 0.684954 -0.000000
vn 0.671556 0.740954 -0.000000
vn 0.671556 0.740954 0.000000
vn 0.610413 0.792084 0.000000
vn 0.828512 0.559971 0.000000
vn 0.828512 0.559971 -0.000000
vn 0.907293 0.420499 0.000000
vn 0.610413 0.792084 0.000000
vn 0.520395 0.853926 0.000000
vn 0.781033 0.624489 -0.000000
vn 0.781033 0.624489 0.000000
vn 0.870693 0.491827 0.000000
vn 0.828512 0.559971 0.000000
vn 0.870693 0.491827 -0.000000
vn 0.728586 0.684954 0.000000
vn 0.728586 0.684954 -0.000000
vn 0.671556 0.740954 -0.000000
vn 0.671556 0.740954 0.000000
vn 0.828512 0.559971 0.000000
vn 0.907293 0.420499 0.000000
vn 0.610413 0.792084 -0.000000
vn 0.610413 0.792084 0.000000
vn 0.781033 0.624489 -0.000000
vn 0.781033 0.624489 0.000000
vn 0.870693 0.491827 0.000000
vn 0.870693 0.491827 -0.000000
vn 0.728586 0.684954 0.000000
vn 0.728586 0.684954 -0.000000
vn 0.671556 0.740954 -0.000000
vn 0.671556 0.740954 0.000000
vn 0.828512 0.559971 0.000000
vn 0.828512 0.559971 -0.000000
vn 0.907293 0.420499 0.000000
vn 0.610413 0.792084 0.000000
vn 0.610413 0.792084 -0.000000
vn 0.781034 0.624489 0.000000
vn 0.781034 0.624489 -0.000000
vn 0.870693 0.491827 0.000000
vn 0.870693 0.491827 -0.000000
vn 0.728586 0.684954 -0.000000
vn 0.728586 0.684954 0.000000
vn 0.671556 0.740954 0.000000
vn 0.671556 0.740954 -0.000000
vn 0.828512 0.559971 0.000000
vn 0.828512 0.559971 -0.000000
vn 0.907293 0.420499 0.000000
vn 0.870693 0.491827 0.000000
vn 0.610413 0.792084 0.000000
vn 0.610413 0.792084 -0.000000
vn 0.473961 0.880546 0.000000
vn 0.531343 0.847156 0.000727
vn 0.545856 0.837879 -0.000000
vn 0.545856 0.837879 -0.000000
vn 0.545856 0.837879 -0.000000
vn 0.781033 0.624489 0.000000
vn 0.781033 0.624489 -0.000000
vn 0.894604 0.445704 -0.032124
vn 0.907293 0.420499 0.000000
vn 0.870693 0.491827 0.000000
vn 0.728586 0.684954 -0.000000
vn 0.728586 0.684954 0.000000
vn 0.671556 0.740954 0.000000
vn 0.671556 0.740954 -0.000000
vn 0.828512 0.559971 0.000000
vn 0.828512 0.559971 -0.000000
vn 0.870668 0.491812 0.007590
vn 0.870693 0.491827 -0.000000
vn 0.870693 0.491827 0.000000
vn 0.610413 0.792084 0.000000
vn 0.610413 0.792084 -0.000000
vn 0.545856 0.837879 -0.000000
vn 0.473961 0.880546 0.000000
vn 0.545856 0.837879 0.000000
vn 0.781033 0.624489 0.000000
vn 0.781033 0.624489 -0.000000
vn 0.828512 0.559971 -0.000000
vn 0.818661 0.573430 -0.031161
vn 0.828450 0.559929 -0.012276
vn 0.828512 0.559971 0.000000
vn 0.728586 0.684954 -0.000000
vn 0.728586 0.684954 0.000000
vn 0.671556 0.740954 0.000000
vn 0.781033 0.624489 0.000000
vn 0.781033 0.624489 -0.000000
vn 0.728586 0.684954 0.000000
vn 0.781021 0.624479 0.005583
vn 0.671556 0.740954 0.000000
vn 0.610413 0.792084 0.000000
vn 0.610413 0.792084 -0.000000
vn 0.545856 0.837879 0.000000
vn 0.728558 0.684928 -0.008812
vn 0.725310 0.688307 -0.012619
vn 0.728586 0.684954 0.000000
vn 0.671556 0.740954 0.000000
vn 0.473961 0.880546 0.000000
vn 0.545856 0.837879 0.000000
vn 0.636043 0.771615 -0.007737
vn 0.671547 0.740945 0.005018
vn 0.671556 0.740954 0.000000
vn 0.610413 0.792084 0.000000
vn 0.610411 0.792081 0.002388
vn 0.545856 0.837879 0.000000
vn 0.610413 0.792084 -0.000000
vn 0.530166 0.847843 -0.009252
vn 0.473961 0.880546 0.000000
vn 0.545856 0.837879 0.000000
vn 0.545853 0.837875 -0.003231
vn 0.531450 -0.847037 0.009467
vn 0.545852 -0.837873 0.003770
vn 0.610411 -0.792081 -0.002623
vn 0.684301 -0.728330 0.035592
vn 0.671405 -0.740788 0.021187
vn 0.728585 -0.684954 -0.001340
vn 0.473961 -0.880546 0.000000
vn 0.545856 -0.837879 0.000000
vn 0.545856 -0.837879 0.000000
vn 0.803873 -0.593944 0.031923
vn 0.781033 -0.624488 0.001587
vn 0.610413 -0.792084 0.000000
vn 0.610413 -0.792084 0.000000
vn 0.671556 -0.740954 0.000000
vn 0.671556 -0.740954 0.000000
vn 0.869923 -0.493180 0.002827
vn 0.828510 -0.559970 -0.002433
vn 0.728586 -0.684954 0.000000
vn 0.728586 -0.684954 0.000000
vn 0.473961 -0.880546 0.000000
vn 0.545856 -0.837879 0.000000
vn 0.545856 -0.837879 0.000000
vn 0.907742 -0.419528 -0.001219
vn 0.870693 -0.491826 0.001204
vn 0.781033 -0.624489 0.000000
vn 0.781033 -0.624489 0.000000
vn 0.610413 -0.792084 0.000000
vn 0.610413 -0.792084 0.000000
vn 0.671556 -0.740954 0.000000
vn 0.671556 -0.740954 0.000000
vn 0.828512 -0.559971 0.000000
vn 0.828512 -0.559971 0.000000
vn 0.728586 -0.684954 0.000000
vn 0.728586 -0.684954 0.000000
vn 0.473961 -0.880546 0.000000
vn 0.545856 -0.837879 0.000000
vn 0.545856 -0.837879 0.000000
vn 0.907293 -0.420499 0.000000
vn 0.870693 -0.491827 0.000000
vn 0.870693 -0.491827 0.000000
vn 0.781033 -0.624489 0.000000
vn 0.781033 -0.624489 0.000000
vn 0.610413 -0.792084 0.000000
vn 0.610413 -0.792084 0.000000
vn 0.671556 -0.740954 0.000000
vn 0.671556 -0.740954 0.000000
vn 0.828512 -0.559971 0.000000
vn 0.828512 -0.559971 0.000000
vn 0.728586 -0.684954 0.000000
vn 0.728586 -0.684954 0.000000
vn 0.473961 -0.880546 0.000000
vn 0.473961 -0.880546 0.000000
vn 0.545856 -0.837879 0.000000
vn 0.545856 -0.837879 0.000000
vn 0.870693 -0.491827 0.000000
vn 0.907293 -0.420499 0.000000
vn 0.870693 -0.491827 0.000000
vn 0.781034 -0.624489 0.000000
vn 0.781034 -0.624489 0.000000
vn 0.610413 -0.792084 0.000000
vn 0.610413 -0.792084 0.000000
vn 0.671556 -0.740954 0.000000
vn 0.671556 -0.740954 0.000000
vn 0.828512 -0.559971 0.000000
vn 0.828512 -0.559971 0.000000
vn 0.728586 -0.684954 0.000000
vn 0.728586 -0.684954 0.000000
vn 0.781033 -0.624489 0.000000
vn 0.473961 -0.880546 0.000000
vn 0.545856 -0.837879 0.000000
vn 0.545856 -0.837879 0.000000
vn 0.870693 -0.491827 0.000000
vn 0.907293 -0.420499 0.000000
vn 0.870693 -0.491827 0.000000
vn 0.781033 -0.624489 0.000000
vn 0.610413 -0.792084 0.000000
vn 0.671556 -0.740954 0.000000
vn 0.610413 -0.792084 0.000000
vn 0.671556 -0.740954 0.000000
vn 0.828512 -0.559971 0.000000
vn 0.828512 -0.559971 0.000000
vn 0.728586 -0.684954 0.000000
vn 0.728586 -0.684954 0.000000
vn 0.473961 -0.880546 0.000000
vn 0.545856 -0.837879 0.000000
vn 0.545856 -0.837879 0.000000
vn 0.907293 -0.420499 0.000000
vn 0.870693 -0.491827 0.000000
vn 0.907293 -0.420499 0.000000
vn 0.870693 -0.491827 0.000000
vn 0.781033 -0.624489 0.000000
vn 0.781033 -0.624489 0.000000
vn 0.610413 -0.792084 0.000000
vn 0.610413 -0.792084 0.000000
vn 0.671556 -0.740954 0.000000
vn 0.671556 -0.740954 0.000000
vn 0.828512 -0.559971 0.000000
vn 0.870693 -0.491827 0.000000
vn 0.828512 -0.559971 0.000000
vn 0.728586 -0.684954 0.000000
vn 0.728586 -0.684954 0.000000
vn 0.473961 -0.880546 0.000000
vn 0.545856 -0.837879 0.000000
vn 0.545856 -0.837879 0.000000
vn 0.907293 -0.420499 0.000000
vn 0.870693 -0.491827 0.000000
vn 0.781034 -0.624489 0.000000
vn 0.781034 -0.624489 0.000000
vn 0.610413 -0.792084 0.000000
vn 0.610413 -0.792084 0.000000
vn 0.671556 -0.740954 0.000000
vn 0.671556 -0.740954 0.000000
vn 0.828512 -0.559971 0.000000
vn 0.828512 -0.559971 0.000000
vn 0.728586 -0.684954 0.000000
vn 0.728586 -0.684954 0.000000
vn 0.473961 -0.880546 0.000000
vn 0.545856 -0.837879 0.000000
vn 0.545856 -0.837879 0.000000
vn 0.907293 -0.420499 0.000000
vn 0.870693 -0.491827 0.000000
vn 0.870693 -0.491827 0.000000
vn 0.781033 -0.624489 0.000000
vn 0.781033 -0.624489 0.000000
vn 0.610413 -0.792084 0.000000
vn 0.610413 -0.792084 0.000000
vn 0.531450 -0.847037 -0.009467
vn 0.473961 -0.880546 0.000000
vn 0.671556 -0.740954 0.000000
vn 0.671556 -0.740954 0.000000
vn 0.545856 -0.837879 0.000000
vn 0.545856 -0.837879 0.000000
vn 0.545852 -0.837873 -0.003770
vn 0.828512 -0.559971 0.000000
vn 0.828512 -0.559971 0.000000
vn 0.610413 -0.792084 0.000000
vn 0.610413 -0.792084 0.000000
vn 0.610411 -0.792081 0.002623
vn 0.728586 -0.684954 0.000000
vn 0.728586 -0.684954 0.000000
vn 0.671556 -0.740954 0.000000
vn 0.684301 -0.728330 -0.035592
vn 0.671556 -0.740954 0.000000
vn 0.671405 -0.740788 -0.021187
vn 0.870693 -0.491827 0.000000
vn 0.870693 -0.491827 0.000000
vn 0.907293 -0.420499 0.000000
vn 0.781033 -0.624489 0.000000
vn 0.781033 -0.624489 0.000000
vn 0.728586 -0.684954 0.000000
vn 0.728585 -0.684954 0.001340
vn 0.728586 -0.684954 0.000000
vn 0.828512 -0.559971 0.000000
vn 0.828512 -0.559971 0.000000
vn 0.781033 -0.624489 0.000000
vn 0.803873 -0.593944 -0.031923
vn 0.781033 -0.624489 0.000000
vn 0.781032 -0.624488 -0.001587
vn 0.869923 -0.493180 -0.002827
vn 0.828510 -0.559970 0.002433
vn 0.828512 -0.559971 0.000000
vn 0.828512 -0.559971 0.000000
vn 0.907293 -0.420499 0.000000
vn 0.870693 -0.491827 0.000000
vn 0.870693 -0.491827 0.000000
vn 0.870693 -0.491827 0.000000
vn 0.907742 -0.419528 0.001219
vn 0.870693 -0.491826 -0.001204
vn 0.907293 -0.420499 0.000000
vn 0.870693 -0.491827 0.000000
vn 0.841253 -0.540641 0.000000
vn 0.841253 -0.540641 0.000000
vn 0.841253 0.540641 -0.000000
vn 0.841253 0.540641 0.000000
vn -0.549721 -0.835295 0.009467
vn -0.535400 -0.844590 0.003769
vn -0.466932 -0.884289 -0.002624
vn -0.378244 -0.925021 0.035591
vn -0.394932 -0.918466 0.021189
vn -0.320389 -0.947285 -0.001342
vn -0.604084 -0.796921 0.000000
vn -0.535404 -0.844596 0.000000
vn -0.535404 -0.844596 0.000000
vn -0.206329 -0.977962 0.031922
vn -0.243602 -0.969874 0.001585
vn -0.466934 -0.884292 0.000000
vn -0.466934 -0.884292 0.000000
vn -0.395020 -0.918672 0.000000
vn -0.395020 -0.918672 0.000000
vn -0.087234 -0.996184 0.002828
vn -0.165191 -0.986259 -0.002433
vn -0.320390 -0.947286 0.000000
vn -0.320390 -0.947286 0.000000
vn -0.604084 -0.796921 0.000000
vn -0.535404 -0.844596 0.000000
vn -0.535404 -0.844596 0.000000
vn -0.004526 -0.999989 -0.001218
vn -0.085684 -0.996322 0.001205
vn -0.243602 -0.969875 0.000000
vn -0.243602 -0.969875 0.000000
vn -0.466934 -0.884292 0.000000
vn -0.466934 -0.884292 0.000000
vn -0.395020 -0.918672 0.000000
vn -0.395020 -0.918672 0.000000
vn -0.165191 -0.986262 0.000000
vn -0.165191 -0.986262 0.000000
vn -0.320390 -0.947286 0.000000
vn -0.320390 -0.947286 0.000000
vn -0.604084 -0.796921 0.000000
vn -0.535404 -0.844596 0.000000
vn -0.535404 -0.844596 0.000000
vn -0.005596 -0.999984 -0.000000
vn -0.085684 -0.996322 0.000000
vn -0.085684 -0.996322 0.000000
vn -0.243602 -0.969875 0.000000
vn -0.243602 -0.969875 0.000000
vn -0.466934 -0.884292 0.000000
vn -0.466934 -0.884292 0.000000
vn -0.395020 -0.918672 0.000000
vn -0.395020 -0.918672 0.000000
vn -0.165191 -0.986262 0.000000
vn -0.165191 -0.986262 0.000000
vn -0.320390 -0.947286 0.000000
vn -0.320390 -0.947286 0.000000
vn -0.604084 -0.796921 0.000000
vn -0.604084 -0.796921 0.000000
vn -0.535404 -0.844596 0.000000
vn -0.535404 -0.844596 0.000000
vn -0.085684 -0.996322 0.000000
vn -0.005596 -0.999984 -0.000000
vn -0.085684 -0.996322 0.000000
vn -0.243602 -0.969875 0.000000
vn -0.243602 -0.969875 0.000000
vn -0.466934 -0.884292 0.000000
vn -0.466934 -0.884292 0.000000
vn -0.395020 -0.918672 0.000000
vn -0.395020 -0.918672 0.000000
vn -0.165191 -0.986262 0.000000
vn -0.165191 -0.986262 0.000000
vn -0.320390 -0.947286 0.000000
vn -0.320390 -0.947286 0.000000
vn -0.243602 -0.969875 -0.000000
vn -0.604084 -0.796921 0.000000
vn -0.535404 -0.844596 0.000000
vn -0.535404 -0.844596 0.000000
vn -0.085684 -0.996322 0.000000
vn -0.005596 -0.999984 -0.000000
vn -0.085684 -0.996322 0.000000
vn -0.243602 -0.969875 0.000000
vn -0.466934 -0.884292 0.000000
vn -0.395020 -0.918672 -0.000000
vn -0.466934 -0.884292 0.000000
vn -0.395020 -0.918672 0.000000
vn -0.165191 -0.986262 0.000000
vn -0.165191 -0.986262 0.000000
vn -0.320390 -0.947286 0.000000
vn -0.320390 -0.947286 0.000000
vn -0.604084 -0.796921 0.000000
vn -0.535404 -0.844596 -0.000000
vn -0.535404 -0.844596 0.000000
vn -0.005596 -0.999984 -0.000000
vn -0.085684 -0.996322 0.000000
vn -0.005596 -0.999984 -0.000000
vn -0.085684 -0.996322 0.000000
vn -0.243602 -0.969875 0.000000
vn -0.243602 -0.969875 0.000000
vn -0.466934 -0.884292 0.000000
vn -0.466934 -0.884292 0.000000
vn -0.395020 -0.918672 -0.000000
vn -0.395020 -0.918672 0.000000
vn -0.165191 -0.986262 0.000000
vn -0.085684 -0.996322 -0.000000
vn -0.165191 -0.986262 0.000000
vn -0.320390 -0.947286 0.000000
vn -0.320390 -0.947286 0.000000
vn -0.604084 -0.796921 0.000000
vn -0.535404 -0.844596 0.000000
vn -0.535404 -0.844596 0.000000
vn -0.005596 -0.999984 -0.000000
vn -0.085684 -0.996322 0.000000
vn -0.243602 -0.969875 0.000000
vn -0.243602 -0.969875 0.000000
vn -0.466934 -0.884292 0.000000
vn -0.466934 -0.884292 0.000000
vn -0.395020 -0.918672 0.000000
vn -0.395020 -0.918672 0.000000
vn -0.165191 -0.986262 0.000000
vn -0.165191 -0.986262 0.000000
vn -0.320390 -0.947286 0.000000
vn -0.320390 -0.947286 0.000000
vn -0.604084 -0.796921 0.000000
vn -0.535404 -0.844596 0.000000
vn -0.535404 -0.844596 0.000000
vn -0.005596 -0.999984 -0.000000
vn -0.085684 -0.996322 0.000000
vn -0.085684 -0.996322 0.000000
vn -0.243602 -0.969875 0.000000
vn -0.243602 -0.969875 0.000000
vn -0.466934 -0.884292 0.000000
vn -0.466934 -0.884292 0.000000
vn -0.549721 -0.835295 -0.009467
vn -0.604084 -0.796921 0.000000
vn -0.395020 -0.918672 0.000000
vn -0.395020 -0.918672 0.000000
vn -0.535404 -0.844596 0.000000
vn -0.535404 -0.844596 0.000000
vn -0.535400 -0.844590 -0.003769
vn -0.165191 -0.986262 0.000000
vn -0.165191 -0.986262 0.000000
vn -0.466934 -0.884292 0.000000
vn -0.466934 -0.884292 0.000000
vn -0.466932 -0.884289 0.002624
vn -0.320390 -0.947286 0.000000
vn -0.320390 -0.947286 0.000000
vn -0.395020 -0.918672 0.000000
vn -0.378244 -0.925021 -0.035591
vn -0.395020 -0.918672 0.000000
vn -0.394932 -0.918466 -0.021189
vn -0.085684 -0.996322 0.000000
vn -0.085684 -0.996322 0.000000
vn -0.005596 -0.999984 -0.000000
vn -0.243602 -0.969875 0.000000
vn -0.243602 -0.969875 0.000000
vn -0.320390 -0.947286 0.000000
vn -0.320389 -0.947285 0.001342
vn -0.320390 -0.947286 0.000000
vn -0.165191 -0.986262 0.000000
vn -0.165191 -0.986262 0.000000
vn -0.243602 -0.969875 0.000000
vn -0.206329 -0.977962 -0.031922
vn -0.243602 -0.969875 0.000000
vn -0.243602 -0.969874 -0.001585
vn -0.087234 -0.996184 -0.002828
vn -0.165191 -0.986259 0.002433
vn -0.165191 -0.986262 0.000000
vn -0.165191 -0.986262 0.000000
vn -0.005596 -0.999984 -0.000000
vn -0.085684 -0.996322 0.000000
vn -0.085684 -0.996322 0.000000
vn -0.085684 -0.996322 0.000000
vn -0.004526 -0.999989 0.001218
vn -0.085684 -0.996322 -0.001205
vn -0.005596 -0.999984 -0.000000
vn -0.085684 -0.996322 0.000000
vn -0.033795 0.998912 0.032126
vn -0.085681 0.996294 -0.007589
vn -0.181527 0.982892 0.031162
vn -0.165179 0.986187 0.012276
vn -0.005596 0.999984 0.000000
vn -0.243598 0.969860 -0.005582
vn -0.085684 0.996322 0.000000
vn -0.085684 0.996322 0.000000
vn -0.324800 0.945698 0.012620
vn -0.320377 0.947249 0.008813
vn -0.437664 0.899105 0.007738
vn -0.395015 0.918661 -0.005017
vn -0.165191 0.986262 0.000000
vn -0.165191 0.986262 0.000000
vn -0.005596 0.999984 0.000000
vn -0.551005 0.834490 0.004548
vn -0.466932 0.884290 -0.002389
vn -0.243602 0.969875 0.000000
vn -0.243602 0.969875 0.000000
vn -0.085684 0.996322 0.000000
vn -0.085684 0.996322 0.000000
vn -0.320390 0.947286 0.000000
vn -0.320390 0.947286 0.000000
vn -0.395020 0.918672 0.000000
vn -0.395020 0.918672 0.000000
vn -0.165191 0.986262 0.000000
vn -0.165191 0.986262 0.000000
vn -0.005596 0.999984 0.000000
vn -0.560578 0.828102 0.000000
vn -0.466934 0.884292 0.000000
vn -0.466934 0.884292 0.000000
vn -0.243602 0.969875 0.000000
vn -0.243602 0.969875 0.000000
vn -0.085684 0.996322 0.000000
vn -0.085684 0.996322 0.000000
vn -0.320390 0.947286 0.000000
vn -0.320390 0.947286 0.000000
vn -0.395020 0.918672 0.000000
vn -0.395020 0.918672 0.000000
vn -0.165191 0.986262 0.000000
vn -0.165191 0.986262 0.000000
vn -0.005596 0.999984 0.000000
vn -0.005596 0.999984 0.000000
vn -0.560578 0.828102 0.000000
vn -0.466934 0.884292 0.000000
vn -0.466934 0.884292 0.000000
vn -0.243602 0.969875 0.000000
vn -0.243602 0.969875 0.000000
vn -0.085684 0.996322 0.000000
vn -0.085684 0.996322 0.000000
vn -0.320390 0.947286 0.000000
vn -0.320390 0.947286 0.000000
vn -0.395020 0.918672 0.000000
vn -0.395020 0.918672 0.000000
vn -0.165191 0.986262 0.000000
vn -0.165191 0.986262 0.000000
vn -0.005596 0.999984 0.000000
vn -0.466934 0.884292 0.000000
vn -0.560578 0.828102 0.000000
vn -0.466934 0.884292 0.000000
vn -0.320390 0.947286 0.000000
vn -0.243602 0.969875 0.000000
vn -0.243602 0.969875 0.000000
vn -0.085684 0.996322 0.000000
vn -0.085684 0.996322 0.000000
vn -0.320390 0.947286 0.000000
vn -0.395020 0.918672 0.000000
vn -0.395020 0.918672 0.000000
vn -0.165191 0.986262 0.000000
vn -0.165191 0.986262 0.000000
vn -0.005596 0.999984 0.000000
vn -0.466934 0.884292 0.000000
vn -0.466934 0.884292 0.000000
vn -0.243602 0.969875 0.000000
vn -0.243602 0.969875 0.000000
vn -0.085684 0.996322 0.000000
vn -0.085684 0.996322 0.000000
vn -0.320390 0.947286 0.000000
vn -0.395020 0.918672 0.000000
vn -0.320390 0.947286 0.000000
vn -0.395020 0.918672 0.000000
vn -0.165191 0.986262 0.000000
vn -0.165191 0.986262 0.000000
vn -0.005596 0.999984 0.000000
vn -0.466934 0.884292 0.000000
vn -0.466934 0.884292 0.000000
vn -0.243602 0.969875 0.000000
vn -0.243602 0.969875 0.000000
vn -0.085684 0.996322 0.000000
vn -0.085684 0.996322 0.000000
vn -0.320390 0.947286 0.000000
vn -0.320390 0.947286 0.000000
vn -0.395020 0.918672 0.000000
vn -0.466934 0.884292 0.000000
vn -0.395020 0.918672 0.000000
vn -0.165191 0.986262 0.000000
vn -0.165191 0.986262 0.000000
vn -0.005596 0.999984 0.000000
vn -0.466934 0.884292 0.000000
vn -0.535404 0.844596 0.000000
vn -0.604084 0.796921 0.000000
vn -0.535404 0.844596 0.000000
vn -0.549872 0.835249 0.000727
vn -0.535404 0.844596 0.000000
vn -0.243602 0.969875 0.000000
vn -0.243602 0.969875 0.000000
vn -0.033795 0.998912 -0.032126
vn -0.005596 0.999984 0.000000
vn -0.085684 0.996322 0.000000
vn -0.165191 0.986262 0.000000
vn -0.085684 0.996322 0.000000
vn -0.320390 0.947286 0.000000
vn -0.320390 0.947286 0.000000
vn -0.395020 0.918672 0.000000
vn -0.466934 0.884292 0.000000
vn -0.395020 0.918672 0.000000
vn -0.165191 0.986262 0.000000
vn -0.085681 0.996294 0.007589
vn -0.085684 0.996322 0.000000
vn -0.085684 0.996322 0.000000
vn -0.466934 0.884292 0.000000
vn -0.535404 0.844596 0.000000
vn -0.604084 0.796921 0.000000
vn -0.535404 0.844596 0.000000
vn -0.320390 0.947286 0.000000
vn -0.243602 0.969875 0.000000
vn -0.243602 0.969875 0.000000
vn -0.165191 0.986262 0.000000
vn -0.181527 0.982892 -0.031162
vn -0.165179 0.986187 -0.012276
vn -0.165191 0.986262 0.000000
vn -0.320390 0.947286 0.000000
vn -0.243602 0.969875 0.000000
vn -0.243602 0.969875 0.000000
vn -0.320390 0.947286 0.000000
vn -0.243599 0.969860 0.005582
vn -0.395020 0.918672 0.000000
vn -0.395020 0.918672 0.000000
vn -0.466934 0.884292 0.000000
vn -0.466934 0.884292 0.000000
vn -0.324800 0.945698 -0.012620
vn -0.320377 0.947249 -0.008813
vn -0.320390 0.947286 0.000000
vn -0.535404 0.844596 0.000000
vn -0.604084 0.796921 0.000000
vn -0.535404 0.844596 0.000000
vn -0.437664 0.899105 -0.007738
vn -0.395015 0.918661 0.005017
vn -0.395020 0.918672 0.000000
vn -0.466934 0.884292 0.000000
vn -0.395020 0.918672 0.000000
vn -0.466932 0.884290 0.002389
vn -0.466934 0.884292 0.000000
vn -0.550987 0.834463 -0.009252
vn -0.604084 0.796921 0.000000
vn -0.535401 0.844592 -0.003230
vn -0.535404 0.844596 0.000000
vn -0.535404 0.844596 0.000000
vn -0.666052 -0.745906 0.000000
vn -0.666052 -0.745906 0.000000
vn -0.666052 0.745906 0.000000
vn -0.666052 0.745906 0.000000
vn 0.654861 -0.755750 0.000000
vn 0.654861 -0.755750 0.000000
vn 0.654861 0.755750 -0.000000
vn 0.654861 0.755750 0.000000
vn 0.833103 0.553119 -0.000000
vn 0.833103 0.553119 0.000000
vn 0.833103 -0.553119 0.000000
vn 0.833103 -0.553119 0.000000
vn 0.993554 -0.108709 0.032126
vn 0.998346 -0.056980 -0.007588
vn 0.998722 0.039799 0.031162
vn 0.999657 0.023149 0.012277
vn 0.990602 -0.136774 0.000000
vn 0.994656 0.103094 -0.005583
vn 0.998375 -0.056981 0.000000
vn 0.998375 -0.056981 0.000000
vn 0.982297 0.186907 0.012619
vn 0.983202 0.182309 0.008812
vn 0.952240 0.305253 0.007738
vn 0.965527 0.260255 -0.005018
vn 0.999732 0.023151 0.000000
vn 0.999732 0.023151 -0.000000
vn 0.990602 -0.136774 0.000000
vn 0.904411 0.426637 0.004548
vn 0.941741 0.336331 -0.002389
vn 0.994671 0.103096 0.000000
vn 0.994671 0.103096 -0.000000
vn 0.998375 -0.056981 0.000000
vn 0.998375 -0.056981 0.000000
vn 0.983240 0.182316 -0.000000
vn 0.983240 0.182316 0.000000
vn 0.965539 0.260259 0.000000
vn 0.965539 0.260259 -0.000000
vn 0.999732 0.023151 0.000000
vn 0.999732 0.023151 -0.000000
vn 0.990602 -0.136774 0.000000
vn 0.899451 0.437022 0.000000
vn 0.941743 0.336332 0.000000
vn 0.941743 0.336332 -0.000000
vn 0.994671 0.103096 0.000000
vn 0.994671 0.103096 -0.000000
vn 0.998375 -0.056981 0.000000
vn 0.998375 -0.056981 0.000000
vn 0.983240 0.182316 0.000000
vn 0.983240 0.182316 -0.000000
vn 0.965539 0.260259 0.000000
vn 0.965539 0.260259 -0.000000
vn 0.999732 0.023151 0.000000
vn 0.999732 0.023151 -0.000000
vn 0.990602 -0.136774 0.000000
vn 0.990602 -0.136774 0.000000
vn 0.998375 -0.056981 0.000000
vn 0.899451 0.437022 0.000000
vn 0.941743 0.336332 0.000000
vn 0.941743 0.336332 -0.000000
vn 0.994671 0.103096 0.000000
vn 0.994671 0.103096 -0.000000
vn 0.998375 -0.056981 0.000000
vn 0.983240 0.182316 0.000000
vn 0.983240 0.182316 -0.000000
vn 0.965539 0.260259 -0.000000
vn 0.965539 0.260259 0.000000
vn 0.999732 0.023151 0.000000
vn 0.999732 0.023151 -0.000000
vn 0.990602 -0.136774 0.000000
vn 0.941743 0.336332 -0.000000
vn 0.899451 0.437022 0.000000
vn 0.941743 0.336332 0.000000
vn 0.994671 0.103096 -0.000000
vn 0.983240 0.182316 0.000000
vn 0.994671 0.103096 0.000000
vn 0.998375 -0.056981 0.000000
vn 0.998375 -0.056981 0.000000
vn 0.983240 0.182316 0.000000
vn 0.965539 0.260259 -0.000000
vn 0.965539 0.260259 0.000000
vn 0.999732 0.023151 0.000000
vn 0.999732 0.023151 -0.000000
vn 0.990602 -0.136774 0.000000
vn 0.941743 0.336332 -0.000000
vn 0.941743 0.336332 0.000000
vn 0.994671 0.103096 0.000000
vn 0.994671 0.103096 -0.000000
vn 0.998375 -0.056981 0.000000
vn 0.998375 -0.056981 0.000000
vn 0.983240 0.182316 0.000000
vn 0.983240 0.182316 -0.000000
vn 0.965539 0.260259 0.000000
vn 0.965539 0.260259 -0.000000
vn 0.999732 0.023151 -0.000000
vn 0.999732 0.023151 0.000000
vn 0.990602 -0.136774 0.000000
vn 0.941743 0.336332 0.000000
vn 0.941743 0.336332 -0.000000
vn 0.994671 0.103096 -0.000000
vn 0.994671 0.103096 0.000000
vn 0.998375 -0.056981 0.000000
vn 0.998375 -0.056981 0.000000
vn 0.983240 0.182316 0.000000
vn 0.983240 0.182316 -0.000000
vn 0.965539 0.260259 0.000000
vn 0.965539 0.260259 -0.000000
vn 0.941743 0.336332 0.000000
vn 0.994671 0.103096 0.000000
vn 0.999732 0.023151 -0.000000
vn 0.999732 0.023151 0.000000
vn 0.990602 -0.136774 0.000000
vn 0.941743 0.336332 0.000000
vn 0.874779 0.484522 0.000000
vn 0.912195 0.409756 -0.000000
vn 0.912195 0.409756 -0.000000
vn 0.905002 0.425408 0.000727
vn 0.912195 0.409756 -0.000000
vn 0.994671 0.103096 0.000000
vn 0.993554 -0.108709 -0.032126
vn 0.990602 -0.136774 0.000000
vn 0.998375 -0.056981 0.000000
vn 0.998375 -0.056981 0.000000
vn 0.983240 0.182316 0.000000
vn 0.983240 0.182316 -0.000000
vn 0.965539 0.260259 0.000000
vn 0.965539 0.260259 -0.000000
vn 0.999732 0.023151 0.000000
vn 0.994671 0.103096 0.000000
vn 0.999732 0.023151 -0.000000
vn 0.998347 -0.056980 0.007588
vn 0.998375 -0.056981 0.000000
vn 0.998375 -0.056981 0.000000
vn 0.941743 0.336332 0.000000
vn 0.941743 0.336332 -0.000000
vn 0.912195 0.409756 -0.000000
vn 0.874779 0.484522 0.000000
vn 0.912195 0.409756 0.000000
vn 0.994671 0.103096 0.000000
vn 0.999732 0.023151 -0.000000
vn 0.998722 0.039799 -0.031162
vn 0.994671 0.103096 0.000000
vn 0.999657 0.023149 -0.012277
vn 0.999732 0.023151 0.000000
vn 0.983240 0.182316 -0.000000
vn 0.983240 0.182316 0.000000
vn 0.994671 0.103096 0.000000
vn 0.994656 0.103094 0.005583
vn 0.965539 0.260259 -0.000000
vn 0.965539 0.260259 0.000000
vn 0.941743 0.336332 0.000000
vn 0.941743 0.336332 -0.000000
vn 0.982297 0.186907 -0.012619
vn 0.983202 0.182309 -0.008812
vn 0.983240 0.182316 -0.000000
vn 0.983240 0.182316 0.000000
vn 0.874779 0.484522 0.000000
vn 0.912195 0.409756 -0.000000
vn 0.912195 0.409756 0.000000
vn 0.952240 0.305253 -0.007738
vn 0.965527 0.260255 0.005018
vn 0.965539 0.260259 0.000000
vn 0.965539 0.260259 -0.000000
vn 0.941743 0.336332 0.000000
vn 0.941741 0.336331 0.002389
vn 0.941743 0.336332 -0.000000
vn 0.904382 0.426623 -0.009252
vn 0.874779 0.484522 0.000000
vn 0.912195 0.409756 0.000000
vn 0.912190 0.409754 -0.003230
vn 0.912195 0.409756 -0.000000
vn 0.905026 -0.425251 0.009467
vn 0.912189 -0.409753 0.003769
vn 0.941740 -0.336331 -0.002624
vn 0.969436 -0.242750 0.035591
vn 0.965322 -0.260200 0.021189
vn 0.983239 -0.182315 -0.001342
vn 0.874779 -0.484522 0.000000
vn 0.912195 -0.409756 0.000000
vn 0.912195 -0.409756 0.000000
vn 0.997371 -0.065051 0.031922
vn 0.994670 -0.103096 0.001585
vn 0.941743 -0.336332 0.000000
vn 0.941743 -0.336332 0.000000
vn 0.965539 -0.260259 0.000000
vn 0.965539 -0.260259 0.000000
vn 0.998459 0.055427 0.002828
vn 0.999729 -0.023151 -0.002433
vn 0.983240 -0.182316 0.000000
vn 0.983240 -0.182316 0.000000
vn 0.874779 -0.484522 0.000000
vn 0.912195 -0.409756 0.000000
vn 0.912195 -0.409756 0.000000
vn 0.990455 0.137833 -0.001218
vn 0.998375 0.056981 0.001205
vn 0.994671 -0.103096 0.000000
vn 0.994671 -0.103096 0.000000
vn 0.941743 -0.336332 0.000000
vn 0.941743 -0.336332 0.000000
vn 0.965539 -0.260259 0.000000
vn 0.965539 -0.260259 0.000000
vn 0.999732 -0.023151 0.000000
vn 0.999732 -0.023151 0.000000
vn 0.983240 -0.182316 0.000000
vn 0.983240 -0.182316 0.000000
vn 0.874779 -0.484522 0.000000
vn 0.912195 -0.409756 0.000000
vn 0.912195 -0.409756 0.000000
vn 0.990602 0.136774 0.000000
vn 0.998375 0.056981 0.000000
vn 0.998375 0.056981 -0.000000
vn 0.994671 -0.103096 0.000000
vn 0.994671 -0.103096 0.000000
vn 0.941743 -0.336332 0.000000
vn 0.941743 -0.336332 0.000000
vn 0.965539 -0.260259 0.000000
vn 0.965539 -0.260259 0.000000
vn 0.999732 -0.023151 0.000000
vn 0.999732 -0.023151 0.000000
vn 0.983240 -0.182316 0.000000
vn 0.983240 -0.182316 0.000000
vn 0.874779 -0.484522 0.000000
vn 0.874779 -0.484522 0.000000
vn 0.912195 -0.409756 0.000000
vn 0.912195 -0.409756 0.000000
vn 0.998375 0.056981 -0.000000
vn 0.990602 0.136774 0.000000
vn 0.998375 0.056981 0.000000
vn 0.994671 -0.103096 0.000000
vn 0.994671 -0.103096 0.000000
vn 0.941743 -0.336332 0.000000
vn 0.941743 -0.336332 0.000000
vn 0.965539 -0.260259 0.000000
vn 0.965539 -0.260259 0.000000
vn 0.999732 -0.023151 0.000000
vn 0.999732 -0.023151 0.000000
vn 0.983240 -0.182316 0.000000
vn 0.983240 -0.182316 0.000000
vn 0.994671 -0.103096 0.000000
vn 0.874779 -0.484522 0.000000
vn 0.912195 -0.409756 0.000000
vn 0.912195 -0.409756 0.000000
vn 0.998375 0.056981 -0.000000
vn 0.990602 0.136774 0.000000
vn 0.998375 0.056981 0.000000
vn 0.994671 -0.103096 0.000000
vn 0.941743 -0.336332 0.000000
vn 0.965539 -0.260259 0.000000
vn 0.941743 -0.336332 0.000000
vn 0.965539 -0.260259 0.000000
vn 0.999732 -0.023151 0.000000
vn 0.999732 -0.023151 0.000000
vn 0.983240 -0.182316 0.000000
vn 0.983240 -0.182316 0.000000
vn 0.874779 -0.484522 0.000000
vn 0.912195 -0.409756 0.000000
vn 0.912195 -0.409756 0.000000
vn 0.990602 0.136774 0.000000
vn 0.998375 0.056981 0.000000
vn 0.990602 0.136774 0.000000
vn 0.998375 0.056981 -0.000000
vn 0.994671 -0.103096 0.000000
vn 0.994671 -0.103096 0.000000
vn 0.941743 -0.336332 0.000000
vn 0.941743 -0.336332 0.000000
vn 0.965539 -0.260259 0.000000
vn 0.965539 -0.260259 0.000000
vn 0.999732 -0.023151 0.000000
vn 0.998375 0.056981 0.000000
vn 0.999732 -0.023151 0.000000
vn 0.983240 -0.182316 0.000000
vn 0.983240 -0.182316 0.000000
vn 0.874779 -0.484522 0.000000
vn 0.912195 -0.409756 0.000000
vn 0.912195 -0.409756 0.000000
vn 0.990602 0.136774 0.000000
vn 0.998375 0.056981 0.000000
vn 0.994671 -0.103096 0.000000
vn 0.994671 -0.103096 0.000000
vn 0.941743 -0.336332 0.000000
vn 0.941743 -0.336332 0.000000
vn 0.965539 -0.260259 0.000000
vn 0.965539 -0.260259 0.000000
vn 0.999732 -0.023151 0.000000
vn 0.999732 -0.023151 0.000000
vn 0.983240 -0.182316 0.000000
vn 0.983240 -0.182316 0.000000
vn 0.874779 -0.484522 0.000000
vn 0.912195 -0.409756 0.000000
vn 0.912195 -0.409756 0.000000
vn 0.990602 0.136774 0.000000
vn 0.998375 0.056981 0.000000
vn 0.998375 0.056981 -0.000000
vn 0.994671 -0.103096 0.000000
vn 0.994671 -0.103096 0.000000
vn 0.941743 -0.336332 0.000000
vn 0.941743 -0.336332 0.000000
vn 0.905026 -0.425251 -0.009467
vn 0.874779 -0.484522 0.000000
vn 0.965539 -0.260259 0.000000
vn 0.965539 -0.260259 0.000000
vn 0.912195 -0.409756 0.000000
vn 0.912195 -0.409756 0.000000
vn 0.912188 -0.409753 -0.003769
vn 0.999732 -0.023151 0.000000
vn 0.999732 -0.023151 0.000000
vn 0.941743 -0.336332 0.000000
vn 0.941743 -0.336332 0.000000
vn 0.941740 -0.336331 0.002624
vn 0.983240 -0.182316 0.000000
vn 0.983240 -0.182316 0.000000
vn 0.965539 -0.260259 0.000000
vn 0.969436 -0.242750 -0.035592
vn 0.965539 -0.260259 0.000000
vn 0.965322 -0.260200 -0.021189
vn 0.998375 0.056981 0.000000
vn 0.998375 0.056981 -0.000000
vn 0.990602 0.136774 0.000000
vn 0.994671 -0.103096 0.000000
vn 0.994671 -0.103096 0.000000
vn 0.983240 -0.182316 0.000000
vn 0.983239 -0.182315 0.001342
vn 0.983240 -0.182316 0.000000
vn 0.999732 -0.023151 0.000000
vn 0.999732 -0.023151 0.000000
vn 0.994671 -0.103096 0.000000
vn 0.997371 -0.065051 -0.031922
vn 0.994671 -0.103096 0.000000
vn 0.994670 -0.103096 -0.001585
vn 0.998459 0.055427 -0.002828
vn 0.999729 -0.023151 0.002433
vn 0.999732 -0.023151 0.000000
vn 0.999732 -0.023151 0.000000
vn 0.990602 0.136774 0.000000
vn 0.998375 0.056981 0.000000
vn 0.998375 0.056981 -0.000000
vn 0.998375 0.056981 -0.000000
vn 0.990455 0.137833 0.001218
vn 0.998375 0.056981 -0.001205
vn 0.990602 0.136774 0.000000
vn 0.998375 0.056981 0.000000
vn 0.415415 -0.909632 0.000000
vn 0.415415 -0.909632 0.000000
vn 0.415415 0.909632 -0.000000
vn 0.415415 0.909632 0.000000
vn -0.914049 -0.405494 0.009467
vn -0.907028 -0.421054 0.003770
vn -0.870890 -0.491471 -0.002623
vn -0.818303 -0.573684 0.035592
vn -0.828798 -0.559146 0.021188
vn -0.781669 -0.623692 -0.001342
vn -0.939035 -0.343821 0.000000
vn -0.907034 -0.421057 0.000000
vn -0.907034 -0.421057 0.000000
vn -0.702301 -0.711164 0.031922
vn -0.729285 -0.684208 0.001585
vn -0.870893 -0.491473 0.000000
vn -0.870893 -0.491473 0.000000
vn -0.828984 -0.559272 0.000000
vn -0.828984 -0.559272 0.000000
vn -0.611963 -0.790882 0.002828
vn -0.672180 -0.740384 -0.002433
vn -0.781670 -0.623692 0.000000
vn -0.781670 -0.623692 0.000000
vn -0.939035 -0.343821 0.000000
vn -0.907034 -0.421057 0.000000
vn -0.907034 -0.421057 0.000000
vn -0.544443 -0.838797 -0.001218
vn -0.610733 -0.791836 0.001205
vn -0.729286 -0.684209 0.000000
vn -0.729286 -0.684209 0.000000
vn -0.870893 -0.491473 0.000000
vn -0.870893 -0.491473 0.000000
vn -0.828984 -0.559272 0.000000
vn -0.828984 -0.559272 0.000000
vn -0.672182 -0.740386 0.000000
vn -0.672182 -0.740386 0.000000
vn -0.781670 -0.623692 0.000000
vn -0.781670 -0.623692 0.000000
vn -0.939035 -0.343821 0.000000
vn -0.907034 -0.421057 0.000000
vn -0.907034 -0.421057 0.000000
vn -0.545340 -0.838215 -0.000000
vn -0.610733 -0.791836 0.000000
vn -0.610733 -0.791836 0.000000
vn -0.729286 -0.684209 0.000000
vn -0.729286 -0.684209 0.000000
vn -0.870893 -0.491473 0.000000
vn -0.870893 -0.491473 0.000000
vn -0.828984 -0.559272 0.000000
vn -0.828984 -0.559272 0.000000
vn -0.672182 -0.740386 0.000000
vn -0.672182 -0.740386 0.000000
vn -0.781670 -0.623692 0.000000
vn -0.781670 -0.623692 0.000000
vn -0.939035 -0.343821 0.000000
vn -0.939035 -0.343821 0.000000
vn -0.907034 -0.421057 0.000000
vn -0.907034 -0.421057 0.000000
vn -0.610733 -0.791836 0.000000
vn -0.545340 -0.838215 -0.000000
vn -0.610733 -0.791836 0.000000
vn -0.729286 -0.684209 0.000000
vn -0.729286 -0.684209 0.000000
vn -0.870893 -0.491473 0.000000
vn -0.870893 -0.491473 0.000000
vn -0.828984 -0.559272 0.000000
vn -0.828984 -0.559272 0.000000
vn -0.672182 -0.740386 0.000000
vn -0.672182 -0.740386 0.000000
vn -0.781670 -0.623692 0.000000
vn -0.781670 -0.623692 0.000000
vn -0.729286 -0.684209 -0.000000
vn -0.939035 -0.343821 0.000000
vn -0.907034 -0.421057 0.000000
vn -0.907034 -0.421057 0.000000
vn -0.610733 -0.791836 0.000000
vn -0.545340 -0.838215 -0.000000
vn -0.610733 -0.791836 0.000000
vn -0.729286 -0.684209 0.000000
vn -0.870893 -0.491473 0.000000
vn -0.870893 -0.491473 0.000000
vn -0.781670 -0.623692 -0.000000
vn -0.828984 -0.559272 0.000000
vn -0.828984 -0.559272 0.000000
vn -0.672182 -0.740386 0.000000
vn -0.672182 -0.740386 0.000000
vn -0.781670 -0.623692 0.000000
vn -0.939035 -0.343821 0.000000
vn -0.907034 -0.421057 -0.000000
vn -0.907034 -0.421057 0.000000
vn -0.545340 -0.838215 -0.000000
vn -0.610733 -0.791836 0.000000
vn -0.545340 -0.838215 -0.000000
vn -0.610733 -0.791836 0.000000
vn -0.729286 -0.684209 0.000000
vn -0.729286 -0.684209 0.000000
vn -0.870893 -0.491473 0.000000
vn -0.870893 -0.491473 0.000000
vn -0.828984 -0.559272 0.000000
vn -0.828984 -0.559272 0.000000
vn -0.781670 -0.623692 -0.000000
vn -0.672182 -0.740386 0.000000
vn -0.672182 -0.740386 0.000000
vn -0.781670 -0.623692 0.000000
vn -0.939035 -0.343821 0.000000
vn -0.907034 -0.421057 0.000000
vn -0.907034 -0.421057 0.000000
vn -0.545340 -0.838215 -0.000000
vn -0.610733 -0.791836 0.000000
vn -0.610733 -0.791836 0.000000
vn -0.729286 -0.684209 0.000000
vn -0.672182 -0.740386 -0.000000
vn -0.729286 -0.684209 0.000000
vn -0.870893 -0.491473 0.000000
vn -0.870893 -0.491473 0.000000
vn -0.828984 -0.559272 0.000000
vn -0.828984 -0.559272 0.000000
vn -0.672182 -0.740386 0.000000
vn -0.781670 -0.623692 0.000000
vn -0.781670 -0.623692 0.000000
vn -0.939035 -0.343821 0.000000
vn -0.907034 -0.421057 0.000000
vn -0.907034 -0.421057 0.000000
vn -0.545340 -0.838215 -0.000000
vn -0.610733 -0.791836 0.000000
vn -0.610733 -0.791836 0.000000
vn -0.729286 -0.684209 0.000000
vn -0.729286 -0.684209 0.000000
vn -0.870893 -0.491473 0.000000
vn -0.870893 -0.491473 0.000000
vn -0.914049 -0.405494 -0.009467
vn -0.939035 -0.343821 0.000000
vn -0.828984 -0.559272 0.000000
vn -0.828984 -0.559272 0.000000
vn -0.907034 -0.421057 0.000000
vn -0.907034 -0.421057 0.000000
vn -0.907028 -0.421054 -0.003770
vn -0.672182 -0.740386 0.000000
vn -0.672182 -0.740386 0.000000
vn -0.870893 -0.491473 0.000000
vn -0.870890 -0.491471 0.002623
vn -0.870893 -0.491473 0.000000
vn -0.781670 -0.623692 0.000000
vn -0.781670 -0.623692 0.000000
vn -0.818303 -0.573684 -0.035592
vn -0.828984 -0.559272 0.000000
vn -0.828798 -0.559146 -0.021188
vn -0.828984 -0.559272 0.000000
vn -0.610733 -0.791836 0.000000
vn -0.610733 -0.791836 0.000000
vn -0.545340 -0.838215 -0.000000
vn -0.729286 -0.684209 0.000000
vn -0.729286 -0.684209 0.000000
vn -0.781670 -0.623692 0.000000
vn -0.781670 -0.623692 0.000000
vn -0.781669 -0.623692 0.001342
vn -0.672182 -0.740386 0.000000
vn -0.672182 -0.740386 0.000000
vn -0.729286 -0.684209 0.000000
vn -0.702301 -0.711164 -0.031922
vn -0.729286 -0.684209 0.000000
vn -0.729285 -0.684208 -0.001585
vn -0.611963 -0.790882 -0.002828
vn -0.672180 -0.740384 0.002433
vn -0.672182 -0.740386 0.000000
vn -0.672182 -0.740386 0.000000
vn -0.545340 -0.838215 -0.000000
vn -0.610733 -0.791836 0.000000
vn -0.610733 -0.791836 0.000000
vn -0.544443 -0.838797 0.001218
vn -0.545340 -0.838215 -0.000000
vn -0.610733 -0.791836 -0.001205
vn -0.610733 -0.791836 0.000000
vn -0.610733 -0.791836 0.000000
vn -0.568483 0.822067 0.032125
vn -0.610716 0.791814 -0.007589
vn -0.684101 0.728721 0.031161
vn -0.672131 0.740330 0.012277
vn -0.545340 0.838215 0.000000
vn -0.729275 0.684198 -0.005584
vn -0.610733 0.791836 0.000000
vn -0.610733 0.791836 0.000000
vn -0.784523 0.619972 0.012619
vn -0.781640 0.623668 0.008811
vn -0.854279 0.519757 0.007737
vn -0.828974 0.559265 -0.005018
vn -0.672182 0.740386 0.000000
vn -0.672182 0.740386 0.000000
vn -0.545340 0.838215 0.000000
vn -0.914694 0.404121 0.004548
vn -0.870890 0.491472 -0.002389
vn -0.729286 0.684209 0.000000
vn -0.729286 0.684209 0.000000
vn -0.610733 0.791836 0.000000
vn -0.610733 0.791836 0.000000
vn -0.781670 0.623692 0.000000
vn -0.781670 0.623692 0.000000
vn -0.828984 0.559272 0.000000
vn -0.828984 0.559272 0.000000
vn -0.672182 0.740386 0.000000
vn -0.672182 0.740386 0.000000
vn -0.545340 0.838215 0.000000
vn -0.919294 0.393571 0.000000
vn -0.870893 0.491473 0.000000
vn -0.870893 0.491473 0.000000
vn -0.729286 0.684209 0.000000
vn -0.729286 0.684209 0.000000
vn -0.610733 0.791836 0.000000
vn -0.610733 0.791836 0.000000
vn -0.781670 0.623692 0.000000
vn -0.781670 0.623692 0.000000
vn -0.828984 0.559272 0.000000
vn -0.828984 0.559272 0.000000
vn -0.672182 0.740386 0.000000
vn -0.672182 0.740386 0.000000
vn -0.545340 0.838215 0.000000
vn -0.545340 0.838215 0.000000
vn -0.919294 0.393571 0.000000
vn -0.870893 0.491473 0.000000
vn -0.870893 0.491473 0.000000
vn -0.729286 0.684209 0.000000
vn -0.729286 0.684209 0.000000
vn -0.610733 0.791836 0.000000
vn -0.610733 0.791836 0.000000
vn -0.781670 0.623692 0.000000
vn -0.781670 0.623692 0.000000
vn -0.828984 0.559272 0.000000
vn -0.828984 0.559272 0.000000
vn -0.672182 0.740386 0.000000
vn -0.672182 0.740386 0.000000
vn -0.545340 0.838215 0.000000
vn -0.870893 0.491473 0.000000
vn -0.919294 0.393571 0.000000
vn -0.870893 0.491473 0.000000
vn -0.781670 0.623692 0.000000
vn -0.729286 0.684209 0.000000
vn -0.729286 0.684209 0.000000
vn -0.610733 0.791836 0.000000
vn -0.610733 0.791836 0.000000
vn -0.781670 0.623692 0.000000
vn -0.828984 0.559272 0.000000
vn -0.828984 0.559272 0.000000
vn -0.672182 0.740386 0.000000
vn -0.672182 0.740386 0.000000
vn -0.545340 0.838215 0.000000
vn -0.870893 0.491473 0.000000
vn -0.870893 0.491473 0.000000
vn -0.729286 0.684209 0.000000
vn -0.729286 0.684209 0.000000
vn -0.610733 0.791836 0.000000
vn -0.610733 0.791836 0.000000
vn -0.781670 0.623692 0.000000
vn -0.828984 0.559272 0.000000
vn -0.781670 0.623692 0.000000
vn -0.828984 0.559272 0.000000
vn -0.672182 0.740386 0.000000
vn -0.672182 0.740386 0.000000
vn -0.545340 0.838215 0.000000
vn -0.870893 0.491473 0.000000
vn -0.870893 0.491473 0.000000
vn -0.729286 0.684209 0.000000
vn -0.729286 0.684209 0.000000
vn -0.610733 0.791836 0.000000
vn -0.610733 0.791836 0.000000
vn -0.781670 0.623692 0.000000
vn -0.781670 0.623692 0.000000
vn -0.828984 0.559272 0.000000
vn -0.870893 0.491473 0.000000
vn -0.828984 0.559272 0.000000
vn -0.672182 0.740386 0.000000
vn -0.672182 0.740386 0.000000
vn -0.545340 0.838215 0.000000
vn -0.870893 0.491473 0.000000
vn -0.907034 0.421057 0.000000
vn -0.939035 0.343821 0.000000
vn -0.907034 0.421057 0.000000
vn -0.914152 0.405371 0.000727
vn -0.907034 0.421057 0.000000
vn -0.729286 0.684209 0.000000
vn -0.729286 0.684209 0.000000
vn -0.568483 0.822067 -0.032125
vn -0.545340 0.838215 0.000000
vn -0.610733 0.791836 0.000000
vn -0.672182 0.740386 0.000000
vn -0.610733 0.791836 0.000000
vn -0.781670 0.623692 0.000000
vn -0.781670 0.623692 0.000000
vn -0.828984 0.559272 0.000000
vn -0.870893 0.491473 0.000000
vn -0.828984 0.559272 0.000000
vn -0.672182 0.740386 0.000000
vn -0.610716 0.791814 0.007589
vn -0.610733 0.791836 0.000000
vn -0.610733 0.791836 0.000000
vn -0.870893 0.491473 0.000000
vn -0.907034 0.421057 0.000000
vn -0.939035 0.343821 0.000000
vn -0.907034 0.421057 0.000000
vn -0.781670 0.623692 0.000000
vn -0.729286 0.684209 0.000000
vn -0.729286 0.684209 0.000000
vn -0.672182 0.740386 0.000000
vn -0.684101 0.728721 -0.031162
vn -0.672131 0.740331 -0.012277
vn -0.672182 0.740386 0.000000
vn -0.781670 0.623692 0.000000
vn -0.729286 0.684209 0.000000
vn -0.729286 0.684209 0.000000
vn -0.781670 0.623692 0.000000
vn -0.729275 0.684198 0.005584
vn -0.828984 0.559272 0.000000
vn -0.828984 0.559272 0.000000
vn -0.870893 0.491473 0.000000
vn -0.870893 0.491473 0.000000
vn -0.784523 0.619972 -0.012619
vn -0.781640 0.623668 -0.008811
vn -0.781670 0.623692 0.000000
vn -0.907034 0.421057 0.000000
vn -0.939035 0.343821 0.000000
vn -0.907034 0.421057 0.000000
vn -0.854279 0.519757 -0.007737
vn -0.828974 0.559265 0.005018
vn -0.828984 0.559272 0.000000
vn -0.870893 0.491473 0.000000
vn -0.828984 0.559272 0.000000
vn -0.870890 0.491472 0.002389
vn -0.870893 0.491473 0.000000
vn -0.914665 0.404108 -0.009252
vn -0.939035 0.343821 0.000000
vn -0.907030 0.421054 -0.003230
vn -0.907034 0.421057 0.000000
vn -0.907034 0.421057 0.000000
vn -0.963585 -0.267401 0.000000
vn -0.963585 -0.267401 0.000000
vn -0.963585 0.267401 0.000000
vn -0.963585 0.267401 0.000000
vn 0.142315 -0.989821 0.000000
vn 0.142315 -0.989821 0.000000
vn 0.142315 0.989821 -0.000000
vn 0.142315 0.989821 0.000000
vn 0.999889 0.014904 -0.000000
vn 0.999889 0.014904 0.000000
vn 0.999889 -0.014904 0.000000
vn 0.999889 -0.014904 0.000000
vn 0.777059 -0.628608 0.032126
vn 0.809057 -0.587681 -0.007589
vn 0.861695 -0.506469 0.031161
vn 0.853480 -0.520980 0.012277
vn 0.759402 -0.650622 0.000000
vn 0.892494 -0.451024 -0.005583
vn 0.809080 -0.587698 0.000000
vn 0.809080 -0.587698 0.000000
vn 0.927410 -0.373833 0.012619
vn 0.925686 -0.378191 0.008812
vn 0.966107 -0.258024 0.007737
vn 0.952958 -0.303061 -0.005019
vn 0.853545 -0.521020 0.000000
vn 0.853545 -0.521020 0.000000
vn 0.759402 -0.650622 0.000000
vn 0.991497 -0.130052 0.004548
vn 0.974077 -0.226205 -0.002389
vn 0.892508 -0.451031 0.000000
vn 0.892508 -0.451031 0.000000
vn 0.809080 -0.587698 0.000000
vn 0.809080 -0.587698 0.000000
vn 0.925721 -0.378206 0.000000
vn 0.925721 -0.378206 0.000000
vn 0.952970 -0.303065 0.000000
vn 0.952970 -0.303065 0.000000
vn 0.853545 -0.521020 0.000000
vn 0.853545 -0.521020 0.000000
vn 0.759402 -0.650622 0.000000
vn 0.992938 -0.118634 0.000000
vn 0.974080 -0.226206 0.000000
vn 0.974080 -0.226206 0.000000
vn 0.892508 -0.451031 0.000000
vn 0.892508 -0.451031 0.000000
vn 0.809080 -0.587698 0.000000
vn 0.809080 -0.587698 0.000000
vn 0.925721 -0.378206 0.000000
vn 0.925721 -0.378206 0.000000
vn 0.952970 -0.303065 0.000000
vn 0.952970 -0.303065 0.000000
vn 0.853545 -0.521020 0.000000
vn 0.853545 -0.521020 0.000000
vn 0.759402 -0.650622 0.000000
vn 0.759402 -0.650622 0.000000
vn 0.992938 -0.118634 0.000000
vn 0.974080 -0.226206 0.000000
vn 0.974080 -0.226206 0.000000
vn 0.892508 -0.451031 0.000000
vn 0.892508 -0.451031 0.000000
vn 0.809080 -0.587698 0.000000
vn 0.809080 -0.587698 0.000000
vn 0.925722 -0.378206 0.000000
vn 0.925722 -0.378206 0.000000
vn 0.952970 -0.303065 0.000000
vn 0.952970 -0.303065 0.000000
vn 0.853545 -0.521020 0.000000
vn 0.853545 -0.521020 0.000000
vn 0.759402 -0.650622 0.000000
vn 0.974080 -0.226206 0.000000
vn 0.992938 -0.118634 0.000000
vn 0.974080 -0.226206 0.000000
vn 0.892508 -0.451031 0.000000
vn 0.892508 -0.451031 0.000000
vn 0.809080 -0.587698 0.000000
vn 0.809080 -0.587698 0.000000
vn 0.925721 -0.378206 0.000000
vn 0.925721 -0.378206 0.000000
vn 0.952970 -0.303065 0.000000
vn 0.952970 -0.303065 0.000000
vn 0.853545 -0.521020 0.000000
vn 0.853545 -0.521020 0.000000
vn 0.759402 -0.650622 0.000000
vn 0.974080 -0.226206 0.000000
vn 0.974080 -0.226206 0.000000
vn 0.892508 -0.451031 0.000000
vn 0.892508 -0.451031 0.000000
vn 0.809080 -0.587698 0.000000
vn 0.809080 -0.587698 0.000000
vn 0.925721 -0.378206 0.000000
vn 0.925721 -0.378206 0.000000
vn 0.974079 -0.226206 0.000000
vn 0.952970 -0.303065 0.000000
vn 0.952970 -0.303065 0.000000
vn 0.853545 -0.521020 0.000000
vn 0.853545 -0.521020 0.000000
vn 0.759402 -0.650622 0.000000
vn 0.974079 -0.226206 0.000000
vn 0.892508 -0.451031 0.000000
vn 0.892508 -0.451031 0.000000
vn 0.809080 -0.587698 0.000000
vn 0.809080 -0.587698 0.000000
vn 0.925721 -0.378206 0.000000
vn 0.925721 -0.378206 0.000000
vn 0.952970 -0.303065 0.000000
vn 0.952970 -0.303065 0.000000
vn 0.892508 -0.451031 0.000000
vn 0.853545 -0.521020 0.000000
vn 0.853545 -0.521020 0.000000
vn 0.759402 -0.650622 0.000000
vn 0.974079 -0.226206 0.000000
vn 0.974079 -0.226206 0.000000
vn 0.997863 -0.065336 0.000000
vn 0.988918 -0.148460 0.000000
vn 0.988918 -0.148460 0.000000
vn 0.991329 -0.131405 0.000727
vn 0.988918 -0.148460 0.000000
vn 0.892508 -0.451031 0.000000
vn 0.777058 -0.628608 -0.032126
vn 0.759402 -0.650622 0.000000
vn 0.809080 -0.587698 0.000000
vn 0.809080 -0.587698 0.000000
vn 0.925721 -0.378206 0.000000
vn 0.925721 -0.378206 0.000000
vn 0.952970 -0.303065 0.000000
vn 0.952970 -0.303065 0.000000
vn 0.853545 -0.521020 0.000000
vn 0.853545 -0.521020 0.000000
vn 0.809057 -0.587681 0.007589
vn 0.809080 -0.587698 0.000000
vn 0.809080 -0.587698 0.000000
vn 0.974079 -0.226206 0.000000
vn 0.974079 -0.226206 0.000000
vn 0.988918 -0.148460 0.000000
vn 0.997863 -0.065336 0.000000
vn 0.988918 -0.148460 0.000000
vn 0.892508 -0.451031 0.000000
vn 0.892508 -0.451031 0.000000
vn 0.925721 -0.378206 0.000000
vn 0.853545 -0.521020 0.000000
vn 0.861695 -0.506469 -0.031161
vn 0.853480 -0.520980 -0.012277
vn 0.853545 -0.521020 0.000000
vn 0.925721 -0.378206 0.000000
vn 0.892508 -0.451031 0.000000
vn 0.892508 -0.451031 0.000000
vn 0.925721 -0.378206 0.000000
vn 0.892494 -0.451024 0.005583
vn 0.952970 -0.303065 0.000000
vn 0.952970 -0.303065 0.000000
vn 0.974080 -0.226206 0.000000
vn 0.974080 -0.226206 0.000000
vn 0.988918 -0.148460 0.000000
vn 0.927410 -0.373833 -0.012619
vn 0.925686 -0.378191 -0.008812
vn 0.925721 -0.378206 0.000000
vn 0.997863 -0.065336 0.000000
vn 0.988918 -0.148460 0.000000
vn 0.966107 -0.258024 -0.007737
vn 0.952958 -0.303061 0.005019
vn 0.952970 -0.303065 0.000000
vn 0.952970 -0.303065 0.000000
vn 0.974080 -0.226206 0.000000
vn 0.974077 -0.226205 0.002389
vn 0.988918 -0.148460 0.000000
vn 0.974080 -0.226206 0.000000
vn 0.991464 -0.130048 -0.009252
vn 0.997863 -0.065336 0.000000
vn 0.988918 -0.148460 0.000000
vn 0.988913 -0.148459 -0.003230
vn 0.991264 0.131551 0.009467
vn 0.988911 0.148459 0.003770
vn 0.974076 0.226205 -0.002624
vn 0.946782 0.319903 0.035592
vn 0.952756 0.302997 0.021188
vn 0.925721 0.378206 -0.001341
vn 0.997863 0.065336 0.000000
vn 0.988918 0.148460 -0.000000
vn 0.988918 0.148460 0.000000
vn 0.874211 0.484495 0.031922
vn 0.892507 0.451031 0.001586
vn 0.974080 0.226206 0.000000
vn 0.974080 0.226206 -0.000000
vn 0.952970 0.303065 0.000000
vn 0.952970 0.303065 -0.000000
vn 0.809991 0.586435 0.002828
vn 0.853542 0.521018 -0.002432
vn 0.925721 0.378206 0.000000
vn 0.925721 0.378206 -0.000000
vn 0.997863 0.065336 0.000000
vn 0.988918 0.148460 0.000000
vn 0.988918 0.148460 -0.000000
vn 0.758705 0.651433 -0.001218
vn 0.809080 0.587698 0.001205
vn 0.892508 0.451031 -0.000000
vn 0.892508 0.451031 0.000000
vn 0.974080 0.226206 -0.000000
vn 0.974080 0.226206 0.000000
vn 0.952970 0.303065 0.000000
vn 0.952970 0.303065 -0.000000
vn 0.853545 0.521020 0.000000
vn 0.853545 0.521020 -0.000000
vn 0.925721 0.378206 0.000000
vn 0.925721 0.378206 -0.000000
vn 0.997863 0.065336 0.000000
vn 0.988918 0.148460 0.000000
vn 0.988918 0.148460 -0.000000
vn 0.759402 0.650622 0.000000
vn 0.809080 0.587698 0.000000
vn 0.809080 0.587698 -0.000000
vn 0.892508 0.451031 0.000000
vn 0.892508 0.451031 -0.000000
vn 0.974080 0.226206 0.000000
vn 0.974080 0.226206 -0.000000
vn 0.952970 0.303065 0.000000
vn 0.952970 0.303065 -0.000000
vn 0.853545 0.521020 0.000000
vn 0.853545 0.521020 -0.000000
vn 0.925722 0.378206 0.000000
vn 0.925722 0.378206 -0.000000
vn 0.997863 0.065336 -0.000000
vn 0.997863 0.065336 0.000000
vn 0.988918 0.148460 -0.000000
vn 0.988918 0.148460 0.000000
vn 0.809080 0.587698 -0.000000
vn 0.759402 0.650622 0.000000
vn 0.809080 0.587698 0.000000
vn 0.892508 0.451031 -0.000000
vn 0.892508 0.451031 0.000000
vn 0.974080 0.226206 -0.000000
vn 0.974080 0.226206 0.000000
vn 0.952970 0.303065 -0.000000
vn 0.952970 0.303065 0.000000
vn 0.853545 0.521020 0.000000
vn 0.853545 0.521020 -0.000000
vn 0.925721 0.378206 0.000000
vn 0.925721 0.378206 -0.000000
vn 0.997863 0.065336 0.000000
vn 0.988918 0.148460 0.000000
vn 0.988918 0.148460 0.000000
vn 0.809080 0.587698 -0.000000
vn 0.759402 0.650622 0.000000
vn 0.809080 0.587698 0.000000
vn 0.892508 0.451031 -0.000000
vn 0.892508 0.451031 0.000000
vn 0.974079 0.226206 0.000000
vn 0.952970 0.303065 0.000000
vn 0.974079 0.226206 -0.000000
vn 0.952970 0.303065 0.000000
vn 0.853545 0.521020 0.000000
vn 0.853545 0.521020 -0.000000
vn 0.925721 0.378206 0.000000
vn 0.925721 0.378206 -0.000000
vn 0.997863 0.065336 0.000000
vn 0.988918 0.148460 0.000000
vn 0.988918 0.148460 0.000000
vn 0.759402 0.650622 0.000000
vn 0.809080 0.587698 0.000000
vn 0.759402 0.650622 0.000000
vn 0.809080 0.587698 -0.000000
vn 0.892508 0.451031 0.000000
vn 0.892508 0.451031 -0.000000
vn 0.974079 0.226206 -0.000000
vn 0.974079 0.226206 0.000000
vn 0.952970 0.303065 0.000000
vn 0.952970 0.303065 0.000000
vn 0.853545 0.521020 0.000000
vn 0.853545 0.521020 -0.000000
vn 0.925721 0.378206 0.000000
vn 0.925721 0.378206 -0.000000
vn 0.997863 0.065336 0.000000
vn 0.988918 0.148460 0.000000
vn 0.988918 0.148460 -0.000000
vn 0.759402 0.650622 0.000000
vn 0.809080 0.587698 0.000000
vn 0.809080 0.587698 -0.000000
vn 0.892508 0.451031 -0.000000
vn 0.892508 0.451031 0.000000
vn 0.974079 0.226206 -0.000000
vn 0.974079 0.226206 0.000000
vn 0.952970 0.303065 0.000000
vn 0.952970 0.303065 -0.000000
vn 0.853545 0.521020 0.000000
vn 0.853545 0.521020 -0.000000
vn 0.925721 0.378206 0.000000
vn 0.925721 0.378206 -0.000000
vn 0.997863 0.065336 0.000000
vn 0.988918 0.148460 0.000000
vn 0.988918 0.148460 -0.000000
vn 0.759402 0.650622 0.000000
vn 0.809080 0.587698 0.000000
vn 0.809080 0.587698 -0.000000
vn 0.892508 0.451031 0.000000
vn 0.892508 0.451031 -0.000000
vn 0.974080 0.226206 0.000000
vn 0.974080 0.226206 -0.000000
vn 0.991264 0.131551 -0.009467
vn 0.997863 0.065336 0.000000
vn 0.952970 0.303065 -0.000000
vn 0.952970 0.303065 0.000000
vn 0.988918 0.148460 0.000000
vn 0.988918 0.148460 -0.000000
vn 0.988911 0.148459 -0.003770
vn 0.853545 0.521020 -0.000000
vn 0.853545 0.521020 0.000000
vn 0.974080 0.226206 -0.000000
vn 0.974076 0.226205 0.002624
vn 0.974080 0.226206 0.000000
vn 0.925721 0.378206 -0.000000
vn 0.925721 0.378206 0.000000
vn 0.946782 0.319903 -0.035592
vn 0.952970 0.303065 0.000000
vn 0.952756 0.302997 -0.021188
vn 0.952970 0.303065 -0.000000
vn 0.809080 0.587698 0.000000
vn 0.759402 0.650622 0.000000
vn 0.809080 0.587698 -0.000000
vn 0.892508 0.451031 -0.000000
vn 0.853545 0.521020 0.000000
vn 0.892508 0.451031 0.000000
vn 0.925721 0.378206 0.000000
vn 0.925721 0.378206 -0.000000
vn 0.925721 0.378206 0.001341
vn 0.853545 0.521020 0.000000
vn 0.892508 0.451031 0.000000
vn 0.874211 0.484495 -0.031922
vn 0.892508 0.451031 -0.000000
vn 0.892507 0.451031 -0.001586
vn 0.853545 0.521020 0.000000
vn 0.809991 0.586435 -0.002828
vn 0.853542 0.521018 0.002432
vn 0.853545 0.521020 0.000000
vn 0.759402 0.650622 0.000000
vn 0.809080 0.587698 0.000000
vn 0.809080 0.587698 -0.000000
vn 0.758705 0.651433 0.001218
vn 0.809080 0.587698 -0.001205
vn 0.759402 0.650622 0.000000
vn 0.809080 0.587698 -0.000000
vn 0.809080 0.587698 0.000000
vn -0.142315 -0.989821 0.000000
vn -0.142315 -0.989821 0.000000
vn -0.142315 0.989821 0.000000
vn -0.142315 0.989821 0.000000
vn -0.988173 0.153049 0.009467
vn -0.990679 0.136164 0.003770
vn -0.998349 0.057386 -0.002623
vn -0.998557 -0.040205 0.035592
vn -0.999527 -0.022301 0.021188
vn -0.994775 -0.102081 -0.001342
vn -0.975850 0.218442 0.000000
vn -0.990686 0.136165 0.000000
vn -0.990686 0.136165 0.000000
vn -0.975298 -0.218576 0.031922
vn -0.983424 -0.181312 0.001585
vn -0.998352 0.057387 0.000000
vn -0.998352 0.057387 0.000000
vn -0.999751 -0.022306 0.000000
vn -0.999751 -0.022306 0.000000
vn -0.942399 -0.334480 0.002828
vn -0.965756 -0.259442 -0.002433
vn -0.994776 -0.102081 0.000000
vn -0.994776 -0.102081 0.000000
vn -0.975850 0.218442 0.000000
vn -0.990686 0.136165 0.000000
vn -0.990686 0.136165 0.000000
vn -0.911502 -0.411294 -0.001218
vn -0.941880 -0.335948 0.001205
vn -0.983426 -0.181312 0.000000
vn -0.983426 -0.181312 0.000000
vn -0.998352 0.057387 0.000000
vn -0.998352 0.057387 0.000000
vn -0.999751 -0.022306 0.000000
vn -0.999751 -0.022306 0.000000
vn -0.965758 -0.259443 0.000000
vn -0.965758 -0.259443 0.000000
vn -0.994776 -0.102081 0.000000
vn -0.994776 -0.102081 0.000000
vn -0.975850 0.218442 0.000000
vn -0.990686 0.136165 0.000000
vn -0.990686 0.136165 0.000000
vn -0.911942 -0.410319 -0.000000
vn -0.941881 -0.335948 0.000000
vn -0.941881 -0.335948 0.000000
vn -0.983426 -0.181312 0.000000
vn -0.983426 -0.181312 0.000000
vn -0.998352 0.057387 0.000000
vn -0.998352 0.057387 0.000000
vn -0.999751 -0.022306 0.000000
vn -0.999751 -0.022306 0.000000
vn -0.965758 -0.259443 0.000000
vn -0.965758 -0.259443 0.000000
vn -0.994776 -0.102081 0.000000
vn -0.994776 -0.102081 0.000000
vn -0.975850 0.218442 0.000000
vn -0.975850 0.218442 0.000000
vn -0.990686 0.136165 0.000000
vn -0.990686 0.136165 0.000000
vn -0.941881 -0.335948 0.000000
vn -0.911942 -0.410319 -0.000000
vn -0.941881 -0.335948 0.000000
vn -0.983426 -0.181312 0.000000
vn -0.983426 -0.181312 0.000000
vn -0.998352 0.057387 0.000000
vn -0.998352 0.057387 0.000000
vn -0.999751 -0.022306 0.000000
vn -0.999751 -0.022306 0.000000
vn -0.965758 -0.259443 0.000000
vn -0.965758 -0.259443 0.000000
vn -0.994776 -0.102081 0.000000
vn -0.994776 -0.102081 0.000000
vn -0.983426 -0.181312 -0.000000
vn -0.975850 0.218442 0.000000
vn -0.990686 0.136165 0.000000
vn -0.990686 0.136165 0.000000
vn -0.941881 -0.335948 0.000000
vn -0.911942 -0.410319 -0.000000
vn -0.941881 -0.335948 0.000000
vn -0.983426 -0.181312 0.000000
vn -0.998352 0.057387 0.000000
vn -0.999751 -0.022306 -0.000000
vn -0.998352 0.057387 0.000000
vn -0.999751 -0.022306 0.000000
vn -0.965758 -0.259443 0.000000
vn -0.965758 -0.259443 0.000000
vn -0.994776 -0.102081 0.000000
vn -0.994776 -0.102081 0.000000
vn -0.975850 0.218442 0.000000
vn -0.990686 0.136165 0.000000
vn -0.990686 0.136165 0.000000
vn -0.911942 -0.410319 -0.000000
vn -0.941881 -0.335948 0.000000
vn -0.911942 -0.410319 -0.000000
vn -0.941881 -0.335948 0.000000
vn -0.983426 -0.181312 0.000000
vn -0.983426 -0.181312 0.000000
vn -0.998352 0.057387 0.000000
vn -0.998352 0.057387 0.000000
vn -0.999751 -0.022306 -0.000000
vn -0.999751 -0.022306 0.000000
vn -0.965758 -0.259443 0.000000
vn -0.941881 -0.335948 -0.000000
vn -0.965758 -0.259443 0.000000
vn -0.994776 -0.102081 0.000000
vn -0.994776 -0.102081 0.000000
vn -0.975850 0.218442 0.000000
vn -0.990686 0.136165 0.000000
vn -0.990686 0.136165 0.000000
vn -0.911942 -0.410319 -0.000000
vn -0.941881 -0.335948 0.000000
vn -0.983426 -0.181312 0.000000
vn -0.983426 -0.181312 0.000000
vn -0.998352 0.057387 0.000000
vn -0.998352 0.057387 0.000000
vn -0.999751 -0.022306 0.000000
vn -0.999751 -0.022306 0.000000
vn -0.965758 -0.259443 0.000000
vn -0.965758 -0.259443 0.000000
vn -0.994776 -0.102081 0.000000
vn -0.994776 -0.102081 0.000000
vn -0.975850 0.218442 0.000000
vn -0.990686 0.136165 0.000000
vn -0.990686 0.136165 0.000000
vn -0.911942 -0.410319 -0.000000
vn -0.941881 -0.335948 0.000000
vn -0.941881 -0.335948 0.000000
vn -0.983426 -0.181312 0.000000
vn -0.983426 -0.181312 0.000000
vn -0.998352 0.057387 0.000000
vn -0.998352 0.057387 0.000000
vn -0.988173 0.153049 -0.009467
vn -0.975850 0.218442 0.000000
vn -0.999751 -0.022306 0.000000
vn -0.999751 -0.022306 0.000000
vn -0.990686 0.136165 0.000000
vn -0.990686 0.136165 0.000000
vn -0.990679 0.136164 -0.003770
vn -0.965758 -0.259443 0.000000
vn -0.965758 -0.259443 0.000000
vn -0.998352 0.057387 0.000000
vn -0.998352 0.057387 0.000000
vn -0.998349 0.057386 0.002623
vn -0.994776 -0.102081 0.000000
vn -0.994776 -0.102081 0.000000
vn -0.999751 -0.022306 0.000000
vn -0.998557 -0.040205 -0.035592
vn -0.999751 -0.022306 0.000000
vn -0.999527 -0.022301 -0.021188
vn -0.941881 -0.335948 0.000000
vn -0.941881 -0.335948 0.000000
vn -0.911942 -0.410319 -0.000000
vn -0.983426 -0.181312 0.000000
vn -0.983426 -0.181312 0.000000
vn -0.994776 -0.102081 0.000000
vn -0.994775 -0.102081 0.001342
vn -0.994776 -0.102081 0.000000
vn -0.965758 -0.259443 0.000000
vn -0.965758 -0.259443 0.000000
vn -0.983426 -0.181312 0.000000
vn -0.975298 -0.218576 -0.031922
vn -0.983426 -0.181312 0.000000
vn -0.983424 -0.181312 -0.001585
vn -0.942399 -0.334480 -0.002828
vn -0.965756 -0.259442 0.002433
vn -0.965758 -0.259443 0.000000
vn -0.965758 -0.259443 0.000000
vn -0.911942 -0.410319 -0.000000
vn -0.941881 -0.335948 0.000000
vn -0.941881 -0.335948 0.000000
vn -0.941881 -0.335948 0.000000
vn -0.911502 -0.411294 0.001218
vn -0.941880 -0.335948 -0.001205
vn -0.911942 -0.410319 -0.000000
vn -0.941881 -0.335948 0.000000
vn -0.922682 0.384222 0.032126
vn -0.941854 0.335938 -0.007589
vn -0.969479 0.243186 0.031161
vn -0.965686 0.259424 0.012277
vn -0.911942 0.410319 0.000000
vn -0.983410 0.181309 -0.005584
vn -0.941881 0.335948 0.000000
vn -0.941881 0.335948 0.000000
vn -0.995165 0.097408 0.012619
vn -0.994738 0.102077 0.008811
vn -0.999667 -0.024611 0.007737
vn -0.999739 0.022306 -0.005018
vn -0.965758 0.259443 0.000000
vn -0.965758 0.259443 0.000000
vn -0.911942 0.410319 0.000000
vn -0.987974 -0.154553 0.004548
vn -0.998349 -0.057386 -0.002389
vn -0.983426 0.181312 0.000000
vn -0.983426 0.181312 0.000000
vn -0.941881 0.335948 0.000000
vn -0.941881 0.335948 0.000000
vn -0.994776 0.102081 0.000000
vn -0.994776 0.102081 0.000000
vn -0.999751 0.022306 0.000000
vn -0.999751 0.022306 0.000000
vn -0.965758 0.259443 0.000000
vn -0.965758 0.259443 0.000000
vn -0.911942 0.410319 0.000000
vn -0.986140 -0.165915 -0.000000
vn -0.998352 -0.057387 0.000000
vn -0.998352 -0.057387 0.000000
vn -0.983426 0.181312 0.000000
vn -0.983426 0.181312 0.000000
vn -0.941881 0.335948 0.000000
vn -0.941881 0.335948 0.000000
vn -0.994776 0.102081 0.000000
vn -0.994776 0.102081 0.000000
vn -0.999751 0.022306 0.000000
vn -0.999751 0.022306 0.000000
vn -0.965758 0.259443 0.000000
vn -0.965758 0.259443 0.000000
vn -0.911942 0.410319 0.000000
vn -0.911942 0.410319 0.000000
vn -0.986140 -0.165915 -0.000000
vn -0.998352 -0.057387 0.000000
vn -0.998352 -0.057387 0.000000
vn -0.983426 0.181312 0.000000
vn -0.983426 0.181312 0.000000
vn -0.941881 0.335948 0.000000
vn -0.941881 0.335948 0.000000
vn -0.994776 0.102081 0.000000
vn -0.994776 0.102081 0.000000
vn -0.999751 0.022306 0.000000
vn -0.999751 0.022306 0.000000
vn -0.965758 0.259443 0.000000
vn -0.965758 0.259443 0.000000
vn -0.911942 0.410319 0.000000
vn -0.998352 -0.057387 0.000000
vn -0.986140 -0.165915 -0.000000
vn -0.998352 -0.057387 0.000000
vn -0.983426 0.181312 0.000000
vn -0.983426 0.181312 0.000000
vn -0.941881 0.335948 0.000000
vn -0.941881 0.335948 0.000000
vn -0.994776 0.102081 0.000000
vn -0.994776 0.102081 0.000000
vn -0.999751 0.022306 0.000000
vn -0.999751 0.022306 0.000000
vn -0.965758 0.259443 0.000000
vn -0.965758 0.259443 0.000000
vn -0.911942 0.410319 0.000000
vn -0.998352 -0.057387 0.000000
vn -0.998352 -0.057387 0.000000
vn -0.983426 0.181312 0.000000
vn -0.983426 0.181312 0.000000
vn -0.941881 0.335948 0.000000
vn -0.941881 0.335948 0.000000
vn -0.994776 0.102081 0.000000
vn -0.994776 0.102081 0.000000
vn -0.999751 0.022306 0.000000
vn -0.999751 0.022306 0.000000
vn -0.965758 0.259443 0.000000
vn -0.965758 0.259443 0.000000
vn -0.911942 0.410319 0.000000
vn -0.998352 -0.057387 0.000000
vn -0.998352 -0.057387 0.000000
vn -0.983426 0.181312 0.000000
vn -0.983426 0.181312 0.000000
vn -0.941881 0.335948 0.000000
vn -0.941881 0.335948 0.000000
vn -0.994776 0.102081 0.000000
vn -0.994776 0.102081 0.000000
vn -0.999751 0.022306 0.000000
vn -0.999751 0.022306 0.000000
vn -0.965758 0.259443 0.000000
vn -0.965758 0.259443 0.000000
vn -0.911942 0.410319 0.000000
vn -0.998352 -0.057387 0.000000
vn -0.998352 -0.057387 0.000000
vn -0.975850 -0.218442 -0.000000
vn -0.990686 -0.136165 0.000000
vn -0.990686 -0.136165 0.000000
vn -0.990686 -0.136165 0.000000
vn -0.988194 -0.153208 0.000727
vn -0.983426 0.181312 0.000000
vn -0.983426 0.181312 0.000000
vn -0.922682 0.384222 -0.032126
vn -0.911942 0.410319 0.000000
vn -0.941881 0.335948 0.000000
vn -0.941881 0.335948 0.000000
vn -0.994776 0.102081 0.000000
vn -0.994776 0.102081 0.000000
vn -0.999751 0.022306 0.000000
vn -0.999751 0.022306 0.000000
vn -0.983426 0.181312 0.000000
vn -0.965758 0.259443 0.000000
vn -0.965758 0.259443 0.000000
vn -0.941853 0.335938 0.007589
vn -0.941881 0.335948 0.000000
vn -0.941881 0.335948 0.000000
vn -0.998352 -0.057387 0.000000
vn -0.998352 -0.057387 0.000000
vn -0.990686 -0.136165 0.000000
vn -0.975850 -0.218442 -0.000000
vn -0.990686 -0.136165 0.000000
vn -0.983426 0.181312 0.000000
vn -0.965758 0.259443 0.000000
vn -0.969479 0.243186 -0.031161
vn -0.983426 0.181312 0.000000
vn -0.965686 0.259424 -0.012277
vn -0.965758 0.259443 0.000000
vn -0.994776 0.102081 0.000000
vn -0.994776 0.102081 0.000000
vn -0.983426 0.181312 0.000000
vn -0.983410 0.181309 0.005584
vn -0.999751 0.022306 0.000000
vn -0.999751 0.022306 0.000000
vn -0.998352 -0.057387 0.000000
vn -0.998352 -0.057387 0.000000
vn -0.995164 0.097408 -0.012619
vn -0.994738 0.102077 -0.008811
vn -0.994776 0.102081 0.000000
vn -0.994776 0.102081 0.000000
vn -0.975850 -0.218442 -0.000000
vn -0.990686 -0.136165 0.000000
vn -0.990686 -0.136165 0.000000
vn -0.999667 -0.024611 -0.007737
vn -0.999739 0.022306 0.005018
vn -0.999751 0.022306 0.000000
vn -0.999751 0.022306 0.000000
vn -0.998352 -0.057387 0.000000
vn -0.998349 -0.057386 0.002389
vn -0.990686 -0.136165 -0.000000
vn -0.998352 -0.057387 0.000000
vn -0.987942 -0.154548 -0.009252
vn -0.975850 -0.218442 -0.000000
vn -0.990686 -0.136165 0.000000
vn -0.990681 -0.136164 -0.003230
vn -0.955188 0.296001 0.000000
vn -0.955188 0.296001 0.000000
vn -0.955188 -0.296001 0.000000
vn -0.955188 -0.296001 0.000000
vn -0.415415 -0.909632 0.000000
vn -0.415415 -0.909632 0.000000
vn -0.415415 0.909632 0.000000
vn -0.415415 0.909632 0.000000
vn 0.849218 -0.528043 0.000000
vn 0.849218 -0.528043 0.000000
vn 0.849218 0.528043 -0.000000
vn 0.849218 0.528043 0.000000
vn 0.313852 -0.948928 0.032127
vn 0.362898 -0.931798 -0.007588
vn 0.451086 -0.891936 0.031161
vn 0.436330 -0.899703 0.012278
vn 0.287096 -0.957902 0.000000
vn 0.506972 -0.861944 -0.005584
vn 0.362909 -0.931825 0.000000
vn 0.362909 -0.931825 0.000000
vn 0.578078 -0.815884 0.012619
vn 0.574271 -0.818618 0.008812
vn 0.673243 -0.739381 0.007738
vn 0.637830 -0.770161 -0.005018
vn 0.436363 -0.899771 0.000000
vn 0.436363 -0.899771 0.000000
vn 0.287096 -0.957902 0.000000
vn 0.763789 -0.645450 0.004548
vn 0.697150 -0.716922 -0.002388
vn 0.506980 -0.861958 0.000000
vn 0.506980 -0.861958 0.000000
vn 0.362909 -0.931825 0.000000
vn 0.362909 -0.931825 0.000000
vn 0.574293 -0.818650 0.000000
vn 0.574293 -0.818650 0.000000
vn 0.637838 -0.770170 0.000000
vn 0.697152 -0.716924 0.000000
vn 0.637838 -0.770170 0.000000
vn 0.436363 -0.899771 0.000000
vn 0.436363 -0.899771 0.000000
vn 0.287096 -0.957902 0.000000
vn 0.771176 -0.636623 0.000000
vn 0.697152 -0.716924 0.000000
vn 0.506980 -0.861958 0.000000
vn 0.506980 -0.861958 0.000000
vn 0.362909 -0.931825 0.000000
vn 0.362909 -0.931825 0.000000
vn 0.574293 -0.818650 0.000000
vn 0.574293 -0.818650 0.000000
vn 0.637838 -0.770170 0.000000
vn 0.697152 -0.716924 0.000000
vn 0.637838 -0.770170 0.000000
vn 0.436363 -0.899771 0.000000
vn 0.436363 -0.899771 0.000000
vn 0.287096 -0.957902 0.000000
vn 0.287096 -0.957902 0.000000
vn 0.771176 -0.636623 0.000000
vn 0.697152 -0.716924 0.000000
vn 0.506980 -0.861958 0.000000
vn 0.506980 -0.861958 0.000000
vn 0.362909 -0.931825 0.000000
vn 0.362909 -0.931825 0.000000
vn 0.574293 -0.818650 0.000000
vn 0.574293 -0.818650 0.000000
vn 0.637838 -0.770170 0.000000
vn 0.637838 -0.770170 0.000000
vn 0.697152 -0.716924 0.000000
vn 0.436363 -0.899771 0.000000
vn 0.436363 -0.899771 0.000000
vn 0.287096 -0.957902 0.000000
vn 0.697152 -0.716924 0.000000
vn 0.771176 -0.636623 0.000000
vn 0.506980 -0.861958 0.000000
vn 0.506980 -0.861958 0.000000
vn 0.362909 -0.931825 0.000000
vn 0.362909 -0.931825 0.000000
vn 0.574293 -0.818650 0.000000
vn 0.574293 -0.818650 0.000000
vn 0.637838 -0.770170 0.000000
vn 0.637838 -0.770170 0.000000
vn 0.697152 -0.716924 0.000000
vn 0.436363 -0.899771 0.000000
vn 0.436363 -0.899771 0.000000
vn 0.287096 -0.957902 0.000000
vn 0.697152 -0.716924 0.000000
vn 0.506980 -0.861958 0.000000
vn 0.506980 -0.861958 0.000000
vn 0.362909 -0.931825 0.000000
vn 0.362909 -0.931825 0.000000
vn 0.574293 -0.818650 0.000000
vn 0.574293 -0.818650 0.000000
vn 0.637838 -0.770170 0.000000
vn 0.637838 -0.770170 0.000000
vn 0.436363 -0.899771 0.000000
vn 0.436363 -0.899771 0.000000
vn 0.287096 -0.957902 0.000000
vn 0.697152 -0.716924 0.000000
vn 0.697152 -0.716924 0.000000
vn 0.506980 -0.861958 0.000000
vn 0.506980 -0.861958 0.000000
vn 0.362909 -0.931825 0.000000
vn 0.362909 -0.931825 0.000000
vn 0.574293 -0.818650 0.000000
vn 0.574293 -0.818650 0.000000
vn 0.637838 -0.770170 0.000000
vn 0.637838 -0.770170 0.000000
vn 0.436363 -0.899771 0.000000
vn 0.506980 -0.861958 0.000000
vn 0.436363 -0.899771 0.000000
vn 0.287096 -0.957902 0.000000
vn 0.697151 -0.716924 0.000000
vn 0.697151 -0.716924 0.000000
vn 0.804132 -0.594451 0.000000
vn 0.762917 -0.646495 0.000727
vn 0.751670 -0.659540 0.000000
vn 0.751670 -0.659540 0.000000
vn 0.751670 -0.659540 0.000000
vn 0.506980 -0.861958 0.000000
vn 0.313852 -0.948928 -0.032127
vn 0.287096 -0.957902 0.000000
vn 0.362909 -0.931825 0.000000
vn 0.362909 -0.931825 0.000000
vn 0.574293 -0.818650 0.000000
vn 0.574293 -0.818650 0.000000
vn 0.637838 -0.770170 0.000000
vn 0.637838 -0.770170 0.000000
vn 0.436363 -0.899771 0.000000
vn 0.436363 -0.899771 0.000000
vn 0.362909 -0.931825 0.000000
vn 0.362898 -0.931798 0.007588
vn 0.362909 -0.931825 0.000000
vn 0.697152 -0.716924 0.000000
vn 0.751670 -0.659540 0.000000
vn 0.697152 -0.716924 0.000000
vn 0.804132 -0.594451 0.000000
vn 0.751670 -0.659540 0.000000
vn 0.506980 -0.861958 0.000000
vn 0.574293 -0.818650 0.000000
vn 0.506980 -0.861958 0.000000
vn 0.436363 -0.899771 0.000000
vn 0.451086 -0.891936 -0.031161
vn 0.436330 -0.899703 -0.012278
vn 0.436363 -0.899771 0.000000
vn 0.574293 -0.818650 0.000000
vn 0.506980 -0.861958 0.000000
vn 0.506980 -0.861958 0.000000
vn 0.506972 -0.861945 0.005584
vn 0.637838 -0.770170 0.000000
vn 0.637838 -0.770170 0.000000
vn 0.697152 -0.716924 0.000000
vn 0.751670 -0.659540 0.000000
vn 0.697152 -0.716924 0.000000
vn 0.574271 -0.818618 -0.008812
vn 0.578078 -0.815884 -0.012619
vn 0.574293 -0.818650 0.000000
vn 0.574293 -0.818650 0.000000
vn 0.751670 -0.659540 0.000000
vn 0.804132 -0.594451 0.000000
vn 0.673243 -0.739381 -0.007738
vn 0.637838 -0.770170 0.000000
vn 0.637838 -0.770170 0.000000
vn 0.637830 -0.770161 0.005018
vn 0.697152 -0.716924 0.000000
vn 0.697152 -0.716924 0.000000
vn 0.751670 -0.659540 0.000000
vn 0.697150 -0.716922 0.002388
vn 0.763764 -0.645429 -0.009252
vn 0.804132 -0.594451 0.000000
vn 0.751666 -0.659536 -0.003231
vn 0.751670 -0.659540 0.000000
vn 0.762783 0.646585 0.009467
vn 0.751665 0.659535 0.003771
vn 0.697149 0.716921 -0.002623
vn 0.623531 0.780988 0.035591
vn 0.637695 0.769997 0.021189
vn 0.574293 0.818649 -0.001342
vn 0.804132 0.594451 0.000000
vn 0.751670 0.659540 -0.000000
vn 0.751670 0.659540 0.000000
vn 0.473495 0.880218 0.031922
vn 0.506979 0.861957 0.001585
vn 0.697152 0.716924 0.000000
vn 0.697152 0.716924 -0.000000
vn 0.637838 0.770170 0.000000
vn 0.637838 0.770170 -0.000000
vn 0.364357 0.931255 0.002828
vn 0.436362 0.899768 -0.002433
vn 0.574293 0.818650 0.000000
vn 0.574293 0.818650 -0.000000
vn 0.804132 0.594451 0.000000
vn 0.751670 0.659540 0.000000
vn 0.751670 0.659540 -0.000000
vn 0.286072 0.958207 -0.001218
vn 0.362909 0.931824 0.001206
vn 0.506980 0.861958 -0.000000
vn 0.506980 0.861958 0.000000
vn 0.697152 0.716924 -0.000000
vn 0.697152 0.716924 0.000000
vn 0.637838 0.770170 0.000000
vn 0.637838 0.770170 -0.000000
vn 0.436363 0.899771 0.000000
vn 0.436363 0.899771 -0.000000
vn 0.574293 0.818650 0.000000
vn 0.574293 0.818650 -0.000000
vn 0.804132 0.594451 0.000000
vn 0.751670 0.659540 0.000000
vn 0.751670 0.659540 -0.000000
vn 0.287096 0.957902 0.000000
vn 0.362909 0.931825 0.000000
vn 0.362909 0.931825 -0.000000
vn 0.506980 0.861958 0.000000
vn 0.506980 0.861958 -0.000000
vn 0.697152 0.716924 0.000000
vn 0.697152 0.716924 -0.000000
vn 0.637838 0.770170 0.000000
vn 0.637838 0.770170 -0.000000
vn 0.436363 0.899771 0.000000
vn 0.436363 0.899771 -0.000000
vn 0.574293 0.818650 0.000000
vn 0.574293 0.818650 -0.000000
vn 0.804132 0.594451 -0.000000
vn 0.804132 0.594451 0.000000
vn 0.751670 0.659540 -0.000000
vn 0.751670 0.659540 0.000000
vn 0.362909 0.931825 -0.000000
vn 0.287096 0.957902 0.000000
vn 0.362909 0.931825 0.000000
vn 0.506980 0.861958 -0.000000
vn 0.506980 0.861958 0.000000
vn 0.697152 0.716924 -0.000000
vn 0.697152 0.716924 0.000000
vn 0.637838 0.770170 -0.000000
vn 0.637838 0.770170 0.000000
vn 0.436363 0.899771 0.000000
vn 0.436363 0.899771 -0.000000
vn 0.574293 0.818650 0.000000
vn 0.574293 0.818650 -0.000000
vn 0.804132 0.594451 0.000000
vn 0.751670 0.659540 0.000000
vn 0.751670 0.659540 0.000000
vn 0.362909 0.931825 -0.000000
vn 0.287096 0.957902 0.000000
vn 0.362909 0.931825 0.000000
vn 0.506980 0.861958 -0.000000
vn 0.506980 0.861958 0.000000
vn 0.697152 0.716924 0.000000
vn 0.637838 0.770170 0.000000
vn 0.697152 0.716924 -0.000000
vn 0.637838 0.770170 0.000000
vn 0.362909 0.931825 0.000000
vn 0.436363 0.899771 0.000000
vn 0.436363 0.899771 -0.000000
vn 0.574293 0.818650 0.000000
vn 0.574293 0.818650 -0.000000
vn 0.804132 0.594451 0.000000
vn 0.751670 0.659540 0.000000
vn 0.751670 0.659540 0.000000
vn 0.287096 0.957902 0.000000
vn 0.287096 0.957902 0.000000
vn 0.362909 0.931825 0.000000
vn 0.506980 0.861958 0.000000
vn 0.506980 0.861958 -0.000000
vn 0.436363 0.899771 0.000000
vn 0.697151 0.716924 -0.000000
vn 0.697151 0.716924 0.000000
vn 0.637838 0.770170 0.000000
vn 0.637838 0.770170 -0.000000
vn 0.436363 0.899771 0.000000
vn 0.574293 0.818650 0.000000
vn 0.574293 0.818650 -0.000000
vn 0.804132 0.594451 0.000000
vn 0.751670 0.659540 0.000000
vn 0.751670 0.659540 -0.000000
vn 0.362909 0.931825 0.000000
vn 0.362909 0.931825 -0.000000
vn 0.287096 0.957902 0.000000
vn 0.506980 0.861958 -0.000000
vn 0.506980 0.861958 0.000000
vn 0.697152 0.716924 -0.000000
vn 0.697152 0.716924 0.000000
vn 0.637838 0.770170 0.000000
vn 0.637838 0.770170 -0.000000
vn 0.436363 0.899771 0.000000
vn 0.362909 0.931825 0.000000
vn 0.436363 0.899771 -0.000000
vn 0.574293 0.818650 0.000000
vn 0.574293 0.818650 -0.000000
vn 0.804132 0.594451 0.000000
vn 0.751670 0.659540 0.000000
vn 0.751670 0.659540 -0.000000
vn 0.287096 0.957902 0.000000
vn 0.362909 0.931825 0.000000
vn 0.506980 0.861958 0.000000
vn 0.506980 0.861958 -0.000000
vn 0.697152 0.716924 -0.000000
vn 0.697152 0.716924 0.000000
vn 0.762783 0.646585 -0.009467
vn 0.804132 0.594451 0.000000
vn 0.637838 0.770170 -0.000000
vn 0.637838 0.770170 0.000000
vn 0.751670 0.659540 0.000000
vn 0.751670 0.659540 -0.000000
vn 0.751664 0.659535 -0.003771
vn 0.362909 0.931825 0.000000
vn 0.436363 0.899771 -0.000000
vn 0.436363 0.899771 0.000000
vn 0.697152 0.716924 -0.000000
vn 0.697149 0.716921 0.002623
vn 0.697152 0.716924 0.000000
vn 0.574293 0.818650 -0.000000
vn 0.574293 0.818650 0.000000
vn 0.623531 0.780988 -0.035591
vn 0.637838 0.770170 0.000000
vn 0.637695 0.769997 -0.021189
vn 0.637838 0.770170 -0.000000
vn 0.287096 0.957902 0.000000
vn 0.362909 0.931825 0.000000
vn 0.506980 0.861958 -0.000000
vn 0.506980 0.861958 0.000000
vn 0.574293 0.818650 0.000000
vn 0.574293 0.818650 -0.000000
vn 0.574293 0.818649 0.001342
vn 0.436363 0.899771 -0.000000
vn 0.436363 0.899771 0.000000
vn 0.506980 0.861958 0.000000
vn 0.473495 0.880218 -0.031922
vn 0.506980 0.861958 -0.000000
vn 0.506979 0.861957 -0.001585
vn 0.436363 0.899771 0.000000
vn 0.364357 0.931255 -0.002828
vn 0.436362 0.899768 0.002433
vn 0.436363 0.899771 0.000000
vn 0.287096 0.957902 0.000000
vn 0.362909 0.931825 0.000000
vn 0.362909 0.931825 -0.000000
vn 0.286072 0.958207 0.001218
vn 0.287096 0.957902 0.000000
vn 0.362909 0.931824 -0.001206
vn 0.362909 0.931825 -0.000000
vn 0.362909 0.931825 0.000000
vn -0.654861 -0.755750 0.000000
vn -0.654861 -0.755750 0.000000
vn -0.654861 0.755750 0.000000
vn -0.654861 0.755750 0.000000
vn -0.748560 0.663000 0.009467
vn -0.759797 0.650149 0.003769
vn -0.808838 0.588026 -0.002624
vn -0.861776 0.506038 0.035593
vn -0.852911 0.521626 0.021187
vn -0.892047 0.451940 -0.001341
vn -0.702843 0.711345 0.000000
vn -0.759803 0.650154 0.000000
vn -0.759803 0.650154 0.000000
vn -0.938644 0.343408 0.031922
vn -0.925334 0.379150 0.001586
vn -0.808841 0.588028 0.000000
vn -0.808841 0.588028 0.000000
vn -0.853103 0.521743 0.000000
vn -0.853103 0.521743 0.000000
vn -0.973629 0.228118 0.002827
vn -0.952711 0.303869 -0.002433
vn -0.892048 0.451941 0.000000
vn -0.892048 0.451941 0.000000
vn -0.702843 0.711345 0.000000
vn -0.759803 0.650154 0.000000
vn -0.759803 0.650154 0.000000
vn -0.989166 0.146793 -0.001219
vn -0.973987 0.226602 0.001204
vn -0.925335 0.379150 0.000000
vn -0.925335 0.379150 0.000000
vn -0.808841 0.588028 0.000000
vn -0.808841 0.588028 0.000000
vn -0.853103 0.521743 0.000000
vn -0.853103 0.521743 0.000000
vn -0.952714 0.303869 0.000000
vn -0.952714 0.303869 0.000000
vn -0.892048 0.451941 0.000000
vn -0.892048 0.451941 0.000000
vn -0.702843 0.711345 0.000000
vn -0.759803 0.650154 0.000000
vn -0.759803 0.650154 0.000000
vn -0.989009 0.147852 0.000000
vn -0.973987 0.226602 0.000000
vn -0.973987 0.226602 0.000000
vn -0.925335 0.379150 0.000000
vn -0.925335 0.379150 0.000000
vn -0.808841 0.588028 0.000000
vn -0.808841 0.588028 0.000000
vn -0.853103 0.521743 0.000000
vn -0.853103 0.521743 0.000000
vn -0.952714 0.303869 0.000000
vn -0.952714 0.303869 0.000000
vn -0.892048 0.451941 0.000000
vn -0.892048 0.451941 0.000000
vn -0.702843 0.711345 0.000000
vn -0.702843 0.711345 0.000000
vn -0.759803 0.650154 0.000000
vn -0.759803 0.650154 0.000000
vn -0.973987 0.226602 0.000000
vn -0.989009 0.147852 0.000000
vn -0.973987 0.226602 0.000000
vn -0.925335 0.379150 0.000000
vn -0.925335 0.379150 0.000000
vn -0.808841 0.588028 0.000000
vn -0.808841 0.588028 0.000000
vn -0.853103 0.521743 0.000000
vn -0.853103 0.521743 0.000000
vn -0.952714 0.303869 0.000000
vn -0.952714 0.303869 0.000000
vn -0.892048 0.451941 0.000000
vn -0.892048 0.451941 0.000000
vn -0.702843 0.711345 0.000000
vn -0.759803 0.650154 0.000000
vn -0.759803 0.650154 0.000000
vn -0.973988 0.226602 0.000000
vn -0.989009 0.147852 0.000000
vn -0.973988 0.226602 0.000000
vn -0.925335 0.379150 0.000000
vn -0.925335 0.379150 0.000000
vn -0.808841 0.588028 0.000000
vn -0.853103 0.521743 0.000000
vn -0.808841 0.588028 0.000000
vn -0.853103 0.521743 0.000000
vn -0.952714 0.303869 0.000000
vn -0.952714 0.303869 0.000000
vn -0.892048 0.451941 0.000000
vn -0.892048 0.451941 0.000000
vn -0.702843 0.711345 0.000000
vn -0.759803 0.650154 0.000000
vn -0.759803 0.650154 0.000000
vn -0.989009 0.147852 0.000000
vn -0.973987 0.226602 0.000000
vn -0.989009 0.147852 0.000000
vn -0.973987 0.226602 0.000000
vn -0.925335 0.379150 0.000000
vn -0.925335 0.379150 0.000000
vn -0.808841 0.588028 0.000000
vn -0.808841 0.588028 0.000000
vn -0.853103 0.521743 0.000000
vn -0.853103 0.521743 0.000000
vn -0.952714 0.303869 0.000000
vn -0.952714 0.303869 0.000000
vn -0.892048 0.451941 0.000000
vn -0.892048 0.451941 0.000000
vn -0.702843 0.711345 0.000000
vn -0.759803 0.650154 0.000000
vn -0.759803 0.650154 0.000000
vn -0.989009 0.147852 0.000000
vn -0.973988 0.226602 0.000000
vn -0.973988 0.226602 0.000000
vn -0.925335 0.379150 0.000000
vn -0.925335 0.379150 0.000000
vn -0.808841 0.588028 0.000000
vn -0.808841 0.588028 0.000000
vn -0.853103 0.521743 0.000000
vn -0.853103 0.521743 0.000000
vn -0.952714 0.303870 0.000000
vn -0.952714 0.303870 0.000000
vn -0.892048 0.451941 0.000000
vn -0.892048 0.451941 0.000000
vn -0.702843 0.711345 0.000000
vn -0.759803 0.650154 0.000000
vn -0.759803 0.650154 0.000000
vn -0.989009 0.147852 0.000000
vn -0.973987 0.226602 0.000000
vn -0.973987 0.226602 0.000000
vn -0.925335 0.379150 0.000000
vn -0.925335 0.379150 0.000000
vn -0.808841 0.588028 0.000000
vn -0.808841 0.588028 0.000000
vn -0.748560 0.663000 -0.009467
vn -0.702843 0.711345 0.000000
vn -0.853103 0.521743 0.000000
vn -0.853103 0.521743 0.000000
vn -0.759803 0.650154 0.000000
vn -0.759803 0.650154 0.000000
vn -0.759797 0.650149 -0.003769
vn -0.952714 0.303869 0.000000
vn -0.952714 0.303869 0.000000
vn -0.808841 0.588028 0.000000
vn -0.808838 0.588026 0.002624
vn -0.808841 0.588028 0.000000
vn -0.892048 0.451941 0.000000
vn -0.892048 0.451941 0.000000
vn -0.861776 0.506038 -0.035593
vn -0.853103 0.521743 0.000000
vn -0.852911 0.521626 -0.021187
vn -0.853103 0.521743 0.000000
vn -0.973987 0.226602 0.000000
vn -0.989009 0.147852 0.000000
vn -0.973987 0.226602 0.000000
vn -0.925335 0.379150 0.000000
vn -0.925335 0.379150 0.000000
vn -0.892048 0.451941 0.000000
vn -0.892048 0.451941 0.000000
vn -0.892047 0.451940 0.001341
vn -0.952714 0.303869 0.000000
vn -0.952714 0.303869 0.000000
vn -0.925335 0.379150 0.000000
vn -0.938644 0.343408 -0.031922
vn -0.925335 0.379150 0.000000
vn -0.925334 0.379150 -0.001586
vn -0.973629 0.228118 -0.002827
vn -0.952711 0.303869 0.002433
vn -0.952714 0.303869 0.000000
vn -0.952714 0.303869 0.000000
vn -0.989009 0.147852 0.000000
vn -0.973987 0.226602 0.000000
vn -0.973987 0.226602 0.000000
vn -0.973987 0.226602 0.000000
vn -0.989166 0.146793 0.001219
vn -0.989009 0.147852 0.000000
vn -0.973987 0.226602 -0.001204
vn -0.973987 0.226602 0.000000
vn -0.983935 -0.175611 0.032125
vn -0.973959 -0.226595 -0.007589
vn -0.947054 -0.319559 0.031162
vn -0.952642 -0.303847 0.012276
vn -0.989009 -0.147852 0.000000
vn -0.925321 -0.379144 -0.005582
vn -0.973987 -0.226602 0.000000
vn -0.973987 -0.226602 0.000000
vn -0.889849 -0.456080 0.012620
vn -0.892013 -0.451923 0.008813
vn -0.827667 -0.561166 0.007737
vn -0.853092 -0.521736 -0.005018
vn -0.952714 -0.303869 0.000000
vn -0.952714 -0.303869 0.000000
vn -0.989009 -0.147852 0.000000
vn -0.747580 -0.664156 0.004547
vn -0.808838 -0.588026 -0.002389
vn -0.925335 -0.379150 0.000000
vn -0.925335 -0.379150 0.000000
vn -0.973987 -0.226602 0.000000
vn -0.973987 -0.226602 0.000000
vn -0.892048 -0.451941 0.000000
vn -0.892048 -0.451941 0.000000
vn -0.853103 -0.521743 0.000000
vn -0.853103 -0.521743 0.000000
vn -0.952714 -0.303869 0.000000
vn -0.952714 -0.303869 0.000000
vn -0.989009 -0.147852 0.000000
vn -0.739895 -0.672722 -0.000000
vn -0.808841 -0.588028 0.000000
vn -0.808841 -0.588028 0.000000
vn -0.925335 -0.379150 0.000000
vn -0.925335 -0.379150 0.000000
vn -0.973988 -0.226602 0.000000
vn -0.973988 -0.226602 0.000000
vn -0.892048 -0.451941 0.000000
vn -0.892048 -0.451941 0.000000
vn -0.853103 -0.521743 0.000000
vn -0.853103 -0.521743 0.000000
vn -0.952714 -0.303869 0.000000
vn -0.952714 -0.303869 0.000000
vn -0.989009 -0.147852 0.000000
vn -0.989009 -0.147852 0.000000
vn -0.739895 -0.672722 -0.000000
vn -0.808841 -0.588028 0.000000
vn -0.808841 -0.588028 0.000000
vn -0.925335 -0.379150 0.000000
vn -0.925335 -0.379150 0.000000
vn -0.973987 -0.226602 0.000000
vn -0.973987 -0.226602 0.000000
vn -0.892048 -0.451941 0.000000
vn -0.892048 -0.451941 0.000000
vn -0.853103 -0.521743 0.000000
vn -0.853103 -0.521743 0.000000
vn -0.952714 -0.303869 0.000000
vn -0.952714 -0.303869 0.000000
vn -0.989009 -0.147852 0.000000
vn -0.808841 -0.588028 0.000000
vn -0.739895 -0.672722 -0.000000
vn -0.808841 -0.588028 0.000000
vn -0.925335 -0.379150 0.000000
vn -0.925335 -0.379150 0.000000
vn -0.973988 -0.226602 0.000000
vn -0.973988 -0.226602 0.000000
vn -0.892048 -0.451941 0.000000
vn -0.892048 -0.451941 0.000000
vn -0.853103 -0.521743 0.000000
vn -0.853103 -0.521743 0.000000
vn -0.952714 -0.303869 0.000000
vn -0.952714 -0.303869 0.000000
vn -0.989009 -0.147852 0.000000
vn -0.808841 -0.588028 0.000000
vn -0.808841 -0.588028 0.000000
vn -0.925335 -0.379150 0.000000
vn -0.925335 -0.379150 0.000000
vn -0.973987 -0.226602 0.000000
vn -0.973987 -0.226602 0.000000
vn -0.892048 -0.451941 0.000000
vn -0.892048 -0.451941 0.000000
vn -0.853103 -0.521743 0.000000
vn -0.853103 -0.521743 0.000000
vn -0.952714 -0.303870 0.000000
vn -0.952714 -0.303870 0.000000
vn -0.989009 -0.147852 0.000000
vn -0.808841 -0.588028 0.000000
vn -0.808841 -0.588028 0.000000
vn -0.925335 -0.379150 0.000000
vn -0.925335 -0.379150 0.000000
vn -0.973987 -0.226602 0.000000
vn -0.973987 -0.226602 0.000000
vn -0.892048 -0.451941 0.000000
vn -0.892048 -0.451941 0.000000
vn -0.853103 -0.521743 0.000000
vn -0.853103 -0.521743 0.000000
vn -0.952714 -0.303869 0.000000
vn -0.952714 -0.303869 0.000000
vn -0.989009 -0.147852 0.000000
vn -0.808841 -0.588028 0.000000
vn -0.808841 -0.588028 0.000000
vn -0.702843 -0.711345 -0.000000
vn -0.759803 -0.650154 0.000000
vn -0.759803 -0.650154 0.000000
vn -0.759803 -0.650154 0.000000
vn -0.748492 -0.663143 0.000727
vn -0.925335 -0.379150 0.000000
vn -0.925335 -0.379150 0.000000
vn -0.983935 -0.175611 -0.032125
vn -0.989009 -0.147852 0.000000
vn -0.973987 -0.226602 0.000000
vn -0.973987 -0.226602 0.000000
vn -0.892048 -0.451941 0.000000
vn -0.892048 -0.451941 0.000000
vn -0.853103 -0.521743 0.000000
vn -0.853103 -0.521743 0.000000
vn -0.925335 -0.379150 -0.000000
vn -0.952714 -0.303869 0.000000
vn -0.952714 -0.303869 0.000000
vn -0.973959 -0.226595 0.007589
vn -0.973987 -0.226602 0.000000
vn -0.973987 -0.226602 0.000000
vn -0.808841 -0.588028 0.000000
vn -0.808841 -0.588028 0.000000
vn -0.759803 -0.650154 0.000000
vn -0.702843 -0.711345 -0.000000
vn -0.759803 -0.650154 0.000000
vn -0.925335 -0.379150 0.000000
vn -0.952714 -0.303869 0.000000
vn -0.947054 -0.319559 -0.031162
vn -0.925335 -0.379150 -0.000000
vn -0.952642 -0.303847 -0.012276
vn -0.952714 -0.303869 0.000000
vn -0.892048 -0.451941 0.000000
vn -0.892048 -0.451941 0.000000
vn -0.925335 -0.379150 0.000000
vn -0.925321 -0.379144 0.005582
vn -0.853103 -0.521743 0.000000
vn -0.853103 -0.521743 0.000000
vn -0.808841 -0.588028 0.000000
vn -0.808841 -0.588028 0.000000
vn -0.889849 -0.456080 -0.012620
vn -0.892013 -0.451923 -0.008813
vn -0.892048 -0.451941 0.000000
vn -0.892048 -0.451941 0.000000
vn -0.702843 -0.711345 -0.000000
vn -0.759803 -0.650154 0.000000
vn -0.759803 -0.650154 0.000000
vn -0.827667 -0.561166 -0.007737
vn -0.853092 -0.521736 0.005018
vn -0.853103 -0.521743 0.000000
vn -0.853103 -0.521743 0.000000
vn -0.808841 -0.588028 0.000000
vn -0.808839 -0.588026 0.002389
vn -0.759803 -0.650154 -0.000000
vn -0.808841 -0.588028 0.000000
vn -0.747556 -0.664135 -0.009251
vn -0.702843 -0.711345 -0.000000
vn -0.759803 -0.650154 0.000000
vn -0.759799 -0.650151 -0.003230
vn -0.643524 0.765426 0.000000
vn -0.643524 0.765426 0.000000
vn -0.643524 -0.765426 0.000000
vn -0.643524 -0.765426 0.000000
vn -0.841254 -0.540641 0.000000
vn -0.841254 -0.540641 0.000000
vn -0.841254 0.540641 0.000000
vn -0.841254 0.540641 0.000000
vn 0.428926 -0.903340 0.000000
vn 0.428926 -0.903340 0.000000
vn 0.428926 0.903340 -0.000000
vn 0.428926 0.903340 0.000000
vn -0.249000 -0.967971 0.032125
vn -0.198479 -0.980076 -0.007589
vn -0.102739 -0.994220 0.031162
vn -0.119352 -0.992776 0.012277
vn -0.276359 -0.961055 0.000000
vn -0.039510 -0.999204 -0.005583
vn -0.198485 -0.980104 0.000000
vn -0.198485 -0.980104 0.000000
vn 0.045209 -0.998898 0.012619
vn 0.040529 -0.999140 0.008812
vn 0.166629 -0.985989 0.007737
vn 0.120198 -0.992737 -0.005019
vn -0.119361 -0.992851 0.000000
vn -0.119361 -0.992851 0.000000
vn -0.276359 -0.961055 0.000000
vn 0.293582 -0.955923 0.004548
vn 0.198883 -0.980020 -0.002389
vn -0.039511 -0.999219 0.000000
vn -0.039511 -0.999219 0.000000
vn -0.198485 -0.980104 0.000000
vn -0.198485 -0.980104 0.000000
vn 0.040531 -0.999178 0.000000
vn 0.040531 -0.999178 0.000000
vn 0.120200 -0.992750 0.000000
vn 0.120200 -0.992750 0.000000
vn -0.119361 -0.992851 0.000000
vn -0.119361 -0.992851 0.000000
vn -0.276359 -0.961055 0.000000
vn 0.304567 -0.952491 0.000000
vn 0.198883 -0.980023 0.000000
vn 0.198883 -0.980023 0.000000
vn -0.039511 -0.999219 0.000000
vn -0.039511 -0.999219 0.000000
vn -0.198485 -0.980104 0.000000
vn -0.198485 -0.980104 0.000000
vn 0.040531 -0.999178 0.000000
vn 0.040531 -0.999178 0.000000
vn 0.120200 -0.992750 0.000000
vn 0.120200 -0.992750 0.000000
vn -0.119361 -0.992851 0.000000
vn -0.119361 -0.992851 0.000000
vn -0.276359 -0.961055 0.000000
vn -0.276359 -0.961055 0.000000
vn 0.304567 -0.952491 0.000000
vn 0.198883 -0.980023 0.000000
vn 0.198883 -0.980023 0.000000
vn -0.039511 -0.999219 0.000000
vn -0.039511 -0.999219 0.000000
vn -0.198485 -0.980104 0.000000
vn -0.198485 -0.980104 0.000000
vn 0.040531 -0.999178 0.000000
vn 0.040531 -0.999178 0.000000
vn 0.120200 -0.992750 0.000000
vn 0.120200 -0.992750 0.000000
vn -0.119361 -0.992851 0.000000
vn -0.119361 -0.992851 0.000000
vn -0.276359 -0.961055 0.000000
vn 0.198883 -0.980023 0.000000
vn 0.304567 -0.952491 0.000000
vn 0.198883 -0.980023 0.000000
vn 0.040531 -0.999178 0.000000
vn -0.039511 -0.999219 0.000000
vn -0.039511 -0.999219 0.000000
vn -0.198485 -0.980104 0.000000
vn -0.198485 -0.980104 0.000000
vn 0.040531 -0.999178 0.000000
vn 0.120200 -0.992750 0.000000
vn 0.120200 -0.992750 0.000000
vn -0.119361 -0.992851 0.000000
vn -0.119361 -0.992851 0.000000
vn -0.276359 -0.961055 0.000000
vn 0.198883 -0.980023 0.000000
vn 0.198883 -0.980023 0.000000
vn -0.039511 -0.999219 0.000000
vn -0.039511 -0.999219 0.000000
vn -0.198485 -0.980104 0.000000
vn -0.198485 -0.980104 0.000000
vn 0.040531 -0.999178 0.000000
vn 0.120200 -0.992750 0.000000
vn 0.040531 -0.999178 0.000000
vn 0.120200 -0.992750 0.000000
vn -0.119361 -0.992851 0.000000
vn -0.119361 -0.992851 0.000000
vn -0.276359 -0.961055 0.000000
vn 0.198883 -0.980023 0.000000
vn 0.198883 -0.980023 0.000000
vn -0.039511 -0.999219 0.000000
vn -0.039511 -0.999219 0.000000
vn -0.198485 -0.980104 0.000000
vn -0.198485 -0.980104 0.000000
vn 0.040531 -0.999178 0.000000
vn 0.040531 -0.999178 0.000000
vn 0.120200 -0.992750 0.000000
vn 0.198883 -0.980023 0.000000
vn 0.120200 -0.992750 0.000000
vn -0.119361 -0.992851 0.000000
vn -0.119361 -0.992851 0.000000
vn -0.276359 -0.961055 0.000000
vn 0.198883 -0.980023 0.000000
vn 0.275767 -0.961224 0.000000
vn 0.355092 -0.934831 0.000000
vn 0.275767 -0.961224 0.000000
vn 0.292282 -0.956332 0.000727
vn 0.275767 -0.961224 0.000000
vn -0.039511 -0.999219 0.000000
vn -0.039511 -0.999219 0.000000
vn -0.249000 -0.967971 -0.032125
vn -0.276359 -0.961055 0.000000
vn -0.198485 -0.980104 0.000000
vn -0.119361 -0.992851 -0.000000
vn -0.198485 -0.980104 0.000000
vn 0.040531 -0.999178 0.000000
vn 0.040531 -0.999178 0.000000
vn 0.120200 -0.992750 0.000000
vn 0.198883 -0.980023 0.000000
vn 0.120200 -0.992750 0.000000
vn -0.119361 -0.992851 0.000000
vn -0.198479 -0.980076 0.007589
vn -0.198485 -0.980104 0.000000
vn -0.198485 -0.980104 0.000000
vn 0.198883 -0.980023 0.000000
vn 0.275767 -0.961224 0.000000
vn 0.355092 -0.934831 0.000000
vn 0.275767 -0.961224 0.000000
vn 0.040531 -0.999178 0.000000
vn -0.039511 -0.999219 0.000000
vn -0.039511 -0.999219 0.000000
vn -0.119361 -0.992851 0.000000
vn -0.102739 -0.994220 -0.031162
vn -0.119352 -0.992776 -0.012277
vn -0.119361 -0.992851 0.000000
vn 0.040531 -0.999178 0.000000
vn -0.039511 -0.999219 0.000000
vn -0.039511 -0.999219 0.000000
vn 0.040531 -0.999178 0.000000
vn -0.039510 -0.999204 0.005583
vn 0.120200 -0.992750 0.000000
vn 0.120200 -0.992750 0.000000
vn 0.198883 -0.980023 0.000000
vn 0.198883 -0.980023 0.000000
vn 0.045209 -0.998898 -0.012619
vn 0.040529 -0.999140 -0.008812
vn 0.040531 -0.999178 0.000000
vn 0.275767 -0.961224 0.000000
vn 0.355092 -0.934831 0.000000
vn 0.275767 -0.961224 0.000000
vn 0.166629 -0.985989 -0.007737
vn 0.120198 -0.992737 0.005019
vn 0.120200 -0.992750 0.000000
vn 0.198883 -0.980023 0.000000
vn 0.120200 -0.992750 0.000000
vn 0.198883 -0.980020 0.002389
vn 0.198883 -0.980023 0.000000
vn 0.293572 -0.955892 -0.009252
vn 0.355092 -0.934831 0.000000
vn 0.275766 -0.961219 -0.003230
vn 0.275767 -0.961224 0.000000
vn 0.275767 -0.961224 0.000000
vn 0.292122 0.956334 0.009467
vn 0.275765 0.961218 0.003770
vn 0.198883 0.980020 -0.002623
vn 0.102313 0.994115 0.035592
vn 0.120173 0.992527 0.021188
vn 0.040531 0.999177 -0.001341
vn 0.355092 0.934831 0.000000
vn 0.275767 0.961224 -0.000000
vn 0.275767 0.961224 0.000000
vn -0.077552 0.996477 0.031922
vn -0.039511 0.999218 0.001586
vn 0.198883 0.980023 0.000000
vn 0.198883 0.980023 -0.000000
vn 0.120200 0.992750 0.000000
vn 0.120200 0.992750 -0.000000
vn -0.196958 0.980408 0.002827
vn -0.119361 0.992848 -0.002433
vn 0.040531 0.999178 0.000000
vn 0.040531 0.999178 -0.000000
vn 0.355092 0.934831 0.000000
vn 0.275767 0.961224 0.000000
vn 0.275767 0.961224 -0.000000
vn -0.277386 0.960758 -0.001218
vn -0.198485 0.980103 0.001205
vn -0.039511 0.999219 0.000000
vn -0.039511 0.999219 0.000000
vn 0.198883 0.980023 -0.000000
vn 0.198883 0.980023 0.000000
vn 0.120200 0.992750 0.000000
vn 0.120200 0.992750 -0.000000
vn -0.119361 0.992851 0.000000
vn -0.119361 0.992851 0.000000
vn 0.040531 0.999178 0.000000
vn 0.040531 0.999178 -0.000000
vn 0.355092 0.934831 0.000000
vn 0.275767 0.961224 0.000000
vn 0.275767 0.961224 -0.000000
vn -0.276359 0.961055 0.000000
vn -0.198485 0.980104 0.000000
vn -0.198485 0.980104 0.000000
vn -0.039511 0.999219 0.000000
vn -0.039511 0.999219 0.000000
vn 0.198883 0.980023 0.000000
vn 0.198883 0.980023 -0.000000
vn 0.120200 0.992750 0.000000
vn 0.120200 0.992750 -0.000000
vn -0.119361 0.992851 0.000000
vn -0.119361 0.992851 0.000000
vn 0.040531 0.999178 0.000000
vn 0.040531 0.999178 -0.000000
vn 0.355092 0.934831 -0.000000
vn 0.355092 0.934831 0.000000
vn 0.275767 0.961224 -0.000000
vn 0.275767 0.961224 0.000000
vn -0.198485 0.980104 0.000000
vn -0.276359 0.961055 0.000000
vn -0.198485 0.980104 0.000000
vn -0.039511 0.999219 0.000000
vn -0.039511 0.999219 0.000000
vn 0.198883 0.980023 -0.000000
vn 0.198883 0.980023 0.000000
vn 0.120200 0.992750 -0.000000
vn 0.120200 0.992750 0.000000
vn -0.119361 0.992851 0.000000
vn -0.119361 0.992851 0.000000
vn 0.040531 0.999178 0.000000
vn 0.040531 0.999178 -0.000000
vn -0.039511 0.999219 0.000000
vn 0.355092 0.934831 0.000000
vn 0.275767 0.961224 -0.000000
vn 0.275767 0.961224 0.000000
vn -0.198485 0.980104 0.000000
vn -0.276359 0.961055 0.000000
vn -0.198485 0.980104 0.000000
vn -0.039511 0.999219 0.000000
vn 0.198883 0.980023 0.000000
vn 0.120200 0.992750 0.000000
vn 0.198883 0.980023 -0.000000
vn 0.120200 0.992750 0.000000
vn -0.119361 0.992851 0.000000
vn -0.119361 0.992851 0.000000
vn 0.040531 0.999178 0.000000
vn 0.040531 0.999178 -0.000000
vn 0.355092 0.934831 0.000000
vn 0.275767 0.961224 0.000000
vn 0.275767 0.961224 0.000000
vn -0.276359 0.961055 0.000000
vn -0.198485 0.980104 0.000000
vn -0.276359 0.961055 0.000000
vn -0.198485 0.980104 0.000000
vn -0.039511 0.999219 0.000000
vn -0.039511 0.999219 0.000000
vn 0.198883 0.980023 -0.000000
vn 0.198883 0.980023 0.000000
vn 0.120200 0.992750 0.000000
vn 0.120200 0.992750 0.000000
vn -0.119361 0.992851 0.000000
vn -0.198485 0.980104 0.000000
vn -0.119361 0.992851 0.000000
vn 0.040531 0.999178 0.000000
vn 0.040531 0.999178 -0.000000
vn 0.355092 0.934831 0.000000
vn 0.275767 0.961224 0.000000
vn 0.275767 0.961224 -0.000000
vn -0.276359 0.961055 0.000000
vn -0.198485 0.980104 0.000000
vn -0.039511 0.999219 0.000000
vn -0.039511 0.999219 0.000000
vn 0.198883 0.980023 -0.000000
vn 0.198883 0.980023 0.000000
vn 0.120200 0.992750 0.000000
vn 0.120200 0.992750 -0.000000
vn -0.119361 0.992851 0.000000
vn -0.119361 0.992851 0.000000
vn 0.040531 0.999178 0.000000
vn 0.040531 0.999178 -0.000000
vn 0.355092 0.934831 0.000000
vn 0.275767 0.961224 0.000000
vn 0.275767 0.961224 -0.000000
vn -0.276359 0.961055 0.000000
vn -0.198485 0.980104 0.000000
vn -0.198485 0.980104 0.000000
vn -0.039511 0.999219 0.000000
vn -0.039511 0.999219 0.000000
vn 0.198883 0.980023 -0.000000
vn 0.198883 0.980023 0.000000
vn 0.292122 0.956334 -0.009467
vn 0.355092 0.934831 0.000000
vn 0.120200 0.992750 -0.000000
vn 0.120200 0.992750 0.000000
vn 0.275767 0.961224 0.000000
vn 0.275767 0.961224 -0.000000
vn 0.275765 0.961218 -0.003770
vn -0.119361 0.992851 0.000000
vn -0.119361 0.992851 0.000000
vn 0.198883 0.980023 0.000000
vn 0.198883 0.980023 -0.000000
vn 0.198883 0.980020 0.002623
vn 0.040531 0.999178 -0.000000
vn 0.040531 0.999178 0.000000
vn 0.120200 0.992750 -0.000000
vn 0.102313 0.994115 -0.035592
vn 0.120200 0.992750 0.000000
vn 0.120173 0.992527 -0.021188
vn -0.198485 0.980104 0.000000
vn -0.198485 0.980104 0.000000
vn -0.276359 0.961055 0.000000
vn -0.039511 0.999219 0.000000
vn -0.039511 0.999219 0.000000
vn 0.040531 0.999178 0.000000
vn 0.040531 0.999177 0.001341
vn 0.040531 0.999178 -0.000000
vn -0.119361 0.992851 0.000000
vn -0.119361 0.992851 0.000000
vn -0.039511 0.999219 0.000000
vn -0.077552 0.996477 -0.031922
vn -0.039511 0.999219 0.000000
vn -0.039511 0.999218 -0.001586
vn -0.196958 0.980408 -0.002827
vn -0.119361 0.992848 0.002433
vn -0.119361 0.992851 0.000000
vn -0.119361 0.992851 0.000000
vn -0.276359 0.961055 0.000000
vn -0.198485 0.980104 0.000000
vn -0.198485 0.980104 0.000000
vn -0.198485 0.980104 0.000000
vn -0.277386 0.960758 0.001218
vn -0.198485 0.980103 -0.001205
vn -0.276359 0.961055 0.000000
vn -0.198485 0.980104 0.000000
vn -0.959493 -0.281733 0.000000
vn -0.959493 -0.281733 0.000000
vn -0.959493 0.281733 0.000000
vn -0.959493 0.281733 0.000000
vn -0.271283 0.962453 0.009467
vn -0.287684 0.957718 0.003770
vn -0.362528 0.931969 -0.002623
vn -0.451388 0.891618 0.035592
vn -0.435505 0.899937 0.021188
vn -0.506100 0.862474 -0.001341
vn -0.206682 0.978408 0.000000
vn -0.287686 0.957725 0.000000
vn -0.287686 0.957725 0.000000
vn -0.603977 0.796362 0.031921
vn -0.573457 0.819234 0.001585
vn -0.362529 0.931973 0.000000
vn -0.362529 0.931973 0.000000
vn -0.435602 0.900139 0.000000
vn -0.435602 0.900139 0.000000
vn -0.695740 0.718288 0.002828
vn -0.637186 0.770706 -0.002432
vn -0.506101 0.862474 0.000000
vn -0.506101 0.862474 0.000000
vn -0.206682 0.978408 0.000000
vn -0.287686 0.957725 0.000000
vn -0.287686 0.957725 0.000000
vn -0.752777 0.658274 -0.001219
vn -0.696860 0.717206 0.001205
vn -0.573458 0.819235 0.000000
vn -0.573458 0.819235 0.000000
vn -0.362529 0.931973 0.000000
vn -0.362529 0.931973 0.000000
vn -0.435602 0.900139 0.000000
vn -0.435602 0.900139 0.000000
vn -0.637188 0.770709 0.000000
vn -0.637188 0.770709 0.000000
vn -0.506101 0.862474 0.000000
vn -0.506101 0.862474 0.000000
vn -0.206682 0.978408 0.000000
vn -0.287687 0.957725 0.000000
vn -0.287687 0.957725 0.000000
vn -0.752073 0.659080 0.000000
vn -0.696861 0.717206 0.000000
vn -0.696861 0.717206 0.000000
vn -0.573458 0.819235 0.000000
vn -0.573458 0.819235 0.000000
vn -0.362529 0.931972 0.000000
vn -0.362529 0.931972 0.000000
vn -0.435602 0.900139 0.000000
vn -0.435602 0.900139 0.000000
vn -0.637188 0.770709 0.000000
vn -0.637188 0.770709 0.000000
vn -0.506101 0.862474 0.000000
vn -0.506101 0.862474 0.000000
vn -0.206682 0.978408 0.000000
vn -0.206682 0.978408 0.000000
vn -0.287686 0.957725 0.000000
vn -0.287686 0.957725 0.000000
vn -0.696861 0.717206 0.000000
vn -0.752073 0.659080 0.000000
vn -0.696861 0.717206 0.000000
vn -0.573458 0.819235 0.000000
vn -0.573458 0.819235 0.000000
vn -0.362529 0.931973 0.000000
vn -0.362529 0.931973 0.000000
vn -0.435602 0.900139 0.000000
vn -0.435602 0.900139 0.000000
vn -0.637188 0.770709 0.000000
vn -0.637188 0.770709 0.000000
vn -0.506101 0.862474 0.000000
vn -0.506101 0.862474 0.000000
vn -0.573458 0.819235 0.000000
vn -0.206682 0.978408 0.000000
vn -0.287686 0.957725 0.000000
vn -0.287686 0.957725 0.000000
vn -0.696861 0.717206 0.000000
vn -0.752073 0.659080 0.000000
vn -0.696861 0.717206 0.000000
vn -0.573458 0.819235 0.000000
vn -0.362529 0.931972 0.000000
vn -0.435602 0.900139 0.000000
vn -0.362529 0.931972 0.000000
vn -0.435602 0.900139 0.000000
vn -0.637188 0.770709 0.000000
vn -0.637188 0.770709 0.000000
vn -0.506101 0.862474 0.000000
vn -0.506101 0.862474 0.000000
vn -0.206682 0.978408 0.000000
vn -0.287687 0.957725 0.000000
vn -0.287687 0.957725 0.000000
vn -0.752073 0.659080 0.000000
vn -0.696861 0.717206 0.000000
vn -0.752073 0.659080 0.000000
vn -0.696861 0.717206 0.000000
vn -0.573458 0.819235 0.000000
vn -0.573458 0.819235 0.000000
vn -0.362529 0.931973 0.000000
vn -0.362529 0.931973 0.000000
vn -0.435602 0.900139 0.000000
vn -0.435602 0.900139 0.000000
vn -0.637188 0.770709 0.000000
vn -0.696861 0.717206 0.000000
vn -0.637188 0.770709 0.000000
vn -0.506101 0.862474 0.000000
vn -0.506101 0.862474 0.000000
vn -0.206682 0.978408 0.000000
vn -0.287686 0.957725 0.000000
vn -0.287686 0.957725 0.000000
vn -0.752073 0.659080 0.000000
vn -0.696861 0.717206 0.000000
vn -0.573458 0.819235 0.000000
vn -0.573458 0.819235 0.000000
vn -0.362529 0.931972 0.000000
vn -0.362529 0.931972 0.000000
vn -0.435602 0.900139 0.000000
vn -0.435602 0.900139 0.000000
vn -0.637188 0.770709 0.000000
vn -0.637188 0.770709 0.000000
vn -0.506101 0.862474 0.000000
vn -0.506101 0.862474 0.000000
vn -0.206682 0.978408 0.000000
vn -0.287686 0.957725 0.000000
vn -0.287686 0.957725 0.000000
vn -0.752073 0.659080 0.000000
vn -0.696861 0.717206 0.000000
vn -0.696861 0.717206 0.000000
vn -0.573458 0.819235 0.000000
vn -0.573458 0.819235 0.000000
vn -0.362529 0.931973 0.000000
vn -0.362529 0.931973 0.000000
vn -0.271283 0.962453 -0.009467
vn -0.206682 0.978408 0.000000
vn -0.435602 0.900139 0.000000
vn -0.435602 0.900139 0.000000
vn -0.287686 0.957725 0.000000
vn -0.287686 0.957725 0.000000
vn -0.287684 0.957718 -0.003770
vn -0.637188 0.770709 0.000000
vn -0.637188 0.770709 0.000000
vn -0.362529 0.931973 0.000000
vn -0.362529 0.931973 0.000000
vn -0.362528 0.931969 0.002623
vn -0.506101 0.862474 0.000000
vn -0.506101 0.862474 0.000000
vn -0.435602 0.900139 0.000000
vn -0.451388 0.891618 -0.035592
vn -0.435602 0.900139 0.000000
vn -0.435505 0.899937 -0.021188
vn -0.696861 0.717206 0.000000
vn -0.696861 0.717206 0.000000
vn -0.752073 0.659080 0.000000
vn -0.573458 0.819235 0.000000
vn -0.573458 0.819235 0.000000
vn -0.506101 0.862474 0.000000
vn -0.506100 0.862474 0.001341
vn -0.506101 0.862474 0.000000
vn -0.637188 0.770709 0.000000
vn -0.637188 0.770709 0.000000
vn -0.573458 0.819235 0.000000
vn -0.603977 0.796362 -0.031922
vn -0.573458 0.819235 0.000000
vn -0.573457 0.819234 -0.001585
vn -0.695740 0.718288 -0.002828
vn -0.637186 0.770706 0.002433
vn -0.637188 0.770709 0.000000
vn -0.637188 0.770709 0.000000
vn -0.752073 0.659080 0.000000
vn -0.696861 0.717206 0.000000
vn -0.696861 0.717206 0.000000
vn -0.696861 0.717206 0.000000
vn -0.752777 0.658274 0.001219
vn -0.696860 0.717206 -0.001205
vn -0.752073 0.659080 0.000000
vn -0.696861 0.717206 0.000000
vn -0.732796 -0.679689 0.032125
vn -0.696841 -0.717186 -0.007588
vn -0.623946 -0.780846 0.031161
vn -0.637140 -0.770650 0.012278
vn -0.752073 -0.659080 0.000000
vn -0.573449 -0.819222 -0.005583
vn -0.696861 -0.717206 0.000000
vn -0.696861 -0.717206 0.000000
vn -0.502013 -0.864768 0.012619
vn -0.506081 -0.862441 0.008812
vn -0.392889 -0.919553 0.007738
vn -0.435597 -0.900128 -0.005018
vn -0.637188 -0.770709 0.000000
vn -0.637188 -0.770709 0.000000
vn -0.752073 -0.659080 0.000000
vn -0.269834 -0.962896 0.004548
vn -0.362528 -0.931970 -0.002389
vn -0.573458 -0.819235 0.000000
vn -0.573458 -0.819235 0.000000
vn -0.696861 -0.717206 0.000000
vn -0.696861 -0.717206 0.000000
vn -0.506101 -0.862474 0.000000
vn -0.506101 -0.862474 0.000000
vn -0.435602 -0.900139 0.000000
vn -0.362529 -0.931973 -0.000000
vn -0.435602 -0.900139 0.000000
vn -0.637188 -0.770709 0.000000
vn -0.637188 -0.770709 0.000000
vn -0.752073 -0.659080 0.000000
vn -0.258736 -0.965948 -0.000000
vn -0.362529 -0.931973 0.000000
vn -0.573458 -0.819235 0.000000
vn -0.573458 -0.819235 0.000000
vn -0.696861 -0.717206 0.000000
vn -0.696861 -0.717206 0.000000
vn -0.506101 -0.862474 0.000000
vn -0.506101 -0.862474 0.000000
vn -0.435602 -0.900139 0.000000
vn -0.362529 -0.931973 -0.000000
vn -0.435602 -0.900139 0.000000
vn -0.637188 -0.770709 0.000000
vn -0.637188 -0.770709 0.000000
vn -0.752073 -0.659080 0.000000
vn -0.752073 -0.659080 0.000000
vn -0.696861 -0.717206 -0.000000
vn -0.258736 -0.965948 -0.000000
vn -0.362529 -0.931973 0.000000
vn -0.573458 -0.819235 0.000000
vn -0.573458 -0.819235 0.000000
vn -0.696861 -0.717206 0.000000
vn -0.506101 -0.862474 0.000000
vn -0.506101 -0.862474 0.000000
vn -0.435602 -0.900139 0.000000
vn -0.435602 -0.900139 0.000000
vn -0.362529 -0.931972 -0.000000
vn -0.637188 -0.770709 0.000000
vn -0.637188 -0.770709 0.000000
vn -0.752073 -0.659080 0.000000
vn -0.258736 -0.965948 -0.000000
vn -0.362529 -0.931972 0.000000
vn -0.573458 -0.819235 0.000000
vn -0.506101 -0.862474 -0.000000
vn -0.573458 -0.819235 0.000000
vn -0.696861 -0.717206 0.000000
vn -0.696861 -0.717206 0.000000
vn -0.506101 -0.862474 0.000000
vn -0.435602 -0.900139 0.000000
vn -0.362529 -0.931973 -0.000000
vn -0.435602 -0.900139 0.000000
vn -0.637188 -0.770709 0.000000
vn -0.637188 -0.770709 0.000000
vn -0.752073 -0.659080 0.000000
vn -0.362529 -0.931973 0.000000
vn -0.573458 -0.819235 0.000000
vn -0.506101 -0.862474 -0.000000
vn -0.573458 -0.819235 0.000000
vn -0.696861 -0.717206 0.000000
vn -0.696861 -0.717206 0.000000
vn -0.506101 -0.862474 0.000000
vn -0.435602 -0.900139 0.000000
vn -0.435602 -0.900139 0.000000
vn -0.637188 -0.770709 0.000000
vn -0.637188 -0.770709 0.000000
vn -0.752073 -0.659080 0.000000
vn -0.362529 -0.931972 0.000000
vn -0.362529 -0.931972 0.000000
vn -0.573458 -0.819235 0.000000
vn -0.573458 -0.819235 0.000000
vn -0.696861 -0.717206 0.000000
vn -0.696861 -0.717206 0.000000
vn -0.506101 -0.862474 0.000000
vn -0.506101 -0.862474 0.000000
vn -0.435602 -0.900139 0.000000
vn -0.435602 -0.900139 0.000000
vn -0.637188 -0.770709 0.000000
vn -0.637188 -0.770709 0.000000
vn -0.752073 -0.659080 0.000000
vn -0.362529 -0.931973 0.000000
vn -0.362529 -0.931973 0.000000
vn -0.206682 -0.978408 -0.000000
vn -0.271148 -0.962537 0.000727
vn -0.287686 -0.957725 0.000000
vn -0.287687 -0.957725 0.000000
vn -0.287686 -0.957725 0.000000
vn -0.573458 -0.819235 0.000000
vn -0.573458 -0.819235 0.000000
vn -0.732796 -0.679689 -0.032125
vn -0.752073 -0.659080 0.000000
vn -0.637188 -0.770709 -0.000000
vn -0.696861 -0.717206 0.000000
vn -0.696861 -0.717206 0.000000
vn -0.506101 -0.862474 0.000000
vn -0.506101 -0.862474 0.000000
vn -0.435602 -0.900139 0.000000
vn -0.435602 -0.900139 0.000000
vn -0.637188 -0.770709 0.000000
vn -0.696841 -0.717186 0.007588
vn -0.696861 -0.717206 0.000000
vn -0.696861 -0.717206 0.000000
vn -0.362529 -0.931972 0.000000
vn -0.287686 -0.957725 -0.000000
vn -0.362529 -0.931972 0.000000
vn -0.206682 -0.978408 -0.000000
vn -0.287686 -0.957725 0.000000
vn -0.573458 -0.819235 0.000000
vn -0.573458 -0.819235 0.000000
vn -0.637188 -0.770709 0.000000
vn -0.623946 -0.780846 -0.031161
vn -0.637140 -0.770650 -0.012278
vn -0.637188 -0.770709 0.000000
vn -0.506101 -0.862474 0.000000
vn -0.506101 -0.862474 0.000000
vn -0.573458 -0.819235 0.000000
vn -0.573458 -0.819235 0.000000
vn -0.573449 -0.819222 0.005583
vn -0.435602 -0.900139 0.000000
vn -0.435602 -0.900139 0.000000
vn -0.362529 -0.931973 0.000000
vn -0.287686 -0.957725 -0.000000
vn -0.362529 -0.931973 0.000000
vn -0.502013 -0.864768 -0.012619
vn -0.506081 -0.862441 -0.008812
vn -0.506101 -0.862474 0.000000
vn -0.506101 -0.862474 0.000000
vn -0.287686 -0.957725 0.000000
vn -0.206682 -0.978408 -0.000000
vn -0.392889 -0.919553 -0.007738
vn -0.435602 -0.900139 0.000000
vn -0.435597 -0.900128 0.005018
vn -0.435602 -0.900139 0.000000
vn -0.287686 -0.957725 -0.000000
vn -0.362529 -0.931973 0.000000
vn -0.362528 -0.931970 0.002389
vn -0.362529 -0.931973 0.000000
vn -0.269825 -0.962865 -0.009252
vn -0.206682 -0.978408 -0.000000
vn -0.287685 -0.957720 -0.003230
vn -0.287686 -0.957725 0.000000
vn -0.127547 0.991833 0.000000
vn -0.127547 0.991833 0.000000
vn -0.127547 -0.991833 0.000000
vn -0.127547 -0.991833 0.000000
vn -1.000000 0.000000 0.000000
vn -1.000000 -0.000000 0.000000
vn -0.996195 -0.087155 -0.000000
vn -0.996195 -0.087155 0.000000
vn -0.965926 -0.258819 0.000000
vn -0.965926 -0.258819 -0.000000
vn -0.906308 -0.422618 0.000000
vn -0.906308 -0.422618 -0.000000
vn -0.819152 -0.573577 0.000000
vn -0.819152 -0.573577 -0.000000
vn -0.707107 -0.707107 0.000000
vn -0.573577 -0.819152 0.000000
vn -0.707107 -0.707107 -0.000000
vn -0.573577 -0.819152 0.000000
vn -0.422618 -0.906308 -0.000000
vn -0.422618 -0.906308 0.000000
vn -0.258819 -0.965926 -0.000000
vn -0.258819 -0.965926 0.000000
vn -0.087155 -0.996195 -0.000000
vn -0.087155 -0.996195 0.000000
vn 0.087155 -0.996195 0.000000
vn 0.087155 -0.996195 0.000000
vn 0.258819 -0.965926 0.000000
vn 0.258819 -0.965926 0.000000
vn 0.422618 -0.906308 0.000000
vn 0.422618 -0.906308 0.000000
vn 0.573577 -0.819152 0.000000
vn 0.573577 -0.819152 0.000000
vn 0.707107 -0.707107 0.000000
vn 0.707107 -0.707107 0.000000
vn 0.819152 -0.573577 0.000000
vn 0.819152 -0.573577 0.000000
vn 0.906308 -0.422618 0.000000
vn 0.906308 -0.422618 0.000000
vn 0.965926 -0.258819 0.000000
vn 0.965926 -0.258819 0.000000
vn 0.996195 -0.087155 0.000000
vn 0.996195 -0.087155 0.000000
vn 0.996195 0.087155 0.000000
vn 0.996195 0.087155 0.000000
vn 0.965926 0.258819 0.000000
vn 0.965926 0.258819 0.000000
vn 0.906308 0.422618 -0.000000
vn 0.819152 0.573577 -0.000000
vn 0.906308 0.422618 0.000000
vn 0.819152 0.573577 0.000000
vn 0.707107 0.707107 0.000000
vn 0.573577 0.819152 -0.000000
vn 0.707107 0.707107 0.000000
vn 0.573577 0.819152 0.000000
vn 0.422618 0.906308 0.000000
vn 0.258819 0.965926 -0.000000
vn 0.422618 0.906308 0.000000
vn 0.258819 0.965926 0.000000
vn 0.087155 0.996195 0.000000
vn 0.087155 0.996195 0.000000
vn -0.087155 0.996195 0.000000
vn -0.087155 0.996195 0.000000
vn -0.258819 0.965926 0.000000
vn -0.258819 0.965926 0.000000
vn -0.422618 0.906308 0.000000
vn -0.573577 0.819152 0.000000
vn -0.422618 0.906308 0.000000
vn -0.573577 0.819152 0.000000
vn -0.707107 0.707107 0.000000
vn -0.707107 0.707107 0.000000
vn -0.819152 0.573577 0.000000
vn -0.819152 0.573577 0.000000
vn -0.906308 0.422618 0.000000
vn -0.906308 0.422618 0.000000
vn -0.965926 0.258819 0.000000
vn -0.965926 0.258819 0.000000
vn -0.996195 0.087155 0.000000
vn -0.996195 0.087155 0.000000
f 1//1 2//1 3//1
f 3//2 2//2 4//2
f 5//3 6//3 7//3
f 6//4 8//4 7//4
f 8//5 9//5 7//5
f 7//6 10//6 11//6
f 9//7 10//7 7//7
f 10//8 12//8 11//8
f 5//9 13//9 6//9
f 13//10 14//10 6//10
f 6//11 14//11 8//11
f 11//12 15//12 16//12
f 12//13 15//13 11//13
f 8//14 17//14 9//14
f 14//15 17//15 8//15
f 9//16 18//16 10//16
f 17//17 18//17 9//17
f 16//18 19//18 20//18
f 15//19 19//19 16//19
f 10//20 21//20 12//20
f 18//21 21//21 10//21
f 5//22 22//22 13//22
f 13//23 23//23 14//23
f 22//24 23//24 13//24
f 20//25 24//25 3//25
f 19//26 24//26 20//26
f 21//27 25//27 12//27
f 12//28 25//28 15//28
f 23//29 26//29 14//29
f 14//30 26//30 17//30
f 17//31 27//31 18//31
f 26//32 27//32 17//32
f 15//33 28//33 19//33
f 25//34 28//34 15//34
f 18//35 29//35 21//35
f 27//36 29//36 18//36
f 5//37 30//37 22//37
f 22//38 31//38 23//38
f 30//39 31//39 22//39
f 24//40 32//40 3//40
f 19//41 32//41 24//41
f 28//42 32//42 19//42
f 21//43 33//43 25//43
f 29//44 33//44 21//44
f 23//45 34//45 26//45
f 31//46 34//46 23//46
f 26//47 35//47 27//47
f 34//48 35//48 26//48
f 25//49 36//49 28//49
f 33//50 36//50 25//50
f 27//51 37//51 29//51
f 35//52 37//52 27//52
f 38//53 39//53 5//53
f 5//54 39//54 30//54
f 39//55 40//55 30//55
f 30//56 40//56 31//56
f 36//57 41//57 28//57
f 32//58 41//58 3//58
f 28//59 41//59 32//59
f 37//60 42//60 29//60
f 29//61 42//61 33//61
f 40//62 43//62 31//62
f 31//63 43//63 34//63
f 43//64 44//64 34//64
f 34//65 44//65 35//65
f 33//66 45//66 36//66
f 42//67 45//67 33//67
f 35//68 46//68 37//68
f 44//69 46//69 35//69
f 38//70 47//70 39//70
f 39//71 47//71 40//71
f 47//72 48//72 40//72
f 45//73 49//73 36//73
f 41//74 49//74 3//74
f 36//75 49//75 41//75
f 46//76 50//76 37//76
f 37//77 50//77 42//77
f 40//78 51//78 43//78
f 43//79 51//79 44//79
f 48//80 51//80 40//80
f 51//81 52//81 44//81
f 42//82 53//82 45//82
f 50//83 53//83 42//83
f 44//84 54//84 46//84
f 52//85 54//85 44//85
f 38//86 55//86 47//86
f 47//87 55//87 48//87
f 55//88 56//88 48//88
f 3//89 57//89 1//89
f 45//90 57//90 49//90
f 49//91 57//91 3//91
f 53//92 57//92 45//92
f 46//93 58//93 50//93
f 54//94 58//94 46//94
f 56//95 59//95 48//95
f 48//96 59//96 51//96
f 51//97 59//97 52//97
f 59//98 60//98 52//98
f 50//99 61//99 53//99
f 58//100 61//100 50//100
f 52//101 62//101 54//101
f 60//102 62//102 52//102
f 38//103 63//103 55//103
f 55//104 64//104 56//104
f 63//105 64//105 55//105
f 57//106 65//106 1//106
f 53//107 65//107 57//107
f 61//108 65//108 53//108
f 62//109 66//109 54//109
f 54//110 66//110 58//110
f 64//111 67//111 56//111
f 56//112 67//112 59//112
f 59//113 68//113 60//113
f 67//114 68//114 59//114
f 58//115 69//115 61//115
f 66//116 69//116 58//116
f 60//117 70//117 62//117
f 68//118 70//118 60//118
f 38//119 71//119 63//119
f 63//120 72//120 64//120
f 71//121 72//121 63//121
f 65//122 73//122 1//122
f 61//123 73//123 65//123
f 69//124 73//124 61//124
f 62//125 74//125 66//125
f 70//126 74//126 62//126
f 64//127 75//127 67//127
f 72//128 75//128 64//128
f 76//129 77//129 38//129
f 38//130 77//130 71//130
f 75//131 78//131 67//131
f 67//132 78//132 68//132
f 71//133 79//133 72//133
f 77//134 79//134 71//134
f 76//135 79//135 77//135
f 74//136 80//136 66//136
f 66//137 80//137 69//137
f 79//138 81//138 72//138
f 76//139 81//139 79//139
f 72//140 81//140 75//140
f 78//141 82//141 68//141
f 68//142 82//142 70//142
f 83//143 84//143 76//143
f 75//144 84//144 78//144
f 76//145 84//145 81//145
f 81//146 84//146 75//146
f 69//147 85//147 73//147
f 73//148 85//148 1//148
f 80//149 85//149 69//149
f 82//150 86//150 70//150
f 70//151 86//151 74//151
f 78//152 87//152 82//152
f 84//153 87//153 78//153
f 83//154 87//154 84//154
f 86//155 88//155 74//155
f 74//156 88//156 80//156
f 82//157 89//157 86//157
f 90//158 89//158 83//158
f 87//159 89//159 82//159
f 83//160 89//160 87//160
f 91//161 92//161 90//161
f 90//162 92//162 89//162
f 89//163 92//163 86//163
f 86//164 92//164 88//164
f 85//165 93//165 1//165
f 80//166 93//166 85//166
f 88//167 93//167 80//167
f 92//168 93//168 88//168
f 1//169 94//169 91//169
f 93//170 94//170 1//170
f 91//171 94//171 92//171
f 92//172 94//172 93//172
f 4//173 95//173 96//173
f 95//174 97//174 96//174
f 96//175 98//175 99//175
f 97//176 98//176 96//176
f 4//177 100//177 95//177
f 98//178 101//178 99//178
f 95//179 102//179 97//179
f 100//180 102//180 95//180
f 99//181 103//181 104//181
f 101//182 103//182 99//182
f 104//183 105//183 106//183
f 103//184 105//184 104//184
f 97//185 107//185 98//185
f 102//186 107//186 97//186
f 4//187 108//187 100//187
f 106//188 109//188 110//188
f 105//189 109//189 106//189
f 98//190 111//190 101//190
f 107//191 111//191 98//191
f 100//192 112//192 102//192
f 108//193 112//193 100//193
f 111//194 113//194 101//194
f 101//195 113//195 103//195
f 103//196 114//196 105//196
f 113//197 114//197 103//197
f 102//198 115//198 107//198
f 112//199 115//199 102//199
f 4//200 116//200 108//200
f 109//201 117//201 110//201
f 105//202 117//202 109//202
f 114//203 117//203 105//203
f 107//204 118//204 111//204
f 115//205 118//205 107//205
f 108//206 119//206 112//206
f 116//207 119//207 108//207
f 111//208 120//208 113//208
f 118//209 120//209 111//209
f 113//210 121//210 114//210
f 120//211 121//211 113//211
f 112//212 122//212 115//212
f 119//213 122//213 112//213
f 2//214 123//214 4//214
f 4//215 123//215 116//215
f 117//216 124//216 110//216
f 114//217 124//217 117//217
f 121//218 124//218 114//218
f 115//219 125//219 118//219
f 122//220 125//220 115//220
f 116//221 126//221 119//221
f 123//222 126//222 116//222
f 118//223 127//223 120//223
f 125//224 127//224 118//224
f 127//225 128//225 120//225
f 120//226 128//226 121//226
f 119//227 129//227 122//227
f 126//228 129//228 119//228
f 2//229 130//229 123//229
f 128//230 131//230 121//230
f 124//231 131//231 110//231
f 121//232 131//232 124//232
f 129//233 132//233 122//233
f 122//234 132//234 125//234
f 123//235 133//235 126//235
f 130//236 133//236 123//236
f 125//237 134//237 127//237
f 132//238 134//238 125//238
f 134//239 135//239 127//239
f 127//240 135//240 128//240
f 126//241 136//241 129//241
f 133//242 136//242 126//242
f 129//243 136//243 132//243
f 2//244 137//244 130//244
f 135//245 138//245 128//245
f 128//246 138//246 131//246
f 136//247 139//247 132//247
f 130//248 140//248 133//248
f 137//249 140//249 130//249
f 132//250 141//250 134//250
f 139//251 141//251 132//251
f 141//252 142//252 134//252
f 134//253 142//253 135//253
f 133//254 143//254 136//254
f 140//255 143//255 133//255
f 2//256 144//256 137//256
f 135//257 145//257 138//257
f 142//258 145//258 135//258
f 143//259 146//259 136//259
f 136//260 146//260 139//260
f 139//261 146//261 141//261
f 137//262 147//262 140//262
f 144//263 147//263 137//263
f 146//264 148//264 141//264
f 148//265 149//265 141//265
f 141//266 149//266 142//266
f 140//267 150//267 143//267
f 147//268 150//268 140//268
f 2//269 151//269 144//269
f 144//270 151//270 147//270
f 142//271 152//271 145//271
f 149//272 152//272 142//272
f 110//273 153//273 154//273
f 152//274 153//274 145//274
f 138//275 153//275 131//275
f 145//276 153//276 138//276
f 131//277 153//277 110//277
f 143//278 155//278 146//278
f 150//279 155//279 143//279
f 156//280 157//280 2//280
f 2//281 157//281 151//281
f 151//282 158//282 147//282
f 155//283 159//283 146//283
f 146//284 159//284 148//284
f 159//285 160//285 148//285
f 148//286 160//286 149//286
f 147//287 161//287 150//287
f 158//288 161//288 147//288
f 156//289 162//289 157//289
f 157//290 162//290 151//290
f 151//291 162//291 158//291
f 149//292 163//292 152//292
f 160//293 163//293 149//293
f 163//294 164//294 152//294
f 153//295 164//295 154//295
f 152//296 164//296 153//296
f 161//297 165//297 150//297
f 150//298 165//298 155//298
f 162//299 166//299 158//299
f 167//300 166//300 156//300
f 158//301 166//301 161//301
f 156//302 166//302 162//302
f 165//303 168//303 155//303
f 155//304 168//304 159//304
f 166//305 169//305 161//305
f 167//306 169//306 166//306
f 161//307 169//307 165//307
f 168//308 170//308 159//308
f 159//309 170//309 160//309
f 160//310 171//310 163//310
f 170//311 171//311 160//311
f 172//312 173//312 167//312
f 167//313 173//313 169//313
f 169//314 173//314 165//314
f 165//315 173//315 168//315
f 164//316 174//316 154//316
f 163//317 174//317 164//317
f 171//318 174//318 163//318
f 175//319 176//319 172//319
f 172//320 176//320 173//320
f 168//321 176//321 170//321
f 173//322 176//322 168//322
f 170//323 177//323 171//323
f 175//324 177//324 176//324
f 171//325 177//325 174//325
f 176//326 177//326 170//326
f 154//327 178//327 175//327
f 174//328 178//328 154//328
f 177//329 178//329 174//329
f 175//330 178//330 177//330
f 179//331 180//331 181//331
f 182//332 183//332 180//332
f 180//333 183//333 181//333
f 182//334 184//334 183//334
f 185//335 184//335 182//335
f 185//336 186//336 184//336
f 185//337 187//337 186//337
f 188//338 189//338 190//338
f 190//339 189//339 191//339
f 187//340 192//340 186//340
f 187//341 193//341 192//341
f 193//342 194//342 192//342
f 195//343 196//343 197//343
f 189//344 198//344 191//344
f 191//345 198//345 199//345
f 198//346 200//346 199//346
f 199//347 200//347 201//347
f 202//348 203//348 195//348
f 195//349 203//349 196//349
f 200//350 204//350 201//350
f 201//351 204//351 205//351
f 193//352 206//352 194//352
f 207//353 206//353 193//353
f 204//354 208//354 205//354
f 205//355 208//355 209//355
f 210//356 211//356 202//356
f 202//357 211//357 203//357
f 208//358 212//358 209//358
f 213//359 214//359 210//359
f 210//360 214//360 211//360
f 215//361 216//361 213//361
f 213//362 216//362 214//362
f 215//363 217//363 216//363
f 208//364 218//364 212//364
f 219//365 220//365 215//365
f 215//366 220//366 217//366
f 221//367 222//367 223//367
f 223//368 222//368 224//368
f 207//369 225//369 206//369
f 207//370 226//370 225//370
f 225//371 227//371 206//371
f 207//372 228//372 226//372
f 212//373 228//373 207//373
f 224//374 229//374 230//374
f 222//375 229//375 224//375
f 227//376 231//376 206//376
f 206//377 231//377 219//377
f 212//378 232//378 228//378
f 218//379 232//379 212//379
f 231//380 233//380 219//380
f 219//381 233//381 220//381
f 218//382 234//382 232//382
f 229//383 235//383 230//383
f 230//384 235//384 236//384
f 237//385 238//385 239//385
f 233//386 240//386 220//386
f 218//387 241//387 234//387
f 242//388 241//388 218//388
f 236//389 243//389 244//389
f 235//390 243//390 236//390
f 243//391 245//391 244//391
f 244//392 245//392 246//392
f 246//393 245//393 242//393
f 247//394 248//394 237//394
f 237//395 248//395 238//395
f 240//396 249//396 220//396
f 220//397 249//397 250//397
f 242//398 251//398 241//398
f 245//399 252//399 242//399
f 253//400 254//400 247//400
f 247//401 254//401 248//401
f 255//402 256//402 253//402
f 253//403 256//403 254//403
f 249//404 257//404 250//404
f 242//405 258//405 251//405
f 252//406 258//406 242//406
f 259//407 260//407 255//407
f 255//408 260//408 256//408
f 259//409 261//409 260//409
f 250//410 262//410 259//410
f 257//411 262//411 250//411
f 259//412 262//412 261//412
f 257//413 263//413 262//413
f 252//414 264//414 258//414
f 252//415 265//415 264//415
f 263//416 266//416 262//416
f 265//417 267//417 264//417
f 265//418 268//418 267//418
f 266//419 269//419 262//419
f 270//420 269//420 266//420
f 270//421 271//421 269//421
f 272//422 273//422 274//422
f 274//423 273//423 275//423
f 276//424 277//424 265//424
f 268//425 277//425 278//425
f 265//426 277//426 268//426
f 275//427 279//427 280//427
f 273//428 279//428 275//428
f 277//429 281//429 278//429
f 280//430 282//430 283//430
f 279//431 282//431 280//431
f 284//432 285//432 276//432
f 276//433 285//433 277//433
f 284//434 286//434 285//434
f 283//435 286//435 284//435
f 282//436 286//436 283//436
f 287//437 288//437 271//437
f 271//438 288//438 269//438
f 289//439 290//439 291//439
f 292//440 293//440 289//440
f 289//441 293//441 290//441
f 269//442 294//442 295//442
f 288//443 294//443 269//443
f 294//444 296//444 295//444
f 295//445 296//445 297//445
f 292//446 298//446 293//446
f 299//447 298//447 292//447
f 297//448 300//448 299//448
f 296//449 300//449 297//449
f 299//450 300//450 298//450
f 277//451 301//451 281//451
f 281//452 301//452 302//452
f 287//453 303//453 288//453
f 304//454 303//454 287//454
f 305//455 303//455 304//455
f 301//456 306//456 302//456
f 307//457 306//457 308//457
f 302//458 306//458 307//458
f 305//459 309//459 303//459
f 303//460 309//460 38//460
f 310//461 309//461 305//461
f 311//462 309//462 310//462
f 308//463 312//463 313//463
f 306//464 312//464 308//464
f 301//465 314//465 306//465
f 315//466 314//466 316//466
f 316//467 314//467 301//467
f 317//468 318//468 315//468
f 315//469 318//469 314//469
f 317//470 319//470 318//470
f 320//471 319//471 317//471
f 311//472 321//472 309//472
f 322//473 321//473 311//473
f 323//474 324//474 320//474
f 320//475 324//475 319//475
f 325//476 326//476 323//476
f 323//477 326//477 324//477
f 325//478 327//478 326//478
f 328//479 329//479 330//479
f 313//480 329//480 328//480
f 312//481 329//481 313//481
f 309//482 154//482 38//482
f 331//483 332//483 322//483
f 330//484 332//484 331//484
f 322//485 332//485 321//485
f 329//486 332//486 330//486
f 154//487 175//487 38//487
f 38//488 175//488 76//488
f 175//489 172//489 76//489
f 76//490 172//490 83//490
f 172//491 167//491 83//491
f 83//492 167//492 90//492
f 167//493 156//493 90//493
f 90//494 156//494 91//494
f 156//495 2//495 91//495
f 91//496 2//496 1//496
f 332//497 333//497 321//497
f 312//498 334//498 329//498
f 335//499 334//499 336//499
f 336//500 334//500 312//500
f 332//501 337//501 333//501
f 338//502 339//502 335//502
f 335//503 339//503 334//503
f 333//504 340//504 341//504
f 337//505 340//505 333//505
f 341//506 342//506 343//506
f 340//507 342//507 341//507
f 344//508 345//508 338//508
f 338//509 345//509 339//509
f 342//510 346//510 343//510
f 346//511 347//511 343//511
f 344//512 348//512 345//512
f 349//513 348//513 344//513
f 350//514 351//514 349//514
f 349//515 351//515 348//515
f 347//516 352//516 353//516
f 346//517 352//517 347//517
f 350//518 354//518 351//518
f 353//519 355//519 356//519
f 352//520 355//520 353//520
f 357//521 358//521 359//521
f 360//522 361//522 357//522
f 360//523 357//523 359//523
f 362//524 361//524 360//524
f 362//525 363//525 361//525
f 364//526 363//526 362//526
f 365//527 363//527 364//527
f 366//528 367//528 368//528
f 366//529 368//529 369//529
f 370//530 365//530 364//530
f 371//531 365//531 370//531
f 372//532 371//532 370//532
f 373//533 374//533 375//533
f 376//534 366//534 369//534
f 376//535 369//535 377//535
f 378//536 376//536 377//536
f 378//537 377//537 379//537
f 380//538 381//538 374//538
f 380//539 374//539 373//539
f 382//540 378//540 379//540
f 382//541 379//541 383//541
f 384//542 371//542 372//542
f 384//543 385//543 371//543
f 386//544 382//544 383//544
f 386//545 383//545 387//545
f 388//546 389//546 381//546
f 388//547 381//547 380//547
f 390//548 386//548 387//548
f 391//549 392//549 389//549
f 391//550 389//550 388//550
f 393//551 394//551 392//551
f 393//552 392//552 391//552
f 395//553 394//553 393//553
f 396//554 386//554 390//554
f 397//555 398//555 394//555
f 397//556 394//556 395//556
f 399//557 400//557 401//557
f 399//558 401//558 402//558
f 403//559 385//559 384//559
f 404//560 385//560 403//560
f 405//561 403//561 384//561
f 406//562 385//562 404//562
f 406//563 390//563 385//563
f 407//564 402//564 408//564
f 407//565 399//565 402//565
f 409//566 405//566 384//566
f 409//567 384//567 398//567
f 410//568 390//568 406//568
f 410//569 396//569 390//569
f 411//570 409//570 398//570
f 411//571 398//571 397//571
f 412//572 396//572 410//572
f 413//573 407//573 408//573
f 413//574 408//574 414//574
f 415//575 416//575 417//575
f 418//576 411//576 397//576
f 419//577 396//577 412//577
f 419//578 420//578 396//578
f 421//579 414//579 422//579
f 421//580 413//580 414//580
f 423//581 421//581 422//581
f 423//582 422//582 424//582
f 423//583 424//583 420//583
f 425//584 426//584 416//584
f 425//585 416//585 415//585
f 427//586 418//586 397//586
f 427//587 397//587 428//587
f 429//588 420//588 419//588
f 430//589 423//589 420//589
f 431//590 432//590 426//590
f 431//591 426//591 425//591
f 433//592 434//592 432//592
f 433//593 432//593 431//593
f 435//594 427//594 428//594
f 436//595 420//595 429//595
f 436//596 430//596 420//596
f 437//597 438//597 434//597
f 437//598 434//598 433//598
f 439//599 438//599 437//599
f 440//600 428//600 438//600
f 440//601 435//601 428//601
f 440//602 438//602 439//602
f 441//603 435//603 440//603
f 442//604 430//604 436//604
f 443//605 430//605 442//605
f 444//606 441//606 440//606
f 445//607 443//607 442//607
f 446//608 443//608 445//608
f 447//609 444//609 440//609
f 447//610 448//610 444//610
f 449//611 448//611 447//611
f 450//612 451//612 452//612
f 450//613 452//613 453//613
f 454//614 455//614 443//614
f 454//615 446//615 456//615
f 454//616 443//616 446//616
f 457//617 453//617 458//617
f 457//618 450//618 453//618
f 459//619 454//619 456//619
f 460//620 458//620 461//620
f 460//621 457//621 458//621
f 462//622 463//622 455//622
f 462//623 455//623 454//623
f 464//624 463//624 462//624
f 464//625 461//625 463//625
f 464//626 460//626 461//626
f 465//627 466//627 449//627
f 465//628 449//628 447//628
f 467//629 468//629 469//629
f 470//630 471//630 468//630
f 470//631 468//631 467//631
f 472//632 447//632 473//632
f 472//633 465//633 447//633
f 474//634 472//634 473//634
f 474//635 473//635 475//635
f 476//636 471//636 470//636
f 476//637 477//637 471//637
f 478//638 475//638 477//638
f 478//639 474//639 475//639
f 478//640 477//640 476//640
f 479//641 454//641 459//641
f 479//642 459//642 480//642
f 481//643 466//643 465//643
f 481//644 482//644 466//644
f 481//645 483//645 482//645
f 484//646 479//646 480//646
f 484//647 485//647 486//647
f 484//648 480//648 485//648
f 487//649 483//649 481//649
f 487//650 481//650 5//650
f 487//651 488//651 483//651
f 487//652 489//652 488//652
f 490//653 486//653 491//653
f 490//654 484//654 486//654
f 492//655 479//655 484//655
f 492//656 493//656 494//656
f 492//657 494//657 479//657
f 495//658 496//658 493//658
f 495//659 493//659 492//659
f 497//660 496//660 495//660
f 497//661 498//661 496//661
f 499//662 489//662 487//662
f 499//663 500//663 489//663
f 501//664 502//664 498//664
f 501//665 498//665 497//665
f 503//666 504//666 502//666
f 503//667 502//667 501//667
f 505//668 504//668 503//668
f 506//669 507//669 508//669
f 506//670 491//670 507//670
f 506//671 490//671 491//671
f 110//672 487//672 5//672
f 509//673 510//673 500//673
f 509//674 508//674 510//674
f 509//675 500//675 499//675
f 509//676 506//676 508//676
f 106//677 110//677 5//677
f 106//678 5//678 7//678
f 104//679 106//679 7//679
f 104//680 7//680 11//680
f 99//681 104//681 11//681
f 99//682 11//682 16//682
f 96//683 99//683 16//683
f 96//684 16//684 20//684
f 4//685 96//685 20//685
f 4//686 20//686 3//686
f 511//687 509//687 499//687
f 512//688 490//688 506//688
f 512//689 513//689 514//689
f 512//690 514//690 490//690
f 515//691 509//691 511//691
f 516//692 517//692 513//692
f 516//693 513//693 512//693
f 518//694 511//694 519//694
f 518//695 515//695 511//695
f 520//696 519//696 521//696
f 520//697 518//697 519//697
f 522//698 523//698 517//698
f 522//699 517//699 516//699
f 524//700 520//700 521//700
f 525//701 524//701 521//701
f 526//702 523//702 522//702
f 526//703 527//703 523//703
f 528//704 529//704 527//704
f 528//705 527//705 526//705
f 530//706 525//706 531//706
f 530//707 524//707 525//707
f 532//708 529//708 528//708
f 533//709 531//709 534//709
f 533//710 530//710 531//710
f 303//711 38//711 481//711
f 481//712 38//712 5//712
f 154//713 309//713 110//713
f 110//714 309//714 487//714
f 288//715 303//715 465//715
f 465//716 303//716 481//716
f 309//717 321//717 487//717
f 487//718 321//718 499//718
f 294//719 288//719 472//719
f 472//720 288//720 465//720
f 321//721 333//721 499//721
f 499//722 333//722 511//722
f 467//723 535//723 470//723
f 535//724 536//724 470//724
f 470//725 537//725 476//725
f 536//726 537//726 470//726
f 467//727 538//727 535//727
f 537//728 539//728 476//728
f 535//729 540//729 536//729
f 538//730 540//730 535//730
f 476//731 541//731 478//731
f 539//732 541//732 476//732
f 478//733 542//733 474//733
f 541//734 542//734 478//734
f 536//735 543//735 537//735
f 540//736 543//736 536//736
f 467//737 544//737 538//737
f 474//738 545//738 472//738
f 542//739 545//739 474//739
f 537//740 546//740 539//740
f 543//741 546//741 537//741
f 538//742 547//742 540//742
f 544//743 547//743 538//743
f 546//744 548//744 539//744
f 539//745 548//745 541//745
f 541//746 549//746 542//746
f 548//747 549//747 541//747
f 540//748 550//748 543//748
f 547//749 550//749 540//749
f 467//750 551//750 544//750
f 545//751 552//751 472//751
f 542//752 552//752 545//752
f 549//753 552//753 542//753
f 543//754 553//754 546//754
f 550//755 553//755 543//755
f 544//756 554//756 547//756
f 551//757 554//757 544//757
f 546//758 555//758 548//758
f 553//759 555//759 546//759
f 548//760 556//760 549//760
f 555//761 556//761 548//761
f 547//762 557//762 550//762
f 554//763 557//763 547//763
f 550//764 557//764 553//764
f 290//765 558//765 467//765
f 467//766 558//766 551//766
f 552//767 559//767 472//767
f 549//768 559//768 552//768
f 556//769 559//769 549//769
f 557//770 560//770 553//770
f 551//771 561//771 554//771
f 558//772 561//772 551//772
f 553//773 562//773 555//773
f 560//774 562//774 553//774
f 562//775 563//775 555//775
f 555//776 563//776 556//776
f 556//777 563//777 559//777
f 554//778 564//778 557//778
f 561//779 564//779 554//779
f 290//780 565//780 558//780
f 563//781 566//781 559//781
f 559//782 566//782 472//782
f 564//783 567//783 557//783
f 557//784 567//784 560//784
f 558//785 568//785 561//785
f 561//786 568//786 564//786
f 565//787 568//787 558//787
f 560//788 569//788 562//788
f 567//789 569//789 560//789
f 569//790 570//790 562//790
f 562//791 570//791 563//791
f 568//792 571//792 564//792
f 290//793 572//793 565//793
f 570//794 573//794 563//794
f 563//795 573//795 566//795
f 571//796 574//796 564//796
f 564//797 574//797 567//797
f 565//798 575//798 568//798
f 572//799 575//799 565//799
f 567//800 576//800 569//800
f 574//801 576//801 567//801
f 576//802 577//802 569//802
f 569//803 577//803 570//803
f 568//804 578//804 571//804
f 575//805 578//805 568//805
f 290//806 579//806 572//806
f 570//807 580//807 573//807
f 577//808 580//808 570//808
f 571//809 581//809 574//809
f 578//810 581//810 571//810
f 572//811 582//811 575//811
f 579//812 582//812 572//812
f 581//813 583//813 574//813
f 574//814 583//814 576//814
f 576//815 584//815 577//815
f 583//816 584//816 576//816
f 575//817 585//817 578//817
f 582//818 585//818 575//818
f 290//819 586//819 579//819
f 579//820 586//820 582//820
f 577//821 587//821 580//821
f 584//822 587//822 577//822
f 472//823 588//823 294//823
f 566//824 588//824 472//824
f 573//825 588//825 566//825
f 580//826 588//826 573//826
f 587//827 588//827 580//827
f 578//828 589//828 581//828
f 585//829 589//829 578//829
f 293//830 590//830 290//830
f 290//831 590//831 586//831
f 586//832 591//832 582//832
f 589//833 592//833 581//833
f 581//834 592//834 583//834
f 583//835 593//835 584//835
f 592//836 593//836 583//836
f 582//837 594//837 585//837
f 591//838 594//838 582//838
f 293//839 595//839 590//839
f 590//840 595//840 586//840
f 586//841 595//841 591//841
f 584//842 596//842 587//842
f 593//843 596//843 584//843
f 596//844 597//844 587//844
f 588//845 597//845 294//845
f 587//846 597//846 588//846
f 585//847 598//847 589//847
f 594//848 598//848 585//848
f 595//849 599//849 591//849
f 298//850 599//850 293//850
f 293//851 599//851 595//851
f 591//852 599//852 594//852
f 598//853 600//853 589//853
f 589//854 600//854 592//854
f 592//855 600//855 593//855
f 594//856 601//856 598//856
f 599//857 601//857 594//857
f 598//858 601//858 600//858
f 298//859 601//859 599//859
f 600//860 602//860 593//860
f 593//861 603//861 596//861
f 602//862 603//862 593//862
f 596//863 603//863 597//863
f 298//864 604//864 601//864
f 300//865 604//865 298//865
f 601//866 604//866 600//866
f 600//867 604//867 602//867
f 597//868 605//868 294//868
f 603//869 605//869 597//869
f 296//870 606//870 300//870
f 300//871 606//871 604//871
f 604//872 606//872 602//872
f 602//873 607//873 603//873
f 296//874 607//874 606//874
f 603//875 607//875 605//875
f 606//876 607//876 602//876
f 294//877 608//877 296//877
f 605//878 608//878 294//878
f 607//879 608//879 605//879
f 296//880 608//880 607//880
f 511//881 609//881 519//881
f 609//882 610//882 519//882
f 610//883 611//883 519//883
f 519//884 612//884 521//884
f 611//885 612//885 519//885
f 612//886 613//886 521//886
f 511//887 614//887 609//887
f 614//888 615//888 609//888
f 609//889 615//889 610//889
f 521//890 616//890 525//890
f 613//891 616//891 521//891
f 610//892 617//892 611//892
f 615//893 617//893 610//893
f 611//894 618//894 612//894
f 617//895 618//895 611//895
f 525//896 619//896 531//896
f 616//897 619//897 525//897
f 612//898 620//898 613//898
f 618//899 620//899 612//899
f 511//900 621//900 614//900
f 614//901 622//901 615//901
f 621//902 622//902 614//902
f 531//903 623//903 534//903
f 619//904 623//904 531//904
f 620//905 624//905 613//905
f 613//906 624//906 616//906
f 622//907 625//907 615//907
f 615//908 625//908 617//908
f 617//909 626//909 618//909
f 625//910 626//910 617//910
f 616//911 627//911 619//911
f 624//912 627//912 616//912
f 618//913 628//913 620//913
f 626//914 628//914 618//914
f 511//915 629//915 621//915
f 621//916 630//916 622//916
f 629//917 630//917 621//917
f 623//918 631//918 534//918
f 619//919 631//919 623//919
f 627//920 631//920 619//920
f 620//921 632//921 624//921
f 628//922 632//922 620//922
f 622//923 633//923 625//923
f 630//924 633//924 622//924
f 625//925 634//925 626//925
f 633//926 634//926 625//926
f 624//927 635//927 627//927
f 632//928 635//928 624//928
f 626//929 636//929 628//929
f 634//930 636//930 626//930
f 333//931 637//931 511//931
f 511//932 637//932 629//932
f 637//933 638//933 629//933
f 629//934 638//934 630//934
f 635//935 639//935 627//935
f 631//936 639//936 534//936
f 627//937 639//937 631//937
f 636//938 640//938 628//938
f 628//939 640//939 632//939
f 638//940 641//940 630//940
f 630//941 641//941 633//941
f 641//942 642//942 633//942
f 633//943 642//943 634//943
f 632//944 643//944 635//944
f 640//945 643//945 632//945
f 634//946 644//946 636//946
f 642//947 644//947 634//947
f 636//948 644//948 640//948
f 333//949 645//949 637//949
f 645//950 646//950 637//950
f 637//951 646//951 638//951
f 643//952 647//952 635//952
f 639//953 647//953 534//953
f 635//954 647//954 639//954
f 644//955 648//955 640//955
f 638//956 649//956 641//956
f 641//957 649//957 642//957
f 646//958 649//958 638//958
f 649//959 650//959 642//959
f 640//960 651//960 643//960
f 648//961 651//961 640//961
f 642//962 652//962 644//962
f 650//963 652//963 642//963
f 333//964 653//964 645//964
f 645//965 653//965 646//965
f 653//966 654//966 646//966
f 534//967 655//967 356//967
f 643//968 655//968 647//968
f 647//969 655//969 534//969
f 651//970 655//970 643//970
f 644//971 656//971 648//971
f 652//972 656//972 644//972
f 654//973 657//973 646//973
f 646//974 657//974 649//974
f 649//975 657//975 650//975
f 657//976 658//976 650//976
f 648//977 659//977 651//977
f 651//978 659//978 655//978
f 656//979 659//979 648//979
f 650//980 660//980 652//980
f 658//981 660//981 650//981
f 333//982 661//982 653//982
f 653//983 662//983 654//983
f 661//984 662//984 653//984
f 655//985 663//985 356//985
f 659//986 663//986 655//986
f 660//987 664//987 652//987
f 652//988 664//988 656//988
f 662//989 665//989 654//989
f 654//990 665//990 657//990
f 657//991 666//991 658//991
f 665//992 666//992 657//992
f 664//993 667//993 656//993
f 656//994 667//994 659//994
f 658//995 668//995 660//995
f 666//996 668//996 658//996
f 333//997 669//997 661//997
f 661//998 670//998 662//998
f 669//999 670//999 661//999
f 663//1000 671//1000 356//1000
f 659//1001 671//1001 663//1001
f 667//1002 671//1002 659//1002
f 660//1003 672//1003 664//1003
f 668//1004 672//1004 660//1004
f 670//1005 673//1005 662//1005
f 662//1006 673//1006 665//1006
f 341//1007 674//1007 333//1007
f 333//1008 674//1008 669//1008
f 673//1009 675//1009 665//1009
f 665//1010 675//1010 666//1010
f 669//1011 676//1011 670//1011
f 674//1012 676//1012 669//1012
f 341//1013 676//1013 674//1013
f 672//1014 677//1014 664//1014
f 664//1015 677//1015 667//1015
f 670//1016 678//1016 673//1016
f 676//1017 678//1017 670//1017
f 341//1018 678//1018 676//1018
f 675//1019 679//1019 666//1019
f 666//1020 679//1020 668//1020
f 678//1021 680//1021 673//1021
f 343//1022 680//1022 341//1022
f 673//1023 680//1023 675//1023
f 341//1024 680//1024 678//1024
f 667//1025 681//1025 671//1025
f 677//1026 681//1026 667//1026
f 671//1027 681//1027 356//1027
f 679//1028 682//1028 668//1028
f 668//1029 682//1029 672//1029
f 675//1030 683//1030 679//1030
f 343//1031 683//1031 680//1031
f 680//1032 683//1032 675//1032
f 682//1033 684//1033 672//1033
f 672//1034 684//1034 677//1034
f 679//1035 685//1035 682//1035
f 347//1036 685//1036 343//1036
f 683//1037 685//1037 679//1037
f 343//1038 685//1038 683//1038
f 353//1039 686//1039 347//1039
f 347//1040 686//1040 685//1040
f 682//1041 686//1041 684//1041
f 685//1042 686//1042 682//1042
f 681//1043 687//1043 356//1043
f 677//1044 687//1044 681//1044
f 684//1045 687//1045 677//1045
f 686//1046 687//1046 684//1046
f 356//1047 688//1047 353//1047
f 353//1048 688//1048 686//1048
f 687//1049 688//1049 356//1049
f 686//1050 688//1050 687//1050
f 291//1051 290//1051 469//1051
f 469//1052 290//1052 467//1052
f 356//1053 355//1053 534//1053
f 534//1054 355//1054 533//1054
f 473//1055 689//1055 475//1055
f 689//1056 690//1056 475//1056
f 690//1057 691//1057 475//1057
f 475//1058 692//1058 477//1058
f 691//1059 692//1059 475//1059
f 692//1060 693//1060 477//1060
f 473//1061 694//1061 689//1061
f 694//1062 695//1062 689//1062
f 689//1063 695//1063 690//1063
f 477//1064 696//1064 471//1064
f 693//1065 696//1065 477//1065
f 690//1066 697//1066 691//1066
f 695//1067 697//1067 690//1067
f 691//1068 698//1068 692//1068
f 697//1069 698//1069 691//1069
f 471//1070 699//1070 468//1070
f 696//1071 699//1071 471//1071
f 692//1072 700//1072 693//1072
f 698//1073 700//1073 692//1073
f 473//1074 701//1074 694//1074
f 694//1075 702//1075 695//1075
f 701//1076 702//1076 694//1076
f 468//1077 703//1077 469//1077
f 699//1078 703//1078 468//1078
f 700//1079 704//1079 693//1079
f 693//1080 704//1080 696//1080
f 702//1081 705//1081 695//1081
f 695//1082 705//1082 697//1082
f 697//1083 706//1083 698//1083
f 705//1084 706//1084 697//1084
f 696//1085 707//1085 699//1085
f 704//1086 707//1086 696//1086
f 698//1087 708//1087 700//1087
f 706//1088 708//1088 698//1088
f 473//1089 709//1089 701//1089
f 701//1090 710//1090 702//1090
f 709//1091 710//1091 701//1091
f 703//1092 711//1092 469//1092
f 699//1093 711//1093 703//1093
f 707//1094 711//1094 699//1094
f 700//1095 712//1095 704//1095
f 708//1096 712//1096 700//1096
f 702//1097 713//1097 705//1097
f 710//1098 713//1098 702//1098
f 705//1099 714//1099 706//1099
f 713//1100 714//1100 705//1100
f 704//1101 715//1101 707//1101
f 712//1102 715//1102 704//1102
f 706//1103 716//1103 708//1103
f 714//1104 716//1104 706//1104
f 295//1105 717//1105 473//1105
f 473//1106 717//1106 709//1106
f 717//1107 718//1107 709//1107
f 709//1108 718//1108 710//1108
f 715//1109 719//1109 707//1109
f 711//1110 719//1110 469//1110
f 707//1111 719//1111 711//1111
f 716//1112 720//1112 708//1112
f 708//1113 720//1113 712//1113
f 718//1114 721//1114 710//1114
f 710//1115 721//1115 713//1115
f 721//1116 722//1116 713//1116
f 713//1117 722//1117 714//1117
f 712//1118 723//1118 715//1118
f 720//1119 723//1119 712//1119
f 714//1120 724//1120 716//1120
f 722//1121 724//1121 714//1121
f 716//1122 724//1122 720//1122
f 295//1123 725//1123 717//1123
f 725//1124 726//1124 717//1124
f 717//1125 726//1125 718//1125
f 723//1126 727//1126 715//1126
f 719//1127 727//1127 469//1127
f 715//1128 727//1128 719//1128
f 724//1129 728//1129 720//1129
f 718//1130 729//1130 721//1130
f 721//1131 729//1131 722//1131
f 726//1132 729//1132 718//1132
f 729//1133 730//1133 722//1133
f 720//1134 731//1134 723//1134
f 728//1135 731//1135 720//1135
f 722//1136 732//1136 724//1136
f 730//1137 732//1137 722//1137
f 295//1138 733//1138 725//1138
f 725//1139 733//1139 726//1139
f 733//1140 734//1140 726//1140
f 469//1141 735//1141 291//1141
f 723//1142 735//1142 727//1142
f 727//1143 735//1143 469//1143
f 731//1144 735//1144 723//1144
f 724//1145 736//1145 728//1145
f 732//1146 736//1146 724//1146
f 734//1147 737//1147 726//1147
f 726//1148 737//1148 729//1148
f 729//1149 737//1149 730//1149
f 737//1150 738//1150 730//1150
f 728//1151 739//1151 731//1151
f 731//1152 739//1152 735//1152
f 736//1153 739//1153 728//1153
f 730//1154 740//1154 732//1154
f 738//1155 740//1155 730//1155
f 295//1156 741//1156 733//1156
f 733//1157 742//1157 734//1157
f 741//1158 742//1158 733//1158
f 735//1159 743//1159 291//1159
f 739//1160 743//1160 735//1160
f 740//1161 744//1161 732//1161
f 732//1162 744//1162 736//1162
f 742//1163 745//1163 734//1163
f 734//1164 745//1164 737//1164
f 737//1165 746//1165 738//1165
f 745//1166 746//1166 737//1166
f 744//1167 747//1167 736//1167
f 736//1168 747//1168 739//1168
f 738//1169 748//1169 740//1169
f 746//1170 748//1170 738//1170
f 295//1171 749//1171 741//1171
f 741//1172 750//1172 742//1172
f 749//1173 750//1173 741//1173
f 743//1174 751//1174 291//1174
f 739//1175 751//1175 743//1175
f 747//1176 751//1176 739//1176
f 740//1177 752//1177 744//1177
f 748//1178 752//1178 740//1178
f 750//1179 753//1179 742//1179
f 742//1180 753//1180 745//1180
f 297//1181 754//1181 295//1181
f 295//1182 754//1182 749//1182
f 753//1183 755//1183 745//1183
f 745//1184 755//1184 746//1184
f 749//1185 756//1185 750//1185
f 754//1186 756//1186 749//1186
f 297//1187 756//1187 754//1187
f 752//1188 757//1188 744//1188
f 744//1189 757//1189 747//1189
f 750//1190 758//1190 753//1190
f 756//1191 758//1191 750//1191
f 297//1192 758//1192 756//1192
f 755//1193 759//1193 746//1193
f 746//1194 759//1194 748//1194
f 758//1195 760//1195 753//1195
f 299//1196 760//1196 297//1196
f 753//1197 760//1197 755//1197
f 297//1198 760//1198 758//1198
f 747//1199 761//1199 751//1199
f 757//1200 761//1200 747//1200
f 751//1201 761//1201 291//1201
f 759//1202 762//1202 748//1202
f 748//1203 762//1203 752//1203
f 755//1204 763//1204 759//1204
f 299//1205 763//1205 760//1205
f 760//1206 763//1206 755//1206
f 762//1207 764//1207 752//1207
f 752//1208 764//1208 757//1208
f 759//1209 765//1209 762//1209
f 292//1210 765//1210 299//1210
f 763//1211 765//1211 759//1211
f 299//1212 765//1212 763//1212
f 289//1213 766//1213 292//1213
f 292//1214 766//1214 765//1214
f 762//1215 766//1215 764//1215
f 765//1216 766//1216 762//1216
f 761//1217 767//1217 291//1217
f 757//1218 767//1218 761//1218
f 764//1219 767//1219 757//1219
f 766//1220 767//1220 764//1220
f 291//1221 768//1221 289//1221
f 289//1222 768//1222 766//1222
f 767//1223 768//1223 291//1223
f 766//1224 768//1224 767//1224
f 533//1225 769//1225 530//1225
f 769//1226 770//1226 530//1226
f 530//1227 771//1227 524//1227
f 770//1228 771//1228 530//1228
f 533//1229 772//1229 769//1229
f 771//1230 773//1230 524//1230
f 769//1231 774//1231 770//1231
f 772//1232 774//1232 769//1232
f 524//1233 775//1233 520//1233
f 773//1234 775//1234 524//1234
f 520//1235 776//1235 518//1235
f 775//1236 776//1236 520//1236
f 770//1237 777//1237 771//1237
f 774//1238 777//1238 770//1238
f 533//1239 778//1239 772//1239
f 518//1240 779//1240 515//1240
f 776//1241 779//1241 518//1241
f 771//1242 780//1242 773//1242
f 777//1243 780//1243 771//1243
f 772//1244 781//1244 774//1244
f 778//1245 781//1245 772//1245
f 780//1246 782//1246 773//1246
f 773//1247 782//1247 775//1247
f 775//1248 783//1248 776//1248
f 782//1249 783//1249 775//1249
f 774//1250 784//1250 777//1250
f 781//1251 784//1251 774//1251
f 533//1252 785//1252 778//1252
f 779//1253 786//1253 515//1253
f 776//1254 786//1254 779//1254
f 783//1255 786//1255 776//1255
f 777//1256 787//1256 780//1256
f 784//1257 787//1257 777//1257
f 778//1258 788//1258 781//1258
f 785//1259 788//1259 778//1259
f 780//1260 789//1260 782//1260
f 787//1261 789//1261 780//1261
f 782//1262 790//1262 783//1262
f 789//1263 790//1263 782//1263
f 781//1264 791//1264 784//1264
f 788//1265 791//1265 781//1265
f 355//1266 792//1266 533//1266
f 533//1267 792//1267 785//1267
f 786//1268 793//1268 515//1268
f 783//1269 793//1269 786//1269
f 790//1270 793//1270 783//1270
f 784//1271 794//1271 787//1271
f 791//1272 794//1272 784//1272
f 785//1273 795//1273 788//1273
f 792//1274 795//1274 785//1274
f 787//1275 796//1275 789//1275
f 794//1276 796//1276 787//1276
f 796//1277 797//1277 789//1277
f 789//1278 797//1278 790//1278
f 788//1279 798//1279 791//1279
f 795//1280 798//1280 788//1280
f 355//1281 799//1281 792//1281
f 797//1282 800//1282 790//1282
f 793//1283 800//1283 515//1283
f 790//1284 800//1284 793//1284
f 794//1285 801//1285 796//1285
f 798//1286 801//1286 791//1286
f 791//1287 801//1287 794//1287
f 792//1288 802//1288 795//1288
f 799//1289 802//1289 792//1289
f 801//1290 803//1290 796//1290
f 803//1291 804//1291 796//1291
f 796//1292 804//1292 797//1292
f 795//1293 805//1293 798//1293
f 802//1294 805//1294 795//1294
f 355//1295 806//1295 799//1295
f 804//1296 807//1296 797//1296
f 797//1297 807//1297 800//1297
f 805//1298 808//1298 798//1298
f 798//1299 808//1299 801//1299
f 799//1300 809//1300 802//1300
f 806//1301 809//1301 799//1301
f 801//1302 810//1302 803//1302
f 803//1303 810//1303 804//1303
f 808//1304 810//1304 801//1304
f 810//1305 811//1305 804//1305
f 809//1306 812//1306 802//1306
f 802//1307 812//1307 805//1307
f 355//1308 813//1308 806//1308
f 804//1309 814//1309 807//1309
f 811//1310 814//1310 804//1310
f 812//1311 815//1311 805//1311
f 805//1312 815//1312 808//1312
f 806//1313 816//1313 809//1313
f 813//1314 816//1314 806//1314
f 815//1315 817//1315 808//1315
f 808//1316 817//1316 810//1316
f 810//1317 818//1317 811//1317
f 811//1318 818//1318 814//1318
f 817//1319 818//1319 810//1319
f 809//1320 819//1320 812//1320
f 816//1321 819//1321 809//1321
f 355//1322 820//1322 813//1322
f 818//1323 821//1323 814//1323
f 814//1324 822//1324 807//1324
f 515//1325 822//1325 337//1325
f 807//1326 822//1326 800//1326
f 800//1327 822//1327 515//1327
f 821//1328 822//1328 814//1328
f 819//1329 823//1329 812//1329
f 812//1330 823//1330 815//1330
f 352//1331 824//1331 355//1331
f 355//1332 824//1332 820//1332
f 813//1333 825//1333 816//1333
f 816//1334 825//1334 819//1334
f 820//1335 825//1335 813//1335
f 823//1336 826//1336 815//1336
f 815//1337 826//1337 817//1337
f 817//1338 827//1338 818//1338
f 818//1339 827//1339 821//1339
f 826//1340 827//1340 817//1340
f 825//1341 828//1341 819//1341
f 352//1342 829//1342 824//1342
f 824//1343 829//1343 820//1343
f 820//1344 829//1344 825//1344
f 827//1345 830//1345 821//1345
f 830//1346 831//1346 821//1346
f 822//1347 831//1347 337//1347
f 821//1348 831//1348 822//1348
f 823//1349 832//1349 826//1349
f 819//1350 832//1350 823//1350
f 828//1351 832//1351 819//1351
f 829//1352 833//1352 825//1352
f 346//1353 833//1353 352//1353
f 352//1354 833//1354 829//1354
f 825//1355 833//1355 828//1355
f 832//1356 834//1356 826//1356
f 828//1357 835//1357 832//1357
f 833//1358 835//1358 828//1358
f 832//1359 835//1359 834//1359
f 346//1360 835//1360 833//1360
f 834//1361 836//1361 826//1361
f 826//1362 836//1362 827//1362
f 827//1363 837//1363 830//1363
f 836//1364 837//1364 827//1364
f 342//1365 838//1365 346//1365
f 346//1366 838//1366 835//1366
f 835//1367 838//1367 834//1367
f 830//1368 839//1368 831//1368
f 831//1369 839//1369 337//1369
f 837//1370 839//1370 830//1370
f 340//1371 840//1371 342//1371
f 342//1372 840//1372 838//1372
f 834//1373 840//1373 836//1373
f 836//1374 840//1374 837//1374
f 838//1375 840//1375 834//1375
f 340//1376 841//1376 840//1376
f 840//1377 841//1377 837//1377
f 337//1378 842//1378 340//1378
f 839//1379 842//1379 337//1379
f 340//1380 842//1380 841//1380
f 837//1381 842//1381 839//1381
f 841//1382 842//1382 837//1382
f 269//1383 295//1383 447//1383
f 447//1384 295//1384 473//1384
f 337//1385 332//1385 515//1385
f 515//1386 332//1386 509//1386
f 262//1387 269//1387 440//1387
f 440//1388 269//1388 447//1388
f 332//1389 329//1389 509//1389
f 509//1390 329//1390 506//1390
f 261//1391 262//1391 439//1391
f 439//1392 262//1392 440//1392
f 329//1393 334//1393 506//1393
f 506//1394 334//1394 512//1394
f 415//1395 843//1395 425//1395
f 843//1396 844//1396 425//1396
f 425//1397 845//1397 431//1397
f 844//1398 845//1398 425//1398
f 415//1399 846//1399 843//1399
f 845//1400 847//1400 431//1400
f 843//1401 848//1401 844//1401
f 846//1402 848//1402 843//1402
f 431//1403 849//1403 433//1403
f 847//1404 849//1404 431//1404
f 433//1405 850//1405 437//1405
f 849//1406 850//1406 433//1406
f 844//1407 851//1407 845//1407
f 848//1408 851//1408 844//1408
f 415//1409 852//1409 846//1409
f 437//1410 853//1410 439//1410
f 850//1411 853//1411 437//1411
f 845//1412 854//1412 847//1412
f 851//1413 854//1413 845//1413
f 846//1414 855//1414 848//1414
f 852//1415 855//1415 846//1415
f 854//1416 856//1416 847//1416
f 847//1417 856//1417 849//1417
f 849//1418 857//1418 850//1418
f 856//1419 857//1419 849//1419
f 848//1420 858//1420 851//1420
f 855//1421 858//1421 848//1421
f 415//1422 859//1422 852//1422
f 853//1423 860//1423 439//1423
f 850//1424 860//1424 853//1424
f 857//1425 860//1425 850//1425
f 851//1426 861//1426 854//1426
f 858//1427 861//1427 851//1427
f 852//1428 862//1428 855//1428
f 859//1429 862//1429 852//1429
f 854//1430 863//1430 856//1430
f 861//1431 863//1431 854//1431
f 856//1432 864//1432 857//1432
f 863//1433 864//1433 856//1433
f 855//1434 865//1434 858//1434
f 862//1435 865//1435 855//1435
f 238//1436 866//1436 415//1436
f 415//1437 866//1437 859//1437
f 859//1438 866//1438 862//1438
f 860//1439 867//1439 439//1439
f 857//1440 867//1440 860//1440
f 864//1441 867//1441 857//1441
f 858//1442 868//1442 861//1442
f 865//1443 868//1443 858//1443
f 866//1444 869//1444 862//1444
f 861//1445 870//1445 863//1445
f 868//1446 870//1446 861//1446
f 870//1447 871//1447 863//1447
f 863//1448 871//1448 864//1448
f 862//1449 872//1449 865//1449
f 869//1450 872//1450 862//1450
f 238//1451 873//1451 866//1451
f 871//1452 874//1452 864//1452
f 867//1453 874//1453 439//1453
f 864//1454 874//1454 867//1454
f 872//1455 875//1455 865//1455
f 868//1456 875//1456 870//1456
f 865//1457 875//1457 868//1457
f 866//1458 876//1458 869//1458
f 873//1459 876//1459 866//1459
f 875//1460 877//1460 870//1460
f 877//1461 878//1461 870//1461
f 870//1462 878//1462 871//1462
f 869//1463 879//1463 872//1463
f 876//1464 879//1464 869//1464
f 238//1465 880//1465 873//1465
f 878//1466 881//1466 871//1466
f 871//1467 881//1467 874//1467
f 872//1468 882//1468 875//1468
f 879//1469 882//1469 872//1469
f 880//1470 883//1470 873//1470
f 873//1471 883//1471 876//1471
f 875//1472 884//1472 877//1472
f 882//1473 884//1473 875//1473
f 877//1474 885//1474 878//1474
f 884//1475 885//1475 877//1475
f 883//1476 886//1476 876//1476
f 876//1477 886//1477 879//1477
f 238//1478 887//1478 880//1478
f 878//1479 888//1479 881//1479
f 885//1480 888//1480 878//1480
f 886//1481 889//1481 879//1481
f 879//1482 889//1482 882//1482
f 880//1483 890//1483 883//1483
f 887//1484 890//1484 880//1484
f 882//1485 891//1485 884//1485
f 889//1486 891//1486 882//1486
f 884//1487 892//1487 885//1487
f 891//1488 892//1488 884//1488
f 885//1489 892//1489 888//1489
f 886//1490 893//1490 889//1490
f 890//1491 893//1491 883//1491
f 883//1492 893//1492 886//1492
f 238//1493 894//1493 887//1493
f 892//1494 895//1494 888//1494
f 439//1495 896//1495 261//1495
f 881//1496 896//1496 874//1496
f 888//1497 896//1497 881//1497
f 874//1498 896//1498 439//1498
f 895//1499 896//1499 888//1499
f 893//1500 897//1500 889//1500
f 248//1501 898//1501 238//1501
f 238//1502 898//1502 894//1502
f 887//1503 899//1503 890//1503
f 894//1504 899//1504 887//1504
f 889//1505 900//1505 891//1505
f 897//1506 900//1506 889//1506
f 891//1507 901//1507 892//1507
f 900//1508 901//1508 891//1508
f 890//1509 902//1509 893//1509
f 893//1510 902//1510 897//1510
f 899//1511 902//1511 890//1511
f 248//1512 903//1512 898//1512
f 898//1513 903//1513 894//1513
f 894//1514 903//1514 899//1514
f 892//1515 904//1515 895//1515
f 901//1516 904//1516 892//1516
f 904//1517 905//1517 895//1517
f 896//1518 905//1518 261//1518
f 895//1519 905//1519 896//1519
f 902//1520 906//1520 897//1520
f 903//1521 907//1521 899//1521
f 254//1522 907//1522 248//1522
f 902//1523 907//1523 906//1523
f 248//1524 907//1524 903//1524
f 899//1525 907//1525 902//1525
f 906//1526 908//1526 897//1526
f 897//1527 908//1527 900//1527
f 907//1528 909//1528 906//1528
f 254//1529 909//1529 907//1529
f 908//1530 910//1530 900//1530
f 900//1531 910//1531 901//1531
f 901//1532 911//1532 904//1532
f 910//1533 911//1533 901//1533
f 256//1534 912//1534 254//1534
f 254//1535 912//1535 909//1535
f 909//1536 912//1536 906//1536
f 906//1537 912//1537 908//1537
f 905//1538 913//1538 261//1538
f 911//1539 913//1539 904//1539
f 904//1540 913//1540 905//1540
f 260//1541 914//1541 256//1541
f 256//1542 914//1542 912//1542
f 908//1543 914//1543 910//1543
f 912//1544 914//1544 908//1544
f 910//1545 915//1545 911//1545
f 260//1546 915//1546 914//1546
f 914//1547 915//1547 910//1547
f 261//1548 916//1548 260//1548
f 913//1549 916//1549 261//1549
f 911//1550 916//1550 913//1550
f 260//1551 916//1551 915//1551
f 915//1552 916//1552 911//1552
f 512//1553 917//1553 516//1553
f 917//1554 918//1554 516//1554
f 918//1555 919//1555 516//1555
f 516//1556 920//1556 522//1556
f 919//1557 920//1557 516//1557
f 920//1558 921//1558 522//1558
f 512//1559 922//1559 917//1559
f 922//1560 923//1560 917//1560
f 917//1561 923//1561 918//1561
f 522//1562 924//1562 526//1562
f 921//1563 924//1563 522//1563
f 918//1564 925//1564 919//1564
f 923//1565 925//1565 918//1565
f 919//1566 926//1566 920//1566
f 925//1567 926//1567 919//1567
f 526//1568 927//1568 528//1568
f 924//1569 927//1569 526//1569
f 920//1570 928//1570 921//1570
f 926//1571 928//1571 920//1571
f 512//1572 929//1572 922//1572
f 922//1573 930//1573 923//1573
f 929//1574 930//1574 922//1574
f 528//1575 931//1575 532//1575
f 927//1576 931//1576 528//1576
f 928//1577 932//1577 921//1577
f 921//1578 932//1578 924//1578
f 930//1579 933//1579 923//1579
f 923//1580 933//1580 925//1580
f 925//1581 934//1581 926//1581
f 933//1582 934//1582 925//1582
f 924//1583 935//1583 927//1583
f 932//1584 935//1584 924//1584
f 926//1585 936//1585 928//1585
f 934//1586 936//1586 926//1586
f 512//1587 937//1587 929//1587
f 929//1588 938//1588 930//1588
f 937//1589 938//1589 929//1589
f 931//1590 939//1590 532//1590
f 927//1591 939//1591 931//1591
f 935//1592 939//1592 927//1592
f 928//1593 940//1593 932//1593
f 936//1594 940//1594 928//1594
f 930//1595 941//1595 933//1595
f 938//1596 941//1596 930//1596
f 933//1597 942//1597 934//1597
f 941//1598 942//1598 933//1598
f 932//1599 943//1599 935//1599
f 940//1600 943//1600 932//1600
f 934//1601 944//1601 936//1601
f 942//1602 944//1602 934//1602
f 334//1603 945//1603 512//1603
f 512//1604 945//1604 937//1604
f 945//1605 946//1605 937//1605
f 937//1606 946//1606 938//1606
f 943//1607 947//1607 935//1607
f 939//1608 947//1608 532//1608
f 935//1609 947//1609 939//1609
f 944//1610 948//1610 936//1610
f 936//1611 948//1611 940//1611
f 946//1612 949//1612 938//1612
f 938//1613 949//1613 941//1613
f 949//1614 950//1614 941//1614
f 941//1615 950//1615 942//1615
f 940//1616 951//1616 943//1616
f 948//1617 951//1617 940//1617
f 942//1618 952//1618 944//1618
f 950//1619 952//1619 942//1619
f 944//1620 952//1620 948//1620
f 334//1621 953//1621 945//1621
f 953//1622 954//1622 945//1622
f 945//1623 954//1623 946//1623
f 951//1624 955//1624 943//1624
f 947//1625 955//1625 532//1625
f 943//1626 955//1626 947//1626
f 952//1627 956//1627 948//1627
f 946//1628 957//1628 949//1628
f 949//1629 957//1629 950//1629
f 954//1630 957//1630 946//1630
f 957//1631 958//1631 950//1631
f 948//1632 959//1632 951//1632
f 956//1633 959//1633 948//1633
f 950//1634 960//1634 952//1634
f 958//1635 960//1635 950//1635
f 334//1636 961//1636 953//1636
f 953//1637 961//1637 954//1637
f 961//1638 962//1638 954//1638
f 532//1639 963//1639 354//1639
f 951//1640 963//1640 955//1640
f 955//1641 963//1641 532//1641
f 959//1642 963//1642 951//1642
f 952//1643 964//1643 956//1643
f 960//1644 964//1644 952//1644
f 962//1645 965//1645 954//1645
f 954//1646 965//1646 957//1646
f 957//1647 965//1647 958//1647
f 965//1648 966//1648 958//1648
f 956//1649 967//1649 959//1649
f 959//1650 967//1650 963//1650
f 964//1651 967//1651 956//1651
f 958//1652 968//1652 960//1652
f 966//1653 968//1653 958//1653
f 334//1654 969//1654 961//1654
f 961//1655 970//1655 962//1655
f 969//1656 970//1656 961//1656
f 963//1657 971//1657 354//1657
f 967//1658 971//1658 963//1658
f 968//1659 972//1659 960//1659
f 960//1660 972//1660 964//1660
f 970//1661 973//1661 962//1661
f 962//1662 973//1662 965//1662
f 965//1663 974//1663 966//1663
f 973//1664 974//1664 965//1664
f 972//1665 975//1665 964//1665
f 964//1666 975//1666 967//1666
f 966//1667 976//1667 968//1667
f 974//1668 976//1668 966//1668
f 334//1669 977//1669 969//1669
f 969//1670 978//1670 970//1670
f 977//1671 978//1671 969//1671
f 971//1672 979//1672 354//1672
f 967//1673 979//1673 971//1673
f 975//1674 979//1674 967//1674
f 968//1675 980//1675 972//1675
f 976//1676 980//1676 968//1676
f 978//1677 981//1677 970//1677
f 970//1678 981//1678 973//1678
f 339//1679 982//1679 334//1679
f 334//1680 982//1680 977//1680
f 981//1681 983//1681 973//1681
f 973//1682 983//1682 974//1682
f 977//1683 984//1683 978//1683
f 982//1684 984//1684 977//1684
f 339//1685 984//1685 982//1685
f 980//1686 985//1686 972//1686
f 972//1687 985//1687 975//1687
f 978//1688 986//1688 981//1688
f 984//1689 986//1689 978//1689
f 339//1690 986//1690 984//1690
f 983//1691 987//1691 974//1691
f 974//1692 987//1692 976//1692
f 986//1693 988//1693 981//1693
f 345//1694 988//1694 339//1694
f 981//1695 988//1695 983//1695
f 339//1696 988//1696 986//1696
f 975//1697 989//1697 979//1697
f 985//1698 989//1698 975//1698
f 979//1699 989//1699 354//1699
f 987//1700 990//1700 976//1700
f 976//1701 990//1701 980//1701
f 983//1702 991//1702 987//1702
f 345//1703 991//1703 988//1703
f 988//1704 991//1704 983//1704
f 990//1705 992//1705 980//1705
f 980//1706 992//1706 985//1706
f 987//1707 993//1707 990//1707
f 348//1708 993//1708 345//1708
f 991//1709 993//1709 987//1709
f 345//1710 993//1710 991//1710
f 351//1711 994//1711 348//1711
f 348//1712 994//1712 993//1712
f 990//1713 994//1713 992//1713
f 993//1714 994//1714 990//1714
f 989//1715 995//1715 354//1715
f 985//1716 995//1716 989//1716
f 992//1717 995//1717 985//1717
f 994//1718 995//1718 992//1718
f 354//1719 996//1719 351//1719
f 351//1720 996//1720 994//1720
f 995//1721 996//1721 354//1721
f 994//1722 996//1722 995//1722
f 239//1723 238//1723 417//1723
f 417//1724 238//1724 415//1724
f 354//1725 350//1725 532//1725
f 532//1726 350//1726 529//1726
f 438//1727 997//1727 434//1727
f 997//1728 998//1728 434//1728
f 998//1729 999//1729 434//1729
f 434//1730 1000//1730 432//1730
f 999//1731 1000//1731 434//1731
f 1000//1732 1001//1732 432//1732
f 438//1733 1002//1733 997//1733
f 1002//1734 1003//1734 997//1734
f 997//1735 1003//1735 998//1735
f 432//1736 1004//1736 426//1736
f 1001//1737 1004//1737 432//1737
f 998//1738 1005//1738 999//1738
f 1003//1739 1005//1739 998//1739
f 999//1740 1006//1740 1000//1740
f 1005//1741 1006//1741 999//1741
f 426//1742 1007//1742 416//1742
f 1004//1743 1007//1743 426//1743
f 1000//1744 1008//1744 1001//1744
f 1006//1745 1008//1745 1000//1745
f 438//1746 1009//1746 1002//1746
f 1002//1747 1010//1747 1003//1747
f 1009//1748 1010//1748 1002//1748
f 416//1749 1011//1749 417//1749
f 1007//1750 1011//1750 416//1750
f 1008//1751 1012//1751 1001//1751
f 1001//1752 1012//1752 1004//1752
f 1010//1753 1013//1753 1003//1753
f 1003//1754 1013//1754 1005//1754
f 1005//1755 1014//1755 1006//1755
f 1013//1756 1014//1756 1005//1756
f 1004//1757 1015//1757 1007//1757
f 1012//1758 1015//1758 1004//1758
f 1006//1759 1016//1759 1008//1759
f 1014//1760 1016//1760 1006//1760
f 438//1761 1017//1761 1009//1761
f 1009//1762 1018//1762 1010//1762
f 1017//1763 1018//1763 1009//1763
f 1011//1764 1019//1764 417//1764
f 1007//1765 1019//1765 1011//1765
f 1015//1766 1019//1766 1007//1766
f 1008//1767 1020//1767 1012//1767
f 1016//1768 1020//1768 1008//1768
f 1010//1769 1021//1769 1013//1769
f 1018//1770 1021//1770 1010//1770
f 1013//1771 1022//1771 1014//1771
f 1021//1772 1022//1772 1013//1772
f 1012//1773 1023//1773 1015//1773
f 1020//1774 1023//1774 1012//1774
f 1014//1775 1024//1775 1016//1775
f 1022//1776 1024//1776 1014//1776
f 259//1777 1025//1777 438//1777
f 438//1778 1025//1778 1017//1778
f 1025//1779 1026//1779 1017//1779
f 1017//1780 1026//1780 1018//1780
f 1023//1781 1027//1781 1015//1781
f 1019//1782 1027//1782 417//1782
f 1015//1783 1027//1783 1019//1783
f 1024//1784 1028//1784 1016//1784
f 1016//1785 1028//1785 1020//1785
f 1026//1786 1029//1786 1018//1786
f 1018//1787 1029//1787 1021//1787
f 1029//1788 1030//1788 1021//1788
f 1021//1789 1030//1789 1022//1789
f 1020//1790 1031//1790 1023//1790
f 1028//1791 1031//1791 1020//1791
f 1022//1792 1032//1792 1024//1792
f 1030//1793 1032//1793 1022//1793
f 1024//1794 1032//1794 1028//1794
f 259//1795 1033//1795 1025//1795
f 1033//1796 1034//1796 1025//1796
f 1025//1797 1034//1797 1026//1797
f 1031//1798 1035//1798 1023//1798
f 1027//1799 1035//1799 417//1799
f 1023//1800 1035//1800 1027//1800
f 1032//1801 1036//1801 1028//1801
f 1026//1802 1037//1802 1029//1802
f 1034//1803 1037//1803 1026//1803
f 1030//1804 1038//1804 1032//1804
f 1029//1805 1038//1805 1030//1805
f 1037//1806 1038//1806 1029//1806
f 1028//1807 1039//1807 1031//1807
f 1036//1808 1039//1808 1028//1808
f 1038//1809 1040//1809 1032//1809
f 259//1810 1041//1810 1033//1810
f 1033//1811 1041//1811 1034//1811
f 1041//1812 1042//1812 1034//1812
f 417//1813 1043//1813 239//1813
f 1031//1814 1043//1814 1035//1814
f 1035//1815 1043//1815 417//1815
f 1039//1816 1043//1816 1031//1816
f 1032//1817 1044//1817 1036//1817
f 1040//1818 1044//1818 1032//1818
f 1034//1819 1045//1819 1037//1819
f 1042//1820 1045//1820 1034//1820
f 1037//1821 1046//1821 1038//1821
f 1045//1822 1046//1822 1037//1822
f 1038//1823 1046//1823 1040//1823
f 1036//1824 1047//1824 1039//1824
f 1044//1825 1047//1825 1036//1825
f 1046//1826 1048//1826 1040//1826
f 259//1827 1049//1827 1041//1827
f 1041//1828 1050//1828 1042//1828
f 1049//1829 1050//1829 1041//1829
f 1043//1830 1051//1830 239//1830
f 1039//1831 1051//1831 1043//1831
f 1047//1832 1051//1832 1039//1832
f 1040//1833 1052//1833 1044//1833
f 1044//1834 1052//1834 1047//1834
f 1048//1835 1052//1835 1040//1835
f 1042//1836 1053//1836 1045//1836
f 1050//1837 1053//1837 1042//1837
f 1045//1838 1054//1838 1046//1838
f 1053//1839 1054//1839 1045//1839
f 1052//1840 1055//1840 1047//1840
f 1046//1841 1056//1841 1048//1841
f 1054//1842 1056//1842 1046//1842
f 259//1843 1057//1843 1049//1843
f 1049//1844 1058//1844 1050//1844
f 1057//1845 1058//1845 1049//1845
f 1051//1846 1059//1846 239//1846
f 1047//1847 1059//1847 1051//1847
f 1055//1848 1059//1848 1047//1848
f 1056//1849 1060//1849 1048//1849
f 1048//1850 1060//1850 1052//1850
f 1050//1851 1061//1851 1053//1851
f 1058//1852 1061//1852 1050//1852
f 255//1853 1062//1853 259//1853
f 259//1854 1062//1854 1057//1854
f 1061//1855 1063//1855 1053//1855
f 1053//1856 1063//1856 1054//1856
f 1057//1857 1064//1857 1058//1857
f 1062//1858 1064//1858 1057//1858
f 255//1859 1064//1859 1062//1859
f 1060//1860 1065//1860 1052//1860
f 1052//1861 1065//1861 1055//1861
f 1064//1862 1066//1862 1058//1862
f 255//1863 1066//1863 1064//1863
f 1058//1864 1066//1864 1061//1864
f 1063//1865 1067//1865 1054//1865
f 1054//1866 1067//1866 1056//1866
f 253//1867 1068//1867 255//1867
f 1061//1868 1068//1868 1063//1868
f 255//1869 1068//1869 1066//1869
f 1066//1870 1068//1870 1061//1870
f 1055//1871 1069//1871 1059//1871
f 1065//1872 1069//1872 1055//1872
f 1059//1873 1069//1873 239//1873
f 1067//1874 1070//1874 1056//1874
f 1056//1875 1070//1875 1060//1875
f 1068//1876 1071//1876 1063//1876
f 1063//1877 1071//1877 1067//1877
f 253//1878 1071//1878 1068//1878
f 1070//1879 1072//1879 1060//1879
f 1060//1880 1072//1880 1065//1880
f 1067//1881 1073//1881 1070//1881
f 247//1882 1073//1882 253//1882
f 1071//1883 1073//1883 1067//1883
f 253//1884 1073//1884 1071//1884
f 237//1885 1074//1885 247//1885
f 247//1886 1074//1886 1073//1886
f 1073//1887 1074//1887 1070//1887
f 1070//1888 1074//1888 1072//1888
f 1069//1889 1075//1889 239//1889
f 1065//1890 1075//1890 1069//1890
f 1072//1891 1075//1891 1065//1891
f 239//1892 1076//1892 237//1892
f 1075//1893 1076//1893 239//1893
f 237//1894 1076//1894 1074//1894
f 1074//1895 1076//1895 1072//1895
f 1072//1896 1076//1896 1075//1896
f 529//1897 1077//1897 527//1897
f 1077//1898 1078//1898 527//1898
f 527//1899 1079//1899 523//1899
f 1078//1900 1079//1900 527//1900
f 529//1901 1080//1901 1077//1901
f 1079//1902 1081//1902 523//1902
f 1077//1903 1082//1903 1078//1903
f 1080//1904 1082//1904 1077//1904
f 523//1905 1083//1905 517//1905
f 1081//1906 1083//1906 523//1906
f 517//1907 1084//1907 513//1907
f 1083//1908 1084//1908 517//1908
f 1078//1909 1085//1909 1079//1909
f 1082//1910 1085//1910 1078//1910
f 529//1911 1086//1911 1080//1911
f 513//1912 1087//1912 514//1912
f 1084//1913 1087//1913 513//1913
f 1079//1914 1088//1914 1081//1914
f 1085//1915 1088//1915 1079//1915
f 1080//1916 1089//1916 1082//1916
f 1086//1917 1089//1917 1080//1917
f 1088//1918 1090//1918 1081//1918
f 1081//1919 1090//1919 1083//1919
f 1083//1920 1091//1920 1084//1920
f 1090//1921 1091//1921 1083//1921
f 1082//1922 1092//1922 1085//1922
f 1089//1923 1092//1923 1082//1923
f 529//1924 1093//1924 1086//1924
f 1087//1925 1094//1925 514//1925
f 1084//1926 1094//1926 1087//1926
f 1091//1927 1094//1927 1084//1927
f 1085//1928 1095//1928 1088//1928
f 1092//1929 1095//1929 1085//1929
f 1086//1930 1096//1930 1089//1930
f 1093//1931 1096//1931 1086//1931
f 1088//1932 1097//1932 1090//1932
f 1095//1933 1097//1933 1088//1933
f 1090//1934 1098//1934 1091//1934
f 1097//1935 1098//1935 1090//1935
f 1089//1936 1099//1936 1092//1936
f 1096//1937 1099//1937 1089//1937
f 350//1938 1100//1938 529//1938
f 529//1939 1100//1939 1093//1939
f 1094//1940 1101//1940 514//1940
f 1091//1941 1101//1941 1094//1941
f 1098//1942 1101//1942 1091//1942
f 1092//1943 1102//1943 1095//1943
f 1099//1944 1102//1944 1092//1944
f 1093//1945 1103//1945 1096//1945
f 1100//1946 1103//1946 1093//1946
f 1095//1947 1104//1947 1097//1947
f 1102//1948 1104//1948 1095//1948
f 1104//1949 1105//1949 1097//1949
f 1097//1950 1105//1950 1098//1950
f 1096//1951 1106//1951 1099//1951
f 1103//1952 1106//1952 1096//1952
f 350//1953 1107//1953 1100//1953
f 1105//1954 1108//1954 1098//1954
f 1101//1955 1108//1955 514//1955
f 1098//1956 1108//1956 1101//1956
f 1102//1957 1109//1957 1104//1957
f 1106//1958 1109//1958 1099//1958
f 1099//1959 1109//1959 1102//1959
f 1100//1960 1110//1960 1103//1960
f 1107//1961 1110//1961 1100//1961
f 1109//1962 1111//1962 1104//1962
f 1111//1963 1112//1963 1104//1963
f 1104//1964 1112//1964 1105//1964
f 1103//1965 1113//1965 1106//1965
f 1110//1966 1113//1966 1103//1966
f 350//1967 1114//1967 1107//1967
f 1112//1968 1115//1968 1105//1968
f 1105//1969 1115//1969 1108//1969
f 1113//1970 1116//1970 1106//1970
f 1106//1971 1116//1971 1109//1971
f 1107//1972 1117//1972 1110//1972
f 1114//1973 1117//1973 1107//1973
f 1109//1974 1118//1974 1111//1974
f 1111//1975 1118//1975 1112//1975
f 1116//1976 1118//1976 1109//1976
f 1118//1977 1119//1977 1112//1977
f 1117//1978 1120//1978 1110//1978
f 1110//1979 1120//1979 1113//1979
f 350//1980 1121//1980 1114//1980
f 1112//1981 1122//1981 1115//1981
f 1119//1982 1122//1982 1112//1982
f 1120//1983 1123//1983 1113//1983
f 1113//1984 1123//1984 1116//1984
f 1114//1985 1124//1985 1117//1985
f 1121//1986 1124//1986 1114//1986
f 1123//1987 1125//1987 1116//1987
f 1116//1988 1125//1988 1118//1988
f 1118//1989 1126//1989 1119//1989
f 1119//1990 1126//1990 1122//1990
f 1125//1991 1126//1991 1118//1991
f 1117//1992 1127//1992 1120//1992
f 1124//1993 1127//1993 1117//1993
f 350//1994 1128//1994 1121//1994
f 1126//1995 1129//1995 1122//1995
f 1122//1996 1130//1996 1115//1996
f 514//1997 1130//1997 336//1997
f 1115//1998 1130//1998 1108//1998
f 1108//1999 1130//1999 514//1999
f 1129//2000 1130//2000 1122//2000
f 1127//2001 1131//2001 1120//2001
f 1120//2002 1131//2002 1123//2002
f 349//2003 1132//2003 350//2003
f 350//2004 1132//2004 1128//2004
f 1121//2005 1133//2005 1124//2005
f 1124//2006 1133//2006 1127//2006
f 1128//2007 1133//2007 1121//2007
f 1131//2008 1134//2008 1123//2008
f 1123//2009 1134//2009 1125//2009
f 1125//2010 1135//2010 1126//2010
f 1126//2011 1135//2011 1129//2011
f 1134//2012 1135//2012 1125//2012
f 1133//2013 1136//2013 1127//2013
f 349//2014 1137//2014 1132//2014
f 1132//2015 1137//2015 1128//2015
f 1128//2016 1137//2016 1133//2016
f 1135//2017 1138//2017 1129//2017
f 1138//2018 1139//2018 1129//2018
f 1130//2019 1139//2019 336//2019
f 1129//2020 1139//2020 1130//2020
f 1131//2021 1140//2021 1134//2021
f 1127//2022 1140//2022 1131//2022
f 1136//2023 1140//2023 1127//2023
f 1137//2024 1141//2024 1133//2024
f 344//2025 1141//2025 349//2025
f 349//2026 1141//2026 1137//2026
f 1133//2027 1141//2027 1136//2027
f 1140//2028 1142//2028 1134//2028
f 1136//2029 1143//2029 1140//2029
f 1141//2030 1143//2030 1136//2030
f 1140//2031 1143//2031 1142//2031
f 344//2032 1143//2032 1141//2032
f 1142//2033 1144//2033 1134//2033
f 1134//2034 1144//2034 1135//2034
f 1135//2035 1145//2035 1138//2035
f 1144//2036 1145//2036 1135//2036
f 338//2037 1146//2037 344//2037
f 344//2038 1146//2038 1143//2038
f 1143//2039 1146//2039 1142//2039
f 1138//2040 1147//2040 1139//2040
f 1139//2041 1147//2041 336//2041
f 1145//2042 1147//2042 1138//2042
f 335//2043 1148//2043 338//2043
f 338//2044 1148//2044 1146//2044
f 1142//2045 1148//2045 1144//2045
f 1144//2046 1148//2046 1145//2046
f 1146//2047 1148//2047 1142//2047
f 335//2048 1149//2048 1148//2048
f 1148//2049 1149//2049 1145//2049
f 336//2050 1150//2050 335//2050
f 1147//2051 1150//2051 336//2051
f 335//2052 1150//2052 1149//2052
f 1145//2053 1150//2053 1147//2053
f 1149//2054 1150//2054 1145//2054
f 250//2055 259//2055 428//2055
f 428//2056 259//2056 438//2056
f 336//2057 312//2057 514//2057
f 514//2058 312//2058 490//2058
f 220//2059 250//2059 397//2059
f 397//2060 250//2060 428//2060
f 312//2061 306//2061 490//2061
f 490//2062 306//2062 484//2062
f 217//2063 220//2063 395//2063
f 395//2064 220//2064 397//2064
f 306//2065 314//2065 484//2065
f 484//2066 314//2066 492//2066
f 373//2067 1151//2067 380//2067
f 1151//2068 1152//2068 380//2068
f 380//2069 1153//2069 388//2069
f 1152//2070 1153//2070 380//2070
f 373//2071 1154//2071 1151//2071
f 1153//2072 1155//2072 388//2072
f 1151//2073 1156//2073 1152//2073
f 1154//2074 1156//2074 1151//2074
f 388//2075 1157//2075 391//2075
f 1155//2076 1157//2076 388//2076
f 391//2077 1158//2077 393//2077
f 1157//2078 1158//2078 391//2078
f 1152//2079 1159//2079 1153//2079
f 1156//2080 1159//2080 1152//2080
f 373//2081 1160//2081 1154//2081
f 393//2082 1161//2082 395//2082
f 1158//2083 1161//2083 393//2083
f 1153//2084 1162//2084 1155//2084
f 1159//2085 1162//2085 1153//2085
f 1154//2086 1163//2086 1156//2086
f 1160//2087 1163//2087 1154//2087
f 1162//2088 1164//2088 1155//2088
f 1155//2089 1164//2089 1157//2089
f 1157//2090 1165//2090 1158//2090
f 1164//2091 1165//2091 1157//2091
f 1156//2092 1166//2092 1159//2092
f 1163//2093 1166//2093 1156//2093
f 373//2094 1167//2094 1160//2094
f 1161//2095 1168//2095 395//2095
f 1158//2096 1168//2096 1161//2096
f 1165//2097 1168//2097 1158//2097
f 1159//2098 1169//2098 1162//2098
f 1166//2099 1169//2099 1159//2099
f 1160//2100 1170//2100 1163//2100
f 1167//2101 1170//2101 1160//2101
f 1162//2102 1171//2102 1164//2102
f 1169//2103 1171//2103 1162//2103
f 1164//2104 1172//2104 1165//2104
f 1171//2105 1172//2105 1164//2105
f 1163//2106 1173//2106 1166//2106
f 1170//2107 1173//2107 1163//2107
f 196//2108 1174//2108 373//2108
f 373//2109 1174//2109 1167//2109
f 1168//2110 1175//2110 395//2110
f 1165//2111 1175//2111 1168//2111
f 1172//2112 1175//2112 1165//2112
f 1166//2113 1176//2113 1169//2113
f 1173//2114 1176//2114 1166//2114
f 1167//2115 1177//2115 1170//2115
f 1174//2116 1177//2116 1167//2116
f 1169//2117 1178//2117 1171//2117
f 1176//2118 1178//2118 1169//2118
f 1178//2119 1179//2119 1171//2119
f 1171//2120 1179//2120 1172//2120
f 1170//2121 1180//2121 1173//2121
f 1177//2122 1180//2122 1170//2122
f 196//2123 1181//2123 1174//2123
f 1179//2124 1182//2124 1172//2124
f 1175//2125 1182//2125 395//2125
f 1172//2126 1182//2126 1175//2126
f 1180//2127 1183//2127 1173//2127
f 1173//2128 1183//2128 1176//2128
f 1174//2129 1184//2129 1177//2129
f 1181//2130 1184//2130 1174//2130
f 1176//2131 1185//2131 1178//2131
f 1183//2132 1185//2132 1176//2132
f 1185//2133 1186//2133 1178//2133
f 1178//2134 1186//2134 1179//2134
f 1177//2135 1187//2135 1180//2135
f 1184//2136 1187//2136 1177//2136
f 196//2137 1188//2137 1181//2137
f 1186//2138 1189//2138 1179//2138
f 1179//2139 1189//2139 1182//2139
f 1187//2140 1190//2140 1180//2140
f 1180//2141 1190//2141 1183//2141
f 1181//2142 1191//2142 1184//2142
f 1188//2143 1191//2143 1181//2143
f 1183//2144 1192//2144 1185//2144
f 1190//2145 1192//2145 1183//2145
f 1186//2146 1193//2146 1189//2146
f 1192//2147 1193//2147 1185//2147
f 1185//2148 1193//2148 1186//2148
f 1184//2149 1194//2149 1187//2149
f 1191//2150 1194//2150 1184//2150
f 196//2151 1195//2151 1188//2151
f 1193//2152 1196//2152 1189//2152
f 1187//2153 1197//2153 1190//2153
f 1194//2154 1197//2154 1187//2154
f 1188//2155 1198//2155 1191//2155
f 1195//2156 1198//2156 1188//2156
f 1197//2157 1199//2157 1190//2157
f 1190//2158 1199//2158 1192//2158
f 1192//2159 1199//2159 1193//2159
f 1199//2160 1200//2160 1193//2160
f 1194//2161 1201//2161 1197//2161
f 1191//2162 1201//2162 1194//2162
f 1198//2163 1201//2163 1191//2163
f 196//2164 1202//2164 1195//2164
f 1193//2165 1203//2165 1196//2165
f 1200//2166 1203//2166 1193//2166
f 395//2167 1204//2167 217//2167
f 1189//2168 1204//2168 1182//2168
f 1196//2169 1204//2169 1189//2169
f 1182//2170 1204//2170 395//2170
f 1203//2171 1204//2171 1196//2171
f 1201//2172 1205//2172 1197//2172
f 203//2173 1206//2173 196//2173
f 196//2174 1206//2174 1202//2174
f 1195//2175 1207//2175 1198//2175
f 1202//2176 1207//2176 1195//2176
f 1205//2177 1208//2177 1197//2177
f 1197//2178 1208//2178 1199//2178
f 1199//2179 1209//2179 1200//2179
f 1208//2180 1209//2180 1199//2180
f 1198//2181 1210//2181 1201//2181
f 1207//2182 1210//2182 1198//2182
f 203//2183 1211//2183 1206//2183
f 1206//2184 1211//2184 1202//2184
f 1202//2185 1211//2185 1207//2185
f 1200//2186 1212//2186 1203//2186
f 1209//2187 1212//2187 1200//2187
f 1212//2188 1213//2188 1203//2188
f 1204//2189 1213//2189 217//2189
f 1203//2190 1213//2190 1204//2190
f 1201//2191 1214//2191 1205//2191
f 1210//2192 1214//2192 1201//2192
f 1205//2193 1214//2193 1208//2193
f 1211//2194 1215//2194 1207//2194
f 211//2195 1215//2195 203//2195
f 203//2196 1215//2196 1211//2196
f 1207//2197 1215//2197 1210//2197
f 1214//2198 1216//2198 1208//2198
f 1210//2199 1217//2199 1214//2199
f 1215//2200 1217//2200 1210//2200
f 1214//2201 1217//2201 1216//2201
f 211//2202 1217//2202 1215//2202
f 1216//2203 1218//2203 1208//2203
f 1208//2204 1218//2204 1209//2204
f 1209//2205 1219//2205 1212//2205
f 1218//2206 1219//2206 1209//2206
f 1212//2207 1219//2207 1213//2207
f 214//2208 1220//2208 211//2208
f 211//2209 1220//2209 1217//2209
f 1217//2210 1220//2210 1216//2210
f 1213//2211 1221//2211 217//2211
f 1219//2212 1221//2212 1213//2212
f 216//2213 1222//2213 214//2213
f 214//2214 1222//2214 1220//2214
f 1216//2215 1222//2215 1218//2215
f 1220//2216 1222//2216 1216//2216
f 1218//2217 1223//2217 1219//2217
f 216//2218 1223//2218 1222//2218
f 1219//2219 1223//2219 1221//2219
f 1222//2220 1223//2220 1218//2220
f 217//2221 1224//2221 216//2221
f 1221//2222 1224//2222 217//2222
f 1223//2223 1224//2223 1221//2223
f 216//2224 1224//2224 1223//2224
f 492//2225 1225//2225 495//2225
f 1225//2226 1226//2226 495//2226
f 1226//2227 1227//2227 495//2227
f 495//2228 1228//2228 497//2228
f 1227//2229 1228//2229 495//2229
f 1228//2230 1229//2230 497//2230
f 492//2231 1230//2231 1225//2231
f 1230//2232 1231//2232 1225//2232
f 1225//2233 1231//2233 1226//2233
f 497//2234 1232//2234 501//2234
f 1229//2235 1232//2235 497//2235
f 1226//2236 1233//2236 1227//2236
f 1231//2237 1233//2237 1226//2237
f 1227//2238 1234//2238 1228//2238
f 1233//2239 1234//2239 1227//2239
f 501//2240 1235//2240 503//2240
f 1232//2241 1235//2241 501//2241
f 1228//2242 1236//2242 1229//2242
f 1234//2243 1236//2243 1228//2243
f 492//2244 1237//2244 1230//2244
f 1230//2245 1238//2245 1231//2245
f 1237//2246 1238//2246 1230//2246
f 503//2247 1239//2247 505//2247
f 1235//2248 1239//2248 503//2248
f 1236//2249 1240//2249 1229//2249
f 1229//2250 1240//2250 1232//2250
f 1238//2251 1241//2251 1231//2251
f 1231//2252 1241//2252 1233//2252
f 1233//2253 1242//2253 1234//2253
f 1241//2254 1242//2254 1233//2254
f 1232//2255 1243//2255 1235//2255
f 1240//2256 1243//2256 1232//2256
f 1234//2257 1244//2257 1236//2257
f 1242//2258 1244//2258 1234//2258
f 492//2259 1245//2259 1237//2259
f 1237//2260 1246//2260 1238//2260
f 1245//2261 1246//2261 1237//2261
f 1239//2262 1247//2262 505//2262
f 1235//2263 1247//2263 1239//2263
f 1243//2264 1247//2264 1235//2264
f 1236//2265 1248//2265 1240//2265
f 1244//2266 1248//2266 1236//2266
f 1238//2267 1249//2267 1241//2267
f 1246//2268 1249//2268 1238//2268
f 1241//2269 1250//2269 1242//2269
f 1249//2270 1250//2270 1241//2270
f 1240//2271 1251//2271 1243//2271
f 1248//2272 1251//2272 1240//2272
f 1242//2273 1252//2273 1244//2273
f 1250//2274 1252//2274 1242//2274
f 314//2275 1253//2275 492//2275
f 492//2276 1253//2276 1245//2276
f 1253//2277 1254//2277 1245//2277
f 1245//2278 1254//2278 1246//2278
f 1251//2279 1255//2279 1243//2279
f 1247//2280 1255//2280 505//2280
f 1243//2281 1255//2281 1247//2281
f 1252//2282 1256//2282 1244//2282
f 1244//2283 1256//2283 1248//2283
f 1254//2284 1257//2284 1246//2284
f 1246//2285 1257//2285 1249//2285
f 1257//2286 1258//2286 1249//2286
f 1249//2287 1258//2287 1250//2287
f 1248//2288 1259//2288 1251//2288
f 1256//2289 1259//2289 1248//2289
f 1250//2290 1260//2290 1252//2290
f 1258//2291 1260//2291 1250//2291
f 314//2292 1261//2292 1253//2292
f 1253//2293 1261//2293 1254//2293
f 1261//2294 1262//2294 1254//2294
f 1259//2295 1263//2295 1251//2295
f 1255//2296 1263//2296 505//2296
f 1251//2297 1263//2297 1255//2297
f 1260//2298 1264//2298 1252//2298
f 1252//2299 1264//2299 1256//2299
f 1254//2300 1265//2300 1257//2300
f 1257//2301 1265//2301 1258//2301
f 1262//2302 1265//2302 1254//2302
f 1265//2303 1266//2303 1258//2303
f 1256//2304 1267//2304 1259//2304
f 1264//2305 1267//2305 1256//2305
f 1258//2306 1268//2306 1260//2306
f 1266//2307 1268//2307 1258//2307
f 314//2308 1269//2308 1261//2308
f 1261//2309 1269//2309 1262//2309
f 1269//2310 1270//2310 1262//2310
f 505//2311 1271//2311 327//2311
f 1259//2312 1271//2312 1263//2312
f 1263//2313 1271//2313 505//2313
f 1267//2314 1271//2314 1259//2314
f 1260//2315 1272//2315 1264//2315
f 1268//2316 1272//2316 1260//2316
f 1270//2317 1273//2317 1262//2317
f 1262//2318 1273//2318 1265//2318
f 1265//2319 1273//2319 1266//2319
f 1273//2320 1274//2320 1266//2320
f 1264//2321 1275//2321 1267//2321
f 1272//2322 1275//2322 1264//2322
f 1266//2323 1276//2323 1268//2323
f 1274//2324 1276//2324 1266//2324
f 314//2325 1277//2325 1269//2325
f 1269//2326 1278//2326 1270//2326
f 1277//2327 1278//2327 1269//2327
f 1271//2328 1279//2328 327//2328
f 1267//2329 1279//2329 1271//2329
f 1275//2330 1279//2330 1267//2330
f 1276//2331 1280//2331 1268//2331
f 1268//2332 1280//2332 1272//2332
f 1278//2333 1281//2333 1270//2333
f 1270//2334 1281//2334 1273//2334
f 1273//2335 1282//2335 1274//2335
f 1281//2336 1282//2336 1273//2336
f 1272//2337 1283//2337 1275//2337
f 1280//2338 1283//2338 1272//2338
f 1274//2339 1284//2339 1276//2339
f 1282//2340 1284//2340 1274//2340
f 314//2341 1285//2341 1277//2341
f 1277//2342 1286//2342 1278//2342
f 1285//2343 1286//2343 1277//2343
f 1279//2344 1287//2344 327//2344
f 1275//2345 1287//2345 1279//2345
f 1283//2346 1287//2346 1275//2346
f 1276//2347 1288//2347 1280//2347
f 1284//2348 1288//2348 1276//2348
f 1278//2349 1289//2349 1281//2349
f 1286//2350 1289//2350 1278//2350
f 318//2351 1290//2351 314//2351
f 314//2352 1290//2352 1285//2352
f 1289//2353 1291//2353 1281//2353
f 1281//2354 1291//2354 1282//2354
f 1285//2355 1292//2355 1286//2355
f 1290//2356 1292//2356 1285//2356
f 318//2357 1292//2357 1290//2357
f 1288//2358 1293//2358 1280//2358
f 1280//2359 1293//2359 1283//2359
f 1292//2360 1294//2360 1286//2360
f 318//2361 1294//2361 1292//2361
f 1286//2362 1294//2362 1289//2362
f 1291//2363 1295//2363 1282//2363
f 1282//2364 1295//2364 1284//2364
f 319//2365 1296//2365 318//2365
f 1289//2366 1296//2366 1291//2366
f 318//2367 1296//2367 1294//2367
f 1294//2368 1296//2368 1289//2368
f 1283//2369 1297//2369 1287//2369
f 1287//2370 1297//2370 327//2370
f 1293//2371 1297//2371 1283//2371
f 1295//2372 1298//2372 1284//2372
f 1288//2373 1298//2373 1293//2373
f 1284//2374 1298//2374 1288//2374
f 1291//2375 1299//2375 1295//2375
f 1296//2376 1299//2376 1291//2376
f 319//2377 1299//2377 1296//2377
f 1298//2378 1300//2378 1293//2378
f 1295//2379 1301//2379 1298//2379
f 324//2380 1301//2380 319//2380
f 1299//2381 1301//2381 1295//2381
f 319//2382 1301//2382 1299//2382
f 1298//2383 1301//2383 1300//2383
f 326//2384 1302//2384 324//2384
f 324//2385 1302//2385 1301//2385
f 1301//2386 1302//2386 1300//2386
f 1297//2387 1303//2387 327//2387
f 1293//2388 1303//2388 1297//2388
f 1300//2389 1303//2389 1293//2389
f 327//2390 1304//2390 326//2390
f 326//2391 1304//2391 1302//2391
f 1303//2392 1304//2392 327//2392
f 1302//2393 1304//2393 1300//2393
f 1300//2394 1304//2394 1303//2394
f 197//2395 196//2395 375//2395
f 375//2396 196//2396 373//2396
f 327//2397 325//2397 505//2397
f 505//2398 325//2398 504//2398
f 394//2399 1305//2399 392//2399
f 1305//2400 1306//2400 392//2400
f 1306//2401 1307//2401 392//2401
f 392//2402 1308//2402 389//2402
f 1307//2403 1308//2403 392//2403
f 1308//2404 1309//2404 389//2404
f 394//2405 1310//2405 1305//2405
f 1310//2406 1311//2406 1305//2406
f 1305//2407 1311//2407 1306//2407
f 389//2408 1312//2408 381//2408
f 1309//2409 1312//2409 389//2409
f 1306//2410 1313//2410 1307//2410
f 1311//2411 1313//2411 1306//2411
f 1307//2412 1314//2412 1308//2412
f 1313//2413 1314//2413 1307//2413
f 381//2414 1315//2414 374//2414
f 1312//2415 1315//2415 381//2415
f 1308//2416 1316//2416 1309//2416
f 1314//2417 1316//2417 1308//2417
f 394//2418 1317//2418 1310//2418
f 1310//2419 1318//2419 1311//2419
f 1317//2420 1318//2420 1310//2420
f 374//2421 1319//2421 375//2421
f 1315//2422 1319//2422 374//2422
f 1316//2423 1320//2423 1309//2423
f 1309//2424 1320//2424 1312//2424
f 1318//2425 1321//2425 1311//2425
f 1311//2426 1321//2426 1313//2426
f 1313//2427 1322//2427 1314//2427
f 1321//2428 1322//2428 1313//2428
f 1312//2429 1323//2429 1315//2429
f 1320//2430 1323//2430 1312//2430
f 1314//2431 1324//2431 1316//2431
f 1322//2432 1324//2432 1314//2432
f 394//2433 1325//2433 1317//2433
f 1317//2434 1326//2434 1318//2434
f 1325//2435 1326//2435 1317//2435
f 1319//2436 1327//2436 375//2436
f 1315//2437 1327//2437 1319//2437
f 1323//2438 1327//2438 1315//2438
f 1316//2439 1328//2439 1320//2439
f 1324//2440 1328//2440 1316//2440
f 1318//2441 1329//2441 1321//2441
f 1326//2442 1329//2442 1318//2442
f 1321//2443 1330//2443 1322//2443
f 1329//2444 1330//2444 1321//2444
f 1320//2445 1331//2445 1323//2445
f 1328//2446 1331//2446 1320//2446
f 1322//2447 1332//2447 1324//2447
f 1330//2448 1332//2448 1322//2448
f 215//2449 1333//2449 394//2449
f 394//2450 1333//2450 1325//2450
f 1333//2451 1334//2451 1325//2451
f 1325//2452 1334//2452 1326//2452
f 1331//2453 1335//2453 1323//2453
f 1327//2454 1335//2454 375//2454
f 1323//2455 1335//2455 1327//2455
f 1332//2456 1336//2456 1324//2456
f 1324//2457 1336//2457 1328//2457
f 1334//2458 1337//2458 1326//2458
f 1326//2459 1337//2459 1329//2459
f 1337//2460 1338//2460 1329//2460
f 1329//2461 1338//2461 1330//2461
f 1328//2462 1339//2462 1331//2462
f 1336//2463 1339//2463 1328//2463
f 1330//2464 1340//2464 1332//2464
f 1338//2465 1340//2465 1330//2465
f 1332//2466 1340//2466 1336//2466
f 215//2467 1341//2467 1333//2467
f 1341//2468 1342//2468 1333//2468
f 1333//2469 1342//2469 1334//2469
f 1339//2470 1343//2470 1331//2470
f 1335//2471 1343//2471 375//2471
f 1331//2472 1343//2472 1335//2472
f 1340//2473 1344//2473 1336//2473
f 1334//2474 1345//2474 1337//2474
f 1337//2475 1345//2475 1338//2475
f 1342//2476 1345//2476 1334//2476
f 1345//2477 1346//2477 1338//2477
f 1336//2478 1347//2478 1339//2478
f 1344//2479 1347//2479 1336//2479
f 1338//2480 1348//2480 1340//2480
f 1346//2481 1348//2481 1338//2481
f 215//2482 1349//2482 1341//2482
f 1341//2483 1349//2483 1342//2483
f 1349//2484 1350//2484 1342//2484
f 375//2485 1351//2485 197//2485
f 1339//2486 1351//2486 1343//2486
f 1343//2487 1351//2487 375//2487
f 1347//2488 1351//2488 1339//2488
f 1340//2489 1352//2489 1344//2489
f 1348//2490 1352//2490 1340//2490
f 1350//2491 1353//2491 1342//2491
f 1342//2492 1353//2492 1345//2492
f 1345//2493 1353//2493 1346//2493
f 1353//2494 1354//2494 1346//2494
f 1344//2495 1355//2495 1347//2495
f 1347//2496 1355//2496 1351//2496
f 1352//2497 1355//2497 1344//2497
f 1346//2498 1356//2498 1348//2498
f 1354//2499 1356//2499 1346//2499
f 215//2500 1357//2500 1349//2500
f 1349//2501 1358//2501 1350//2501
f 1357//2502 1358//2502 1349//2502
f 1351//2503 1359//2503 197//2503
f 1355//2504 1359//2504 1351//2504
f 1356//2505 1360//2505 1348//2505
f 1348//2506 1360//2506 1352//2506
f 1358//2507 1361//2507 1350//2507
f 1350//2508 1361//2508 1353//2508
f 1353//2509 1362//2509 1354//2509
f 1361//2510 1362//2510 1353//2510
f 1360//2511 1363//2511 1352//2511
f 1352//2512 1363//2512 1355//2512
f 1354//2513 1364//2513 1356//2513
f 1362//2514 1364//2514 1354//2514
f 215//2515 1365//2515 1357//2515
f 1357//2516 1366//2516 1358//2516
f 1365//2517 1366//2517 1357//2517
f 1359//2518 1367//2518 197//2518
f 1355//2519 1367//2519 1359//2519
f 1363//2520 1367//2520 1355//2520
f 1356//2521 1368//2521 1360//2521
f 1364//2522 1368//2522 1356//2522
f 1366//2523 1369//2523 1358//2523
f 1358//2524 1369//2524 1361//2524
f 213//2525 1370//2525 215//2525
f 215//2526 1370//2526 1365//2526
f 1369//2527 1371//2527 1361//2527
f 1361//2528 1371//2528 1362//2528
f 1365//2529 1372//2529 1366//2529
f 1370//2530 1372//2530 1365//2530
f 213//2531 1372//2531 1370//2531
f 1368//2532 1373//2532 1360//2532
f 1360//2533 1373//2533 1363//2533
f 1366//2534 1374//2534 1369//2534
f 1372//2535 1374//2535 1366//2535
f 213//2536 1374//2536 1372//2536
f 1371//2537 1375//2537 1362//2537
f 1362//2538 1375//2538 1364//2538
f 1374//2539 1376//2539 1369//2539
f 210//2540 1376//2540 213//2540
f 1369//2541 1376//2541 1371//2541
f 213//2542 1376//2542 1374//2542
f 1363//2543 1377//2543 1367//2543
f 1373//2544 1377//2544 1363//2544
f 1367//2545 1377//2545 197//2545
f 1375//2546 1378//2546 1364//2546
f 1364//2547 1378//2547 1368//2547
f 1371//2548 1379//2548 1375//2548
f 210//2549 1379//2549 1376//2549
f 1376//2550 1379//2550 1371//2550
f 1378//2551 1380//2551 1368//2551
f 1368//2552 1380//2552 1373//2552
f 1375//2553 1381//2553 1378//2553
f 202//2554 1381//2554 210//2554
f 1379//2555 1381//2555 1375//2555
f 210//2556 1381//2556 1379//2556
f 195//2557 1382//2557 202//2557
f 202//2558 1382//2558 1381//2558
f 1378//2559 1382//2559 1380//2559
f 1381//2560 1382//2560 1378//2560
f 1377//2561 1383//2561 197//2561
f 1373//2562 1383//2562 1377//2562
f 1380//2563 1383//2563 1373//2563
f 1382//2564 1383//2564 1380//2564
f 197//2565 1384//2565 195//2565
f 195//2566 1384//2566 1382//2566
f 1383//2567 1384//2567 197//2567
f 1382//2568 1384//2568 1383//2568
f 504//2569 1385//2569 502//2569
f 1385//2570 1386//2570 502//2570
f 502//2571 1387//2571 498//2571
f 1386//2572 1387//2572 502//2572
f 504//2573 1388//2573 1385//2573
f 1387//2574 1389//2574 498//2574
f 1385//2575 1390//2575 1386//2575
f 1388//2576 1390//2576 1385//2576
f 498//2577 1391//2577 496//2577
f 1389//2578 1391//2578 498//2578
f 496//2579 1392//2579 493//2579
f 1391//2580 1392//2580 496//2580
f 1386//2581 1393//2581 1387//2581
f 1390//2582 1393//2582 1386//2582
f 504//2583 1394//2583 1388//2583
f 493//2584 1395//2584 494//2584
f 1392//2585 1395//2585 493//2585
f 1387//2586 1396//2586 1389//2586
f 1393//2587 1396//2587 1387//2587
f 1388//2588 1397//2588 1390//2588
f 1394//2589 1397//2589 1388//2589
f 1396//2590 1398//2590 1389//2590
f 1389//2591 1398//2591 1391//2591
f 1391//2592 1399//2592 1392//2592
f 1398//2593 1399//2593 1391//2593
f 1390//2594 1400//2594 1393//2594
f 1397//2595 1400//2595 1390//2595
f 504//2596 1401//2596 1394//2596
f 1395//2597 1402//2597 494//2597
f 1392//2598 1402//2598 1395//2598
f 1399//2599 1402//2599 1392//2599
f 1393//2600 1403//2600 1396//2600
f 1400//2601 1403//2601 1393//2601
f 1394//2602 1404//2602 1397//2602
f 1401//2603 1404//2603 1394//2603
f 1396//2604 1405//2604 1398//2604
f 1403//2605 1405//2605 1396//2605
f 1398//2606 1406//2606 1399//2606
f 1405//2607 1406//2607 1398//2607
f 1397//2608 1407//2608 1400//2608
f 1404//2609 1407//2609 1397//2609
f 325//2610 1408//2610 504//2610
f 504//2611 1408//2611 1401//2611
f 1402//2612 1409//2612 494//2612
f 1399//2613 1409//2613 1402//2613
f 1406//2614 1409//2614 1399//2614
f 1400//2615 1410//2615 1403//2615
f 1407//2616 1410//2616 1400//2616
f 1401//2617 1411//2617 1404//2617
f 1408//2618 1411//2618 1401//2618
f 1403//2619 1412//2619 1405//2619
f 1410//2620 1412//2620 1403//2620
f 1412//2621 1413//2621 1405//2621
f 1405//2622 1413//2622 1406//2622
f 1404//2623 1414//2623 1407//2623
f 1411//2624 1414//2624 1404//2624
f 325//2625 1415//2625 1408//2625
f 1413//2626 1416//2626 1406//2626
f 1409//2627 1416//2627 494//2627
f 1406//2628 1416//2628 1409//2628
f 1414//2629 1417//2629 1407//2629
f 1407//2630 1417//2630 1410//2630
f 1408//2631 1418//2631 1411//2631
f 1415//2632 1418//2632 1408//2632
f 1410//2633 1419//2633 1412//2633
f 1417//2634 1419//2634 1410//2634
f 1419//2635 1420//2635 1412//2635
f 1412//2636 1420//2636 1413//2636
f 1411//2637 1421//2637 1414//2637
f 1418//2638 1421//2638 1411//2638
f 325//2639 1422//2639 1415//2639
f 1420//2640 1423//2640 1413//2640
f 1413//2641 1423//2641 1416//2641
f 1421//2642 1424//2642 1414//2642
f 1414//2643 1424//2643 1417//2643
f 1415//2644 1425//2644 1418//2644
f 1422//2645 1425//2645 1415//2645
f 1417//2646 1426//2646 1419//2646
f 1424//2647 1426//2647 1417//2647
f 1426//2648 1427//2648 1419//2648
f 1419//2649 1427//2649 1420//2649
f 1418//2650 1428//2650 1421//2650
f 1425//2651 1428//2651 1418//2651
f 325//2652 1429//2652 1422//2652
f 1420//2653 1430//2653 1423//2653
f 1427//2654 1430//2654 1420//2654
f 1421//2655 1431//2655 1424//2655
f 1428//2656 1431//2656 1421//2656
f 1422//2657 1432//2657 1425//2657
f 1429//2658 1432//2658 1422//2658
f 1431//2659 1433//2659 1424//2659
f 1424//2660 1433//2660 1426//2660
f 1426//2661 1434//2661 1427//2661
f 1433//2662 1434//2662 1426//2662
f 1425//2663 1435//2663 1428//2663
f 1432//2664 1435//2664 1425//2664
f 325//2665 1436//2665 1429//2665
f 1427//2666 1437//2666 1430//2666
f 1434//2667 1437//2667 1427//2667
f 494//2668 1438//2668 316//2668
f 1423//2669 1438//2669 1416//2669
f 1430//2670 1438//2670 1423//2670
f 1437//2671 1438//2671 1430//2671
f 1416//2672 1438//2672 494//2672
f 1428//2673 1439//2673 1431//2673
f 1435//2674 1439//2674 1428//2674
f 323//2675 1440//2675 325//2675
f 325//2676 1440//2676 1436//2676
f 1429//2677 1441//2677 1432//2677
f 1436//2678 1441//2678 1429//2678
f 1439//2679 1442//2679 1431//2679
f 1431//2680 1442//2680 1433//2680
f 1433//2681 1443//2681 1434//2681
f 1442//2682 1443//2682 1433//2682
f 1435//2683 1444//2683 1439//2683
f 1432//2684 1444//2684 1435//2684
f 1441//2685 1444//2685 1432//2685
f 323//2686 1445//2686 1440//2686
f 1440//2687 1445//2687 1436//2687
f 1436//2688 1445//2688 1441//2688
f 1434//2689 1446//2689 1437//2689
f 1443//2690 1446//2690 1434//2690
f 1446//2691 1447//2691 1437//2691
f 1438//2692 1447//2692 316//2692
f 1437//2693 1447//2693 1438//2693
f 1444//2694 1448//2694 1439//2694
f 1445//2695 1449//2695 1441//2695
f 320//2696 1449//2696 323//2696
f 1444//2697 1449//2697 1448//2697
f 323//2698 1449//2698 1445//2698
f 1441//2699 1449//2699 1444//2699
f 1448//2700 1450//2700 1439//2700
f 1439//2701 1450//2701 1442//2701
f 1449//2702 1451//2702 1448//2702
f 320//2703 1451//2703 1449//2703
f 1450//2704 1452//2704 1442//2704
f 1442//2705 1452//2705 1443//2705
f 1443//2706 1453//2706 1446//2706
f 1452//2707 1453//2707 1443//2707
f 317//2708 1454//2708 320//2708
f 320//2709 1454//2709 1451//2709
f 1451//2710 1454//2710 1448//2710
f 1448//2711 1454//2711 1450//2711
f 1447//2712 1455//2712 316//2712
f 1453//2713 1455//2713 1446//2713
f 1446//2714 1455//2714 1447//2714
f 315//2715 1456//2715 317//2715
f 317//2716 1456//2716 1454//2716
f 1450//2717 1456//2717 1452//2717
f 1454//2718 1456//2718 1450//2718
f 1452//2719 1457//2719 1453//2719
f 315//2720 1457//2720 1456//2720
f 1453//2721 1457//2721 1455//2721
f 1456//2722 1457//2722 1452//2722
f 316//2723 1458//2723 315//2723
f 1455//2724 1458//2724 316//2724
f 1457//2725 1458//2725 1455//2725
f 315//2726 1458//2726 1457//2726
f 219//2727 215//2727 398//2727
f 398//2728 215//2728 394//2728
f 316//2729 301//2729 494//2729
f 494//2730 301//2730 479//2730
f 206//2731 219//2731 384//2731
f 384//2732 219//2732 398//2732
f 301//2733 277//2733 479//2733
f 479//2734 277//2734 454//2734
f 194//2735 206//2735 372//2735
f 372//2736 206//2736 384//2736
f 277//2737 285//2737 454//2737
f 454//2738 285//2738 462//2738
f 359//2739 1459//2739 360//2739
f 1459//2740 1460//2740 360//2740
f 360//2741 1461//2741 362//2741
f 1460//2742 1461//2742 360//2742
f 359//2743 1462//2743 1459//2743
f 1461//2744 1463//2744 362//2744
f 1459//2745 1464//2745 1460//2745
f 1462//2746 1464//2746 1459//2746
f 362//2747 1465//2747 364//2747
f 1463//2748 1465//2748 362//2748
f 364//2749 1466//2749 370//2749
f 1465//2750 1466//2750 364//2750
f 1460//2751 1467//2751 1461//2751
f 1464//2752 1467//2752 1460//2752
f 359//2753 1468//2753 1462//2753
f 370//2754 1469//2754 372//2754
f 1466//2755 1469//2755 370//2755
f 1461//2756 1470//2756 1463//2756
f 1467//2757 1470//2757 1461//2757
f 1462//2758 1471//2758 1464//2758
f 1468//2759 1471//2759 1462//2759
f 1470//2760 1472//2760 1463//2760
f 1463//2761 1472//2761 1465//2761
f 1465//2762 1473//2762 1466//2762
f 1466//2763 1473//2763 1469//2763
f 1472//2764 1473//2764 1465//2764
f 1464//2765 1474//2765 1467//2765
f 1471//2766 1474//2766 1464//2766
f 359//2767 1475//2767 1468//2767
f 1469//2768 1476//2768 372//2768
f 1473//2769 1476//2769 1469//2769
f 1467//2770 1477//2770 1470//2770
f 1474//2771 1477//2771 1467//2771
f 1468//2772 1478//2772 1471//2772
f 1475//2773 1478//2773 1468//2773
f 1470//2774 1479//2774 1472//2774
f 1477//2775 1479//2775 1470//2775
f 1472//2776 1480//2776 1473//2776
f 1473//2777 1480//2777 1476//2777
f 1479//2778 1480//2778 1472//2778
f 1471//2779 1481//2779 1474//2779
f 1478//2780 1481//2780 1471//2780
f 181//2781 1482//2781 359//2781
f 359//2782 1482//2782 1475//2782
f 1476//2783 1483//2783 372//2783
f 1480//2784 1483//2784 1476//2784
f 1474//2785 1484//2785 1477//2785
f 1481//2786 1484//2786 1474//2786
f 1475//2787 1485//2787 1478//2787
f 1482//2788 1485//2788 1475//2788
f 1477//2789 1486//2789 1479//2789
f 1484//2790 1486//2790 1477//2790
f 1486//2791 1487//2791 1479//2791
f 1479//2792 1487//2792 1480//2792
f 1480//2793 1487//2793 1483//2793
f 1478//2794 1488//2794 1481//2794
f 1485//2795 1488//2795 1478//2795
f 181//2796 1489//2796 1482//2796
f 1487//2797 1490//2797 1483//2797
f 1483//2798 1490//2798 372//2798
f 1488//2799 1491//2799 1481//2799
f 1481//2800 1491//2800 1484//2800
f 1489//2801 1492//2801 1482//2801
f 1482//2802 1492//2802 1485//2802
f 1491//2803 1493//2803 1484//2803
f 1484//2804 1493//2804 1486//2804
f 1493//2805 1494//2805 1486//2805
f 1486//2806 1494//2806 1487//2806
f 1487//2807 1494//2807 1490//2807
f 1492//2808 1495//2808 1485//2808
f 1485//2809 1495//2809 1488//2809
f 181//2810 1496//2810 1489//2810
f 1494//2811 1497//2811 1490//2811
f 1488//2812 1498//2812 1491//2812
f 1495//2813 1498//2813 1488//2813
f 1489//2814 1499//2814 1492//2814
f 1496//2815 1499//2815 1489//2815
f 1491//2816 1500//2816 1493//2816
f 1498//2817 1500//2817 1491//2817
f 1493//2818 1501//2818 1494//2818
f 1500//2819 1501//2819 1493//2819
f 1492//2820 1502//2820 1495//2820
f 1499//2821 1502//2821 1492//2821
f 181//2822 1503//2822 1496//2822
f 1494//2823 1504//2823 1497//2823
f 1501//2824 1504//2824 1494//2824
f 1502//2825 1505//2825 1495//2825
f 1495//2826 1505//2826 1498//2826
f 1496//2827 1506//2827 1499//2827
f 1503//2828 1506//2828 1496//2828
f 1505//2829 1507//2829 1498//2829
f 1498//2830 1507//2830 1500//2830
f 1500//2831 1507//2831 1501//2831
f 1507//2832 1508//2832 1501//2832
f 1499//2833 1509//2833 1502//2833
f 1502//2834 1509//2834 1505//2834
f 1506//2835 1509//2835 1499//2835
f 181//2836 1510//2836 1503//2836
f 1501//2837 1511//2837 1504//2837
f 1508//2838 1511//2838 1501//2838
f 372//2839 1512//2839 194//2839
f 1490//2840 1512//2840 372//2840
f 1504//2841 1512//2841 1497//2841
f 1511//2842 1512//2842 1504//2842
f 1497//2843 1512//2843 1490//2843
f 1509//2844 1513//2844 1505//2844
f 183//2845 1514//2845 181//2845
f 181//2846 1514//2846 1510//2846
f 1510//2847 1515//2847 1503//2847
f 1503//2848 1515//2848 1506//2848
f 1513//2849 1516//2849 1505//2849
f 1505//2850 1516//2850 1507//2850
f 1507//2851 1517//2851 1508//2851
f 1516//2852 1517//2852 1507//2852
f 1506//2853 1518//2853 1509//2853
f 1515//2854 1518//2854 1506//2854
f 1510//2855 1519//2855 1515//2855
f 183//2856 1519//2856 1514//2856
f 1514//2857 1519//2857 1510//2857
f 1508//2858 1520//2858 1511//2858
f 1511//2859 1520//2859 1512//2859
f 1517//2860 1520//2860 1508//2860
f 1512//2861 1521//2861 194//2861
f 1520//2862 1521//2862 1512//2862
f 1518//2863 1522//2863 1509//2863
f 1513//2864 1522//2864 1516//2864
f 1509//2865 1522//2865 1513//2865
f 1519//2866 1523//2866 1515//2866
f 184//2867 1523//2867 183//2867
f 183//2868 1523//2868 1519//2868
f 1515//2869 1523//2869 1518//2869
f 1522//2870 1524//2870 1516//2870
f 1523//2871 1525//2871 1518//2871
f 1518//2872 1525//2872 1522//2872
f 184//2873 1525//2873 1523//2873
f 1524//2874 1526//2874 1516//2874
f 1516//2875 1526//2875 1517//2875
f 1517//2876 1527//2876 1520//2876
f 1520//2877 1527//2877 1521//2877
f 1526//2878 1527//2878 1517//2878
f 184//2879 1528//2879 1525//2879
f 186//2880 1528//2880 184//2880
f 1525//2881 1528//2881 1522//2881
f 1522//2882 1528//2882 1524//2882
f 1527//2883 1529//2883 1521//2883
f 1521//2884 1529//2884 194//2884
f 192//2885 1530//2885 186//2885
f 1524//2886 1530//2886 1526//2886
f 1528//2887 1530//2887 1524//2887
f 186//2888 1530//2888 1528//2888
f 1530//2889 1531//2889 1526//2889
f 1526//2890 1531//2890 1527//2890
f 1527//2891 1531//2891 1529//2891
f 192//2892 1531//2892 1530//2892
f 194//2893 1532//2893 192//2893
f 1529//2894 1532//2894 194//2894
f 192//2895 1532//2895 1531//2895
f 1531//2896 1532//2896 1529//2896
f 462//2897 1533//2897 464//2897
f 1533//2898 1534//2898 464//2898
f 1534//2899 1535//2899 464//2899
f 464//2900 1536//2900 460//2900
f 1535//2901 1536//2901 464//2901
f 1536//2902 1537//2902 460//2902
f 462//2903 1538//2903 1533//2903
f 1538//2904 1539//2904 1533//2904
f 1533//2905 1539//2905 1534//2905
f 460//2906 1540//2906 457//2906
f 1537//2907 1540//2907 460//2907
f 1534//2908 1541//2908 1535//2908
f 1539//2909 1541//2909 1534//2909
f 1535//2910 1542//2910 1536//2910
f 1541//2911 1542//2911 1535//2911
f 457//2912 1543//2912 450//2912
f 1540//2913 1543//2913 457//2913
f 1536//2914 1544//2914 1537//2914
f 1542//2915 1544//2915 1536//2915
f 462//2916 1545//2916 1538//2916
f 1538//2917 1546//2917 1539//2917
f 1545//2918 1546//2918 1538//2918
f 450//2919 1547//2919 451//2919
f 1543//2920 1547//2920 450//2920
f 1544//2921 1548//2921 1537//2921
f 1537//2922 1548//2922 1540//2922
f 1546//2923 1549//2923 1539//2923
f 1539//2924 1549//2924 1541//2924
f 1541//2925 1550//2925 1542//2925
f 1549//2926 1550//2926 1541//2926
f 1540//2927 1551//2927 1543//2927
f 1548//2928 1551//2928 1540//2928
f 1542//2929 1552//2929 1544//2929
f 1550//2930 1552//2930 1542//2930
f 462//2931 1553//2931 1545//2931
f 1545//2932 1554//2932 1546//2932
f 1553//2933 1554//2933 1545//2933
f 1547//2934 1555//2934 451//2934
f 1543//2935 1555//2935 1547//2935
f 1551//2936 1555//2936 1543//2936
f 1544//2937 1556//2937 1548//2937
f 1552//2938 1556//2938 1544//2938
f 1546//2939 1557//2939 1549//2939
f 1554//2940 1557//2940 1546//2940
f 1549//2941 1558//2941 1550//2941
f 1557//2942 1558//2942 1549//2942
f 1548//2943 1559//2943 1551//2943
f 1556//2944 1559//2944 1548//2944
f 1550//2945 1560//2945 1552//2945
f 1558//2946 1560//2946 1550//2946
f 285//2947 1561//2947 462//2947
f 462//2948 1561//2948 1553//2948
f 1561//2949 1562//2949 1553//2949
f 1553//2950 1562//2950 1554//2950
f 1559//2951 1563//2951 1551//2951
f 1555//2952 1563//2952 451//2952
f 1551//2953 1563//2953 1555//2953
f 1560//2954 1564//2954 1552//2954
f 1552//2955 1564//2955 1556//2955
f 1562//2956 1565//2956 1554//2956
f 1554//2957 1565//2957 1557//2957
f 1565//2958 1566//2958 1557//2958
f 1557//2959 1566//2959 1558//2959
f 1556//2960 1567//2960 1559//2960
f 1564//2961 1567//2961 1556//2961
f 1558//2962 1568//2962 1560//2962
f 1566//2963 1568//2963 1558//2963
f 285//2964 1569//2964 1561//2964
f 1561//2965 1569//2965 1562//2965
f 1569//2966 1570//2966 1562//2966
f 1567//2967 1571//2967 1559//2967
f 1563//2968 1571//2968 451//2968
f 1559//2969 1571//2969 1563//2969
f 1568//2970 1572//2970 1560//2970
f 1560//2971 1572//2971 1564//2971
f 1562//2972 1573//2972 1565//2972
f 1565//2973 1573//2973 1566//2973
f 1570//2974 1573//2974 1562//2974
f 1573//2975 1574//2975 1566//2975
f 1567//2976 1575//2976 1571//2976
f 1564//2977 1575//2977 1567//2977
f 1572//2978 1575//2978 1564//2978
f 1566//2979 1576//2979 1568//2979
f 1574//2980 1576//2980 1566//2980
f 285//2981 1577//2981 1569//2981
f 1569//2982 1577//2982 1570//2982
f 1577//2983 1578//2983 1570//2983
f 451//2984 1579//2984 272//2984
f 1571//2985 1579//2985 451//2985
f 1575//2986 1579//2986 1571//2986
f 1568//2987 1580//2987 1572//2987
f 1576//2988 1580//2988 1568//2988
f 1572//2989 1580//2989 1575//2989
f 1578//2990 1581//2990 1570//2990
f 1570//2991 1581//2991 1573//2991
f 1573//2992 1582//2992 1574//2992
f 1581//2993 1582//2993 1573//2993
f 1580//2994 1583//2994 1575//2994
f 1574//2995 1584//2995 1576//2995
f 1582//2996 1584//2996 1574//2996
f 285//2997 1585//2997 1577//2997
f 1577//2998 1586//2998 1578//2998
f 1585//2999 1586//2999 1577//2999
f 1575//3000 1587//3000 1579//3000
f 1583//3001 1587//3001 1575//3001
f 1579//3002 1587//3002 272//3002
f 1584//3003 1588//3003 1576//3003
f 1576//3004 1588//3004 1580//3004
f 1586//3005 1589//3005 1578//3005
f 1578//3006 1589//3006 1581//3006
f 1581//3007 1590//3007 1582//3007
f 1589//3008 1590//3008 1581//3008
f 1580//3009 1591//3009 1583//3009
f 1583//3010 1591//3010 1587//3010
f 1588//3011 1591//3011 1580//3011
f 1582//3012 1592//3012 1584//3012
f 1590//3013 1592//3013 1582//3013
f 285//3014 1593//3014 1585//3014
f 1585//3015 1594//3015 1586//3015
f 1593//3016 1594//3016 1585//3016
f 1587//3017 1595//3017 272//3017
f 1591//3018 1595//3018 1587//3018
f 1584//3019 1596//3019 1588//3019
f 1592//3020 1596//3020 1584//3020
f 1594//3021 1597//3021 1586//3021
f 1586//3022 1597//3022 1589//3022
f 286//3023 1598//3023 285//3023
f 285//3024 1598//3024 1593//3024
f 1597//3025 1599//3025 1589//3025
f 1589//3026 1599//3026 1590//3026
f 1593//3027 1600//3027 1594//3027
f 1598//3028 1600//3028 1593//3028
f 286//3029 1600//3029 1598//3029
f 1591//3030 1601//3030 1595//3030
f 1596//3031 1601//3031 1588//3031
f 1588//3032 1601//3032 1591//3032
f 1600//3033 1602//3033 1594//3033
f 286//3034 1602//3034 1600//3034
f 1594//3035 1602//3035 1597//3035
f 1599//3036 1603//3036 1590//3036
f 1590//3037 1603//3037 1592//3037
f 282//3038 1604//3038 286//3038
f 1597//3039 1604//3039 1599//3039
f 286//3040 1604//3040 1602//3040
f 1602//3041 1604//3041 1597//3041
f 1595//3042 1605//3042 272//3042
f 1601//3043 1605//3043 1595//3043
f 1603//3044 1606//3044 1592//3044
f 1592//3045 1606//3045 1596//3045
f 1599//3046 1607//3046 1603//3046
f 1604//3047 1607//3047 1599//3047
f 282//3048 1607//3048 1604//3048
f 1606//3049 1608//3049 1596//3049
f 1596//3050 1608//3050 1601//3050
f 1603//3051 1609//3051 1606//3051
f 279//3052 1609//3052 282//3052
f 1607//3053 1609//3053 1603//3053
f 282//3054 1609//3054 1607//3054
f 1606//3055 1609//3055 1608//3055
f 273//3056 1610//3056 279//3056
f 279//3057 1610//3057 1609//3057
f 1609//3058 1610//3058 1608//3058
f 1605//3059 1611//3059 272//3059
f 1601//3060 1611//3060 1605//3060
f 1608//3061 1611//3061 1601//3061
f 272//3062 1612//3062 273//3062
f 1611//3063 1612//3063 272//3063
f 273//3064 1612//3064 1610//3064
f 1610//3065 1612//3065 1608//3065
f 1608//3066 1612//3066 1611//3066
f 179//3067 181//3067 358//3067
f 358//3068 181//3068 359//3068
f 272//3069 274//3069 451//3069
f 451//3070 274//3070 452//3070
f 371//3071 1613//3071 365//3071
f 1613//3072 1614//3072 365//3072
f 1614//3073 1615//3073 365//3073
f 365//3074 1616//3074 363//3074
f 1615//3075 1616//3075 365//3075
f 1616//3076 1617//3076 363//3076
f 371//3077 1618//3077 1613//3077
f 1618//3078 1619//3078 1613//3078
f 1613//3079 1619//3079 1614//3079
f 363//3080 1620//3080 361//3080
f 1617//3081 1620//3081 363//3081
f 1614//3082 1621//3082 1615//3082
f 1619//3083 1621//3083 1614//3083
f 1615//3084 1622//3084 1616//3084
f 1621//3085 1622//3085 1615//3085
f 361//3086 1623//3086 357//3086
f 1620//3087 1623//3087 361//3087
f 1616//3088 1624//3088 1617//3088
f 1622//3089 1624//3089 1616//3089
f 371//3090 1625//3090 1618//3090
f 1618//3091 1626//3091 1619//3091
f 1625//3092 1626//3092 1618//3092
f 357//3093 1627//3093 358//3093
f 1623//3094 1627//3094 357//3094
f 1624//3095 1628//3095 1617//3095
f 1617//3096 1628//3096 1620//3096
f 1626//3097 1629//3097 1619//3097
f 1619//3098 1629//3098 1621//3098
f 1621//3099 1630//3099 1622//3099
f 1629//3100 1630//3100 1621//3100
f 1620//3101 1631//3101 1623//3101
f 1628//3102 1631//3102 1620//3102
f 1622//3103 1632//3103 1624//3103
f 1630//3104 1632//3104 1622//3104
f 371//3105 1633//3105 1625//3105
f 1625//3106 1634//3106 1626//3106
f 1633//3107 1634//3107 1625//3107
f 1627//3108 1635//3108 358//3108
f 1623//3109 1635//3109 1627//3109
f 1631//3110 1635//3110 1623//3110
f 1624//3111 1636//3111 1628//3111
f 1632//3112 1636//3112 1624//3112
f 1626//3113 1637//3113 1629//3113
f 1634//3114 1637//3114 1626//3114
f 1629//3115 1638//3115 1630//3115
f 1637//3116 1638//3116 1629//3116
f 1628//3117 1639//3117 1631//3117
f 1636//3118 1639//3118 1628//3118
f 1630//3119 1640//3119 1632//3119
f 1638//3120 1640//3120 1630//3120
f 193//3121 1641//3121 371//3121
f 371//3122 1641//3122 1633//3122
f 1641//3123 1642//3123 1633//3123
f 1633//3124 1642//3124 1634//3124
f 1639//3125 1643//3125 1631//3125
f 1635//3126 1643//3126 358//3126
f 1631//3127 1643//3127 1635//3127
f 1640//3128 1644//3128 1632//3128
f 1632//3129 1644//3129 1636//3129
f 1642//3130 1645//3130 1634//3130
f 1634//3131 1645//3131 1637//3131
f 1645//3132 1646//3132 1637//3132
f 1637//3133 1646//3133 1638//3133
f 1636//3134 1647//3134 1639//3134
f 1644//3135 1647//3135 1636//3135
f 1638//3136 1648//3136 1640//3136
f 1646//3137 1648//3137 1638//3137
f 193//3138 1649//3138 1641//3138
f 1641//3139 1649//3139 1642//3139
f 1649//3140 1650//3140 1642//3140
f 1647//3141 1651//3141 1639//3141
f 1643//3142 1651//3142 358//3142
f 1639//3143 1651//3143 1643//3143
f 1648//3144 1652//3144 1640//3144
f 1640//3145 1652//3145 1644//3145
f 1642//3146 1653//3146 1645//3146
f 1645//3147 1653//3147 1646//3147
f 1650//3148 1653//3148 1642//3148
f 1653//3149 1654//3149 1646//3149
f 1644//3150 1655//3150 1647//3150
f 1652//3151 1655//3151 1644//3151
f 1646//3152 1656//3152 1648//3152
f 1654//3153 1656//3153 1646//3153
f 193//3154 1657//3154 1649//3154
f 1649//3155 1657//3155 1650//3155
f 1657//3156 1658//3156 1650//3156
f 358//3157 1659//3157 179//3157
f 1647//3158 1659//3158 1651//3158
f 1651//3159 1659//3159 358//3159
f 1655//3160 1659//3160 1647//3160
f 1648//3161 1660//3161 1652//3161
f 1656//3162 1660//3162 1648//3162
f 1658//3163 1661//3163 1650//3163
f 1650//3164 1661//3164 1653//3164
f 1653//3165 1661//3165 1654//3165
f 1661//3166 1662//3166 1654//3166
f 1652//3167 1663//3167 1655//3167
f 1660//3168 1663//3168 1652//3168
f 1654//3169 1664//3169 1656//3169
f 1662//3170 1664//3170 1654//3170
f 193//3171 1665//3171 1657//3171
f 1657//3172 1666//3172 1658//3172
f 1665//3173 1666//3173 1657//3173
f 1659//3174 1667//3174 179//3174
f 1655//3175 1667//3175 1659//3175
f 1663//3176 1667//3176 1655//3176
f 1664//3177 1668//3177 1656//3177
f 1656//3178 1668//3178 1660//3178
f 1666//3179 1669//3179 1658//3179
f 1658//3180 1669//3180 1661//3180
f 1661//3181 1670//3181 1662//3181
f 1669//3182 1670//3182 1661//3182
f 1660//3183 1671//3183 1663//3183
f 1668//3184 1671//3184 1660//3184
f 1662//3185 1672//3185 1664//3185
f 1670//3186 1672//3186 1662//3186
f 193//3187 1673//3187 1665//3187
f 1665//3188 1674//3188 1666//3188
f 1673//3189 1674//3189 1665//3189
f 1667//3190 1675//3190 179//3190
f 1663//3191 1675//3191 1667//3191
f 1671//3192 1675//3192 1663//3192
f 1664//3193 1676//3193 1668//3193
f 1672//3194 1676//3194 1664//3194
f 1666//3195 1677//3195 1669//3195
f 1674//3196 1677//3196 1666//3196
f 187//3197 1678//3197 193//3197
f 193//3198 1678//3198 1673//3198
f 1677//3199 1679//3199 1669//3199
f 1669//3200 1679//3200 1670//3200
f 1673//3201 1680//3201 1674//3201
f 1678//3202 1680//3202 1673//3202
f 187//3203 1680//3203 1678//3203
f 1676//3204 1681//3204 1668//3204
f 1668//3205 1681//3205 1671//3205
f 1680//3206 1682//3206 1674//3206
f 187//3207 1682//3207 1680//3207
f 1674//3208 1682//3208 1677//3208
f 1679//3209 1683//3209 1670//3209
f 1670//3210 1683//3210 1672//3210
f 185//3211 1684//3211 187//3211
f 1677//3212 1684//3212 1679//3212
f 187//3213 1684//3213 1682//3213
f 1682//3214 1684//3214 1677//3214
f 1671//3215 1685//3215 1675//3215
f 1675//3216 1685//3216 179//3216
f 1681//3217 1685//3217 1671//3217
f 1683//3218 1686//3218 1672//3218
f 1672//3219 1686//3219 1676//3219
f 1679//3220 1687//3220 1683//3220
f 1684//3221 1687//3221 1679//3221
f 185//3222 1687//3222 1684//3222
f 1686//3223 1688//3223 1676//3223
f 1676//3224 1688//3224 1681//3224
f 1683//3225 1689//3225 1686//3225
f 182//3226 1689//3226 185//3226
f 1687//3227 1689//3227 1683//3227
f 185//3228 1689//3228 1687//3228
f 180//3229 1690//3229 182//3229
f 182//3230 1690//3230 1689//3230
f 1689//3231 1690//3231 1686//3231
f 1686//3232 1690//3232 1688//3232
f 1685//3233 1691//3233 179//3233
f 1681//3234 1691//3234 1685//3234
f 1688//3235 1691//3235 1681//3235
f 1690//3236 1691//3236 1688//3236
f 179//3237 1692//3237 180//3237
f 1691//3238 1692//3238 179//3238
f 180//3239 1692//3239 1690//3239
f 1690//3240 1692//3240 1691//3240
f 452//3241 1693//3241 453//3241
f 1693//3242 1694//3242 453//3242
f 453//3243 1695//3243 458//3243
f 1694//3244 1695//3244 453//3244
f 452//3245 1696//3245 1693//3245
f 1695//3246 1697//3246 458//3246
f 1693//3247 1698//3247 1694//3247
f 1696//3248 1698//3248 1693//3248
f 458//3249 1699//3249 461//3249
f 1697//3250 1699//3250 458//3250
f 461//3251 1700//3251 463//3251
f 1699//3252 1700//3252 461//3252
f 1694//3253 1701//3253 1695//3253
f 1698//3254 1701//3254 1694//3254
f 452//3255 1702//3255 1696//3255
f 463//3256 1703//3256 455//3256
f 1700//3257 1703//3257 463//3257
f 1695//3258 1704//3258 1697//3258
f 1701//3259 1704//3259 1695//3259
f 1696//3260 1705//3260 1698//3260
f 1702//3261 1705//3261 1696//3261
f 1704//3262 1706//3262 1697//3262
f 1697//3263 1706//3263 1699//3263
f 1699//3264 1707//3264 1700//3264
f 1706//3265 1707//3265 1699//3265
f 1698//3266 1708//3266 1701//3266
f 1705//3267 1708//3267 1698//3267
f 452//3268 1709//3268 1702//3268
f 1703//3269 1710//3269 455//3269
f 1700//3270 1710//3270 1703//3270
f 1707//3271 1710//3271 1700//3271
f 1701//3272 1711//3272 1704//3272
f 1708//3273 1711//3273 1701//3273
f 1702//3274 1712//3274 1705//3274
f 1709//3275 1712//3275 1702//3275
f 1704//3276 1713//3276 1706//3276
f 1711//3277 1713//3277 1704//3277
f 1706//3278 1714//3278 1707//3278
f 1713//3279 1714//3279 1706//3279
f 1705//3280 1715//3280 1708//3280
f 1712//3281 1715//3281 1705//3281
f 274//3282 1716//3282 452//3282
f 452//3283 1716//3283 1709//3283
f 1710//3284 1717//3284 455//3284
f 1707//3285 1717//3285 1710//3285
f 1714//3286 1717//3286 1707//3286
f 1708//3287 1718//3287 1711//3287
f 1715//3288 1718//3288 1708//3288
f 1709//3289 1719//3289 1712//3289
f 1716//3290 1719//3290 1709//3290
f 1711//3291 1720//3291 1713//3291
f 1718//3292 1720//3292 1711//3292
f 1720//3293 1721//3293 1713//3293
f 1713//3294 1721//3294 1714//3294
f 1712//3295 1722//3295 1715//3295
f 1719//3296 1722//3296 1712//3296
f 274//3297 1723//3297 1716//3297
f 1721//3298 1724//3298 1714//3298
f 1717//3299 1724//3299 455//3299
f 1714//3300 1724//3300 1717//3300
f 1722//3301 1725//3301 1715//3301
f 1715//3302 1725//3302 1718//3302
f 1716//3303 1726//3303 1719//3303
f 1723//3304 1726//3304 1716//3304
f 1718//3305 1727//3305 1720//3305
f 1725//3306 1727//3306 1718//3306
f 1727//3307 1728//3307 1720//3307
f 1720//3308 1728//3308 1721//3308
f 1719//3309 1729//3309 1722//3309
f 1726//3310 1729//3310 1719//3310
f 274//3311 1730//3311 1723//3311
f 1728//3312 1731//3312 1721//3312
f 1721//3313 1731//3313 1724//3313
f 1729//3314 1732//3314 1722//3314
f 1722//3315 1732//3315 1725//3315
f 1723//3316 1733//3316 1726//3316
f 1730//3317 1733//3317 1723//3317
f 1725//3318 1734//3318 1727//3318
f 1732//3319 1734//3319 1725//3319
f 1734//3320 1735//3320 1727//3320
f 1727//3321 1735//3321 1728//3321
f 1726//3322 1736//3322 1729//3322
f 1733//3323 1736//3323 1726//3323
f 274//3324 1737//3324 1730//3324
f 1728//3325 1738//3325 1731//3325
f 1735//3326 1738//3326 1728//3326
f 1729//3327 1739//3327 1732//3327
f 1736//3328 1739//3328 1729//3328
f 1730//3329 1740//3329 1733//3329
f 1737//3330 1740//3330 1730//3330
f 1739//3331 1741//3331 1732//3331
f 1732//3332 1741//3332 1734//3332
f 1734//3333 1742//3333 1735//3333
f 1741//3334 1742//3334 1734//3334
f 1733//3335 1743//3335 1736//3335
f 1740//3336 1743//3336 1733//3336
f 274//3337 1744//3337 1737//3337
f 1735//3338 1745//3338 1738//3338
f 1742//3339 1745//3339 1735//3339
f 455//3340 1746//3340 276//3340
f 1731//3341 1746//3341 1724//3341
f 1738//3342 1746//3342 1731//3342
f 1745//3343 1746//3343 1738//3343
f 1724//3344 1746//3344 455//3344
f 1736//3345 1747//3345 1739//3345
f 1743//3346 1747//3346 1736//3346
f 275//3347 1748//3347 274//3347
f 274//3348 1748//3348 1744//3348
f 1737//3349 1749//3349 1740//3349
f 1744//3350 1749//3350 1737//3350
f 1747//3351 1750//3351 1739//3351
f 1739//3352 1750//3352 1741//3352
f 1741//3353 1751//3353 1742//3353
f 1750//3354 1751//3354 1741//3354
f 1743//3355 1752//3355 1747//3355
f 1740//3356 1752//3356 1743//3356
f 1749//3357 1752//3357 1740//3357
f 275//3358 1753//3358 1748//3358
f 1748//3359 1753//3359 1744//3359
f 1744//3360 1753//3360 1749//3360
f 1742//3361 1754//3361 1745//3361
f 1751//3362 1754//3362 1742//3362
f 1754//3363 1755//3363 1745//3363
f 1746//3364 1755//3364 276//3364
f 1745//3365 1755//3365 1746//3365
f 1752//3366 1756//3366 1747//3366
f 1753//3367 1757//3367 1749//3367
f 280//3368 1757//3368 275//3368
f 1752//3369 1757//3369 1756//3369
f 275//3370 1757//3370 1753//3370
f 1749//3371 1757//3371 1752//3371
f 1756//3372 1758//3372 1747//3372
f 1747//3373 1758//3373 1750//3373
f 1757//3374 1759//3374 1756//3374
f 280//3375 1759//3375 1757//3375
f 1758//3376 1760//3376 1750//3376
f 1750//3377 1760//3377 1751//3377
f 1751//3378 1761//3378 1754//3378
f 1760//3379 1761//3379 1751//3379
f 283//3380 1762//3380 280//3380
f 280//3381 1762//3381 1759//3381
f 1759//3382 1762//3382 1756//3382
f 1756//3383 1762//3383 1758//3383
f 1755//3384 1763//3384 276//3384
f 1761//3385 1763//3385 1754//3385
f 1754//3386 1763//3386 1755//3386
f 284//3387 1764//3387 283//3387
f 283//3388 1764//3388 1762//3388
f 1758//3389 1764//3389 1760//3389
f 1762//3390 1764//3390 1758//3390
f 1760//3391 1765//3391 1761//3391
f 284//3392 1765//3392 1764//3392
f 1761//3393 1765//3393 1763//3393
f 1764//3394 1765//3394 1760//3394
f 276//3395 1766//3395 284//3395
f 1763//3396 1766//3396 276//3396
f 1765//3397 1766//3397 1763//3397
f 284//3398 1766//3398 1765//3398
f 207//3399 193//3399 385//3399
f 385//3400 193//3400 371//3400
f 276//3401 265//3401 455//3401
f 455//3402 265//3402 443//3402
f 212//3403 207//3403 390//3403
f 390//3404 207//3404 385//3404
f 265//3405 252//3405 443//3405
f 443//3406 252//3406 430//3406
f 209//3407 212//3407 387//3407
f 387//3408 212//3408 390//3408
f 252//3409 245//3409 430//3409
f 430//3410 245//3410 423//3410
f 368//3411 1767//3411 369//3411
f 1767//3412 1768//3412 369//3412
f 369//3413 1769//3413 377//3413
f 1768//3414 1769//3414 369//3414
f 368//3415 1770//3415 1767//3415
f 1769//3416 1771//3416 377//3416
f 1767//3417 1772//3417 1768//3417
f 1770//3418 1772//3418 1767//3418
f 377//3419 1773//3419 379//3419
f 1771//3420 1773//3420 377//3420
f 379//3421 1774//3421 383//3421
f 1773//3422 1774//3422 379//3422
f 1768//3423 1775//3423 1769//3423
f 1772//3424 1775//3424 1768//3424
f 368//3425 1776//3425 1770//3425
f 383//3426 1777//3426 387//3426
f 1774//3427 1777//3427 383//3427
f 1769//3428 1778//3428 1771//3428
f 1775//3429 1778//3429 1769//3429
f 1770//3430 1779//3430 1772//3430
f 1776//3431 1779//3431 1770//3431
f 1778//3432 1780//3432 1771//3432
f 1771//3433 1780//3433 1773//3433
f 1773//3434 1781//3434 1774//3434
f 1780//3435 1781//3435 1773//3435
f 1772//3436 1782//3436 1775//3436
f 1779//3437 1782//3437 1772//3437
f 368//3438 1783//3438 1776//3438
f 1777//3439 1784//3439 387//3439
f 1774//3440 1784//3440 1777//3440
f 1781//3441 1784//3441 1774//3441
f 1775//3442 1785//3442 1778//3442
f 1782//3443 1785//3443 1775//3443
f 1776//3444 1786//3444 1779//3444
f 1783//3445 1786//3445 1776//3445
f 1778//3446 1787//3446 1780//3446
f 1785//3447 1787//3447 1778//3447
f 1780//3448 1788//3448 1781//3448
f 1787//3449 1788//3449 1780//3449
f 1779//3450 1789//3450 1782//3450
f 1786//3451 1789//3451 1779//3451
f 190//3452 1790//3452 368//3452
f 368//3453 1790//3453 1783//3453
f 1784//3454 1791//3454 387//3454
f 1781//3455 1791//3455 1784//3455
f 1788//3456 1791//3456 1781//3456
f 1782//3457 1792//3457 1785//3457
f 1789//3458 1792//3458 1782//3458
f 1783//3459 1793//3459 1786//3459
f 1790//3460 1793//3460 1783//3460
f 1785//3461 1794//3461 1787//3461
f 1792//3462 1794//3462 1785//3462
f 1794//3463 1795//3463 1787//3463
f 1787//3464 1795//3464 1788//3464
f 1786//3465 1796//3465 1789//3465
f 1793//3466 1796//3466 1786//3466
f 190//3467 1797//3467 1790//3467
f 1795//3468 1798//3468 1788//3468
f 1791//3469 1798//3469 387//3469
f 1788//3470 1798//3470 1791//3470
f 1792//3471 1799//3471 1794//3471
f 1796//3472 1799//3472 1789//3472
f 1789//3473 1799//3473 1792//3473
f 1790//3474 1800//3474 1793//3474
f 1797//3475 1800//3475 1790//3475
f 1799//3476 1801//3476 1794//3476
f 1801//3477 1802//3477 1794//3477
f 1794//3478 1802//3478 1795//3478
f 1793//3479 1803//3479 1796//3479
f 1800//3480 1803//3480 1793//3480
f 190//3481 1804//3481 1797//3481
f 1802//3482 1805//3482 1795//3482
f 1795//3483 1805//3483 1798//3483
f 1803//3484 1806//3484 1796//3484
f 1796//3485 1806//3485 1799//3485
f 1797//3486 1807//3486 1800//3486
f 1804//3487 1807//3487 1797//3487
f 1799//3488 1808//3488 1801//3488
f 1801//3489 1808//3489 1802//3489
f 1806//3490 1808//3490 1799//3490
f 1808//3491 1809//3491 1802//3491
f 1807//3492 1810//3492 1800//3492
f 1800//3493 1810//3493 1803//3493
f 190//3494 1811//3494 1804//3494
f 1802//3495 1812//3495 1805//3495
f 1809//3496 1812//3496 1802//3496
f 1810//3497 1813//3497 1803//3497
f 1803//3498 1813//3498 1806//3498
f 1804//3499 1814//3499 1807//3499
f 1811//3500 1814//3500 1804//3500
f 1813//3501 1815//3501 1806//3501
f 1806//3502 1815//3502 1808//3502
f 1808//3503 1816//3503 1809//3503
f 1809//3504 1816//3504 1812//3504
f 1815//3505 1816//3505 1808//3505
f 1807//3506 1817//3506 1810//3506
f 1814//3507 1817//3507 1807//3507
f 190//3508 1818//3508 1811//3508
f 1816//3509 1819//3509 1812//3509
f 1812//3510 1820//3510 1805//3510
f 387//3511 1820//3511 209//3511
f 1805//3512 1820//3512 1798//3512
f 1798//3513 1820//3513 387//3513
f 1819//3514 1820//3514 1812//3514
f 1817//3515 1821//3515 1810//3515
f 1810//3516 1821//3516 1813//3516
f 191//3517 1822//3517 190//3517
f 190//3518 1822//3518 1818//3518
f 1811//3519 1823//3519 1814//3519
f 1814//3520 1823//3520 1817//3520
f 1818//3521 1823//3521 1811//3521
f 1821//3522 1824//3522 1813//3522
f 1813//3523 1824//3523 1815//3523
f 1815//3524 1825//3524 1816//3524
f 1816//3525 1825//3525 1819//3525
f 1824//3526 1825//3526 1815//3526
f 1823//3527 1826//3527 1817//3527
f 191//3528 1827//3528 1822//3528
f 1822//3529 1827//3529 1818//3529
f 1818//3530 1827//3530 1823//3530
f 1825//3531 1828//3531 1819//3531
f 1828//3532 1829//3532 1819//3532
f 1820//3533 1829//3533 209//3533
f 1819//3534 1829//3534 1820//3534
f 1821//3535 1830//3535 1824//3535
f 1817//3536 1830//3536 1821//3536
f 1826//3537 1830//3537 1817//3537
f 1827//3538 1831//3538 1823//3538
f 199//3539 1831//3539 191//3539
f 191//3540 1831//3540 1827//3540
f 1823//3541 1831//3541 1826//3541
f 1830//3542 1832//3542 1824//3542
f 1826//3543 1833//3543 1830//3543
f 1831//3544 1833//3544 1826//3544
f 1830//3545 1833//3545 1832//3545
f 199//3546 1833//3546 1831//3546
f 1832//3547 1834//3547 1824//3547
f 1824//3548 1834//3548 1825//3548
f 1825//3549 1835//3549 1828//3549
f 1834//3550 1835//3550 1825//3550
f 201//3551 1836//3551 199//3551
f 199//3552 1836//3552 1833//3552
f 1833//3553 1836//3553 1832//3553
f 1828//3554 1837//3554 1829//3554
f 1829//3555 1837//3555 209//3555
f 1835//3556 1837//3556 1828//3556
f 205//3557 1838//3557 201//3557
f 201//3558 1838//3558 1836//3558
f 1832//3559 1838//3559 1834//3559
f 1834//3560 1838//3560 1835//3560
f 1836//3561 1838//3561 1832//3561
f 205//3562 1839//3562 1838//3562
f 1838//3563 1839//3563 1835//3563
f 209//3564 1840//3564 205//3564
f 1837//3565 1840//3565 209//3565
f 205//3566 1840//3566 1839//3566
f 1835//3567 1840//3567 1837//3567
f 1839//3568 1840//3568 1835//3568
f 423//3569 1841//3569 421//3569
f 1841//3570 1842//3570 421//3570
f 1842//3571 1843//3571 421//3571
f 421//3572 1844//3572 413//3572
f 1843//3573 1844//3573 421//3573
f 1844//3574 1845//3574 413//3574
f 423//3575 1846//3575 1841//3575
f 1846//3576 1847//3576 1841//3576
f 1841//3577 1847//3577 1842//3577
f 413//3578 1848//3578 407//3578
f 1845//3579 1848//3579 413//3579
f 1842//3580 1849//3580 1843//3580
f 1847//3581 1849//3581 1842//3581
f 1843//3582 1850//3582 1844//3582
f 1849//3583 1850//3583 1843//3583
f 407//3584 1851//3584 399//3584
f 1848//3585 1851//3585 407//3585
f 1844//3586 1852//3586 1845//3586
f 1850//3587 1852//3587 1844//3587
f 423//3588 1853//3588 1846//3588
f 1846//3589 1854//3589 1847//3589
f 1853//3590 1854//3590 1846//3590
f 399//3591 1855//3591 400//3591
f 1851//3592 1855//3592 399//3592
f 1852//3593 1856//3593 1845//3593
f 1845//3594 1856//3594 1848//3594
f 1854//3595 1857//3595 1847//3595
f 1847//3596 1857//3596 1849//3596
f 1849//3597 1858//3597 1850//3597
f 1857//3598 1858//3598 1849//3598
f 1848//3599 1859//3599 1851//3599
f 1856//3600 1859//3600 1848//3600
f 1850//3601 1860//3601 1852//3601
f 1858//3602 1860//3602 1850//3602
f 423//3603 1861//3603 1853//3603
f 1853//3604 1862//3604 1854//3604
f 1861//3605 1862//3605 1853//3605
f 1855//3606 1863//3606 400//3606
f 1851//3607 1863//3607 1855//3607
f 1859//3608 1863//3608 1851//3608
f 1852//3609 1864//3609 1856//3609
f 1860//3610 1864//3610 1852//3610
f 1854//3611 1865//3611 1857//3611
f 1862//3612 1865//3612 1854//3612
f 1857//3613 1866//3613 1858//3613
f 1865//3614 1866//3614 1857//3614
f 1856//3615 1867//3615 1859//3615
f 1864//3616 1867//3616 1856//3616
f 1858//3617 1868//3617 1860//3617
f 1866//3618 1868//3618 1858//3618
f 245//3619 1869//3619 423//3619
f 423//3620 1869//3620 1861//3620
f 1869//3621 1870//3621 1861//3621
f 1861//3622 1870//3622 1862//3622
f 1867//3623 1871//3623 1859//3623
f 1863//3624 1871//3624 400//3624
f 1859//3625 1871//3625 1863//3625
f 1868//3626 1872//3626 1860//3626
f 1860//3627 1872//3627 1864//3627
f 1870//3628 1873//3628 1862//3628
f 1862//3629 1873//3629 1865//3629
f 1873//3630 1874//3630 1865//3630
f 1865//3631 1874//3631 1866//3631
f 1864//3632 1875//3632 1867//3632
f 1872//3633 1875//3633 1864//3633
f 1866//3634 1876//3634 1868//3634
f 1874//3635 1876//3635 1866//3635
f 1868//3636 1876//3636 1872//3636
f 245//3637 1877//3637 1869//3637
f 1877//3638 1878//3638 1869//3638
f 1869//3639 1878//3639 1870//3639
f 1875//3640 1879//3640 1867//3640
f 1871//3641 1879//3641 400//3641
f 1867//3642 1879//3642 1871//3642
f 1876//3643 1880//3643 1872//3643
f 1870//3644 1881//3644 1873//3644
f 1873//3645 1881//3645 1874//3645
f 1878//3646 1881//3646 1870//3646
f 1881//3647 1882//3647 1874//3647
f 1872//3648 1883//3648 1875//3648
f 1880//3649 1883//3649 1872//3649
f 1874//3650 1884//3650 1876//3650
f 1882//3651 1884//3651 1874//3651
f 245//3652 1885//3652 1877//3652
f 1877//3653 1885//3653 1878//3653
f 1885//3654 1886//3654 1878//3654
f 400//3655 1887//3655 221//3655
f 1875//3656 1887//3656 1879//3656
f 1879//3657 1887//3657 400//3657
f 1883//3658 1887//3658 1875//3658
f 1876//3659 1888//3659 1880//3659
f 1884//3660 1888//3660 1876//3660
f 1886//3661 1889//3661 1878//3661
f 1878//3662 1889//3662 1881//3662
f 1881//3663 1889//3663 1882//3663
f 1889//3664 1890//3664 1882//3664
f 1880//3665 1891//3665 1883//3665
f 1883//3666 1891//3666 1887//3666
f 1888//3667 1891//3667 1880//3667
f 1882//3668 1892//3668 1884//3668
f 1890//3669 1892//3669 1882//3669
f 245//3670 1893//3670 1885//3670
f 1885//3671 1894//3671 1886//3671
f 1893//3672 1894//3672 1885//3672
f 1887//3673 1895//3673 221//3673
f 1891//3674 1895//3674 1887//3674
f 1892//3675 1896//3675 1884//3675
f 1884//3676 1896//3676 1888//3676
f 1894//3677 1897//3677 1886//3677
f 1886//3678 1897//3678 1889//3678
f 1889//3679 1898//3679 1890//3679
f 1897//3680 1898//3680 1889//3680
f 1896//3681 1899//3681 1888//3681
f 1888//3682 1899//3682 1891//3682
f 1890//3683 1900//3683 1892//3683
f 1898//3684 1900//3684 1890//3684
f 245//3685 1901//3685 1893//3685
f 1893//3686 1902//3686 1894//3686
f 1901//3687 1902//3687 1893//3687
f 1895//3688 1903//3688 221//3688
f 1891//3689 1903//3689 1895//3689
f 1899//3690 1903//3690 1891//3690
f 1892//3691 1904//3691 1896//3691
f 1900//3692 1904//3692 1892//3692
f 1902//3693 1905//3693 1894//3693
f 1894//3694 1905//3694 1897//3694
f 243//3695 1906//3695 245//3695
f 245//3696 1906//3696 1901//3696
f 1905//3697 1907//3697 1897//3697
f 1897//3698 1907//3698 1898//3698
f 1901//3699 1908//3699 1902//3699
f 1906//3700 1908//3700 1901//3700
f 243//3701 1908//3701 1906//3701
f 1904//3702 1909//3702 1896//3702
f 1896//3703 1909//3703 1899//3703
f 1902//3704 1910//3704 1905//3704
f 1908//3705 1910//3705 1902//3705
f 243//3706 1910//3706 1908//3706
f 1907//3707 1911//3707 1898//3707
f 1898//3708 1911//3708 1900//3708
f 1910//3709 1912//3709 1905//3709
f 235//3710 1912//3710 243//3710
f 1905//3711 1912//3711 1907//3711
f 243//3712 1912//3712 1910//3712
f 1899//3713 1913//3713 1903//3713
f 1909//3714 1913//3714 1899//3714
f 1903//3715 1913//3715 221//3715
f 1911//3716 1914//3716 1900//3716
f 1900//3717 1914//3717 1904//3717
f 1907//3718 1915//3718 1911//3718
f 235//3719 1915//3719 1912//3719
f 1912//3720 1915//3720 1907//3720
f 1914//3721 1916//3721 1904//3721
f 1904//3722 1916//3722 1909//3722
f 1911//3723 1917//3723 1914//3723
f 229//3724 1917//3724 235//3724
f 1915//3725 1917//3725 1911//3725
f 235//3726 1917//3726 1915//3726
f 222//3727 1918//3727 229//3727
f 229//3728 1918//3728 1917//3728
f 1914//3729 1918//3729 1916//3729
f 1917//3730 1918//3730 1914//3730
f 1913//3731 1919//3731 221//3731
f 1909//3732 1919//3732 1913//3732
f 1916//3733 1919//3733 1909//3733
f 1918//3734 1919//3734 1916//3734
f 221//3735 1920//3735 222//3735
f 222//3736 1920//3736 1918//3736
f 1919//3737 1920//3737 221//3737
f 1918//3738 1920//3738 1919//3738
f 188//3739 190//3739 367//3739
f 367//3740 190//3740 368//3740
f 221//3741 223//3741 400//3741
f 400//3742 223//3742 401//3742
f 386//3743 1921//3743 382//3743
f 1921//3744 1922//3744 382//3744
f 1922//3745 1923//3745 382//3745
f 382//3746 1924//3746 378//3746
f 1923//3747 1924//3747 382//3747
f 1924//3748 1925//3748 378//3748
f 386//3749 1926//3749 1921//3749
f 1926//3750 1927//3750 1921//3750
f 1921//3751 1927//3751 1922//3751
f 378//3752 1928//3752 376//3752
f 1925//3753 1928//3753 378//3753
f 1922//3754 1929//3754 1923//3754
f 1927//3755 1929//3755 1922//3755
f 1923//3756 1930//3756 1924//3756
f 1929//3757 1930//3757 1923//3757
f 376//3758 1931//3758 366//3758
f 1928//3759 1931//3759 376//3759
f 1924//3760 1932//3760 1925//3760
f 1930//3761 1932//3761 1924//3761
f 386//3762 1933//3762 1926//3762
f 1926//3763 1934//3763 1927//3763
f 1933//3764 1934//3764 1926//3764
f 366//3765 1935//3765 367//3765
f 1931//3766 1935//3766 366//3766
f 1932//3767 1936//3767 1925//3767
f 1925//3768 1936//3768 1928//3768
f 1934//3769 1937//3769 1927//3769
f 1927//3770 1937//3770 1929//3770
f 1929//3771 1938//3771 1930//3771
f 1937//3772 1938//3772 1929//3772
f 1928//3773 1939//3773 1931//3773
f 1936//3774 1939//3774 1928//3774
f 1930//3775 1940//3775 1932//3775
f 1938//3776 1940//3776 1930//3776
f 386//3777 1941//3777 1933//3777
f 1933//3778 1942//3778 1934//3778
f 1941//3779 1942//3779 1933//3779
f 1935//3780 1943//3780 367//3780
f 1931//3781 1943//3781 1935//3781
f 1939//3782 1943//3782 1931//3782
f 1932//3783 1944//3783 1936//3783
f 1940//3784 1944//3784 1932//3784
f 1934//3785 1945//3785 1937//3785
f 1942//3786 1945//3786 1934//3786
f 1937//3787 1946//3787 1938//3787
f 1945//3788 1946//3788 1937//3788
f 1936//3789 1947//3789 1939//3789
f 1944//3790 1947//3790 1936//3790
f 1938//3791 1948//3791 1940//3791
f 1946//3792 1948//3792 1938//3792
f 208//3793 1949//3793 386//3793
f 386//3794 1949//3794 1941//3794
f 1949//3795 1950//3795 1941//3795
f 1941//3796 1950//3796 1942//3796
f 1947//3797 1951//3797 1939//3797
f 1943//3798 1951//3798 367//3798
f 1939//3799 1951//3799 1943//3799
f 1948//3800 1952//3800 1940//3800
f 1940//3801 1952//3801 1944//3801
f 1950//3802 1953//3802 1942//3802
f 1942//3803 1953//3803 1945//3803
f 1953//3804 1954//3804 1945//3804
f 1945//3805 1954//3805 1946//3805
f 1944//3806 1955//3806 1947//3806
f 1952//3807 1955//3807 1944//3807
f 1946//3808 1956//3808 1948//3808
f 1954//3809 1956//3809 1946//3809
f 1948//3810 1956//3810 1952//3810
f 208//3811 1957//3811 1949//3811
f 1957//3812 1958//3812 1949//3812
f 1949//3813 1958//3813 1950//3813
f 1955//3814 1959//3814 1947//3814
f 1951//3815 1959//3815 367//3815
f 1947//3816 1959//3816 1951//3816
f 1956//3817 1960//3817 1952//3817
f 1950//3818 1961//3818 1953//3818
f 1953//3819 1961//3819 1954//3819
f 1958//3820 1961//3820 1950//3820
f 1961//3821 1962//3821 1954//3821
f 1952//3822 1963//3822 1955//3822
f 1960//3823 1963//3823 1952//3823
f 1954//3824 1964//3824 1956//3824
f 1962//3825 1964//3825 1954//3825
f 208//3826 1965//3826 1957//3826
f 1957//3827 1965//3827 1958//3827
f 1965//3828 1966//3828 1958//3828
f 367//3829 1967//3829 188//3829
f 1955//3830 1967//3830 1959//3830
f 1959//3831 1967//3831 367//3831
f 1963//3832 1967//3832 1955//3832
f 1956//3833 1968//3833 1960//3833
f 1964//3834 1968//3834 1956//3834
f 1966//3835 1969//3835 1958//3835
f 1958//3836 1969//3836 1961//3836
f 1961//3837 1969//3837 1962//3837
f 1969//3838 1970//3838 1962//3838
f 1960//3839 1971//3839 1963//3839
f 1963//3840 1971//3840 1967//3840
f 1968//3841 1971//3841 1960//3841
f 1962//3842 1972//3842 1964//3842
f 1970//3843 1972//3843 1962//3843
f 208//3844 1973//3844 1965//3844
f 1965//3845 1974//3845 1966//3845
f 1973//3846 1974//3846 1965//3846
f 1967//3847 1975//3847 188//3847
f 1971//3848 1975//3848 1967//3848
f 1972//3849 1976//3849 1964//3849
f 1964//3850 1976//3850 1968//3850
f 1974//3851 1977//3851 1966//3851
f 1966//3852 1977//3852 1969//3852
f 1969//3853 1978//3853 1970//3853
f 1977//3854 1978//3854 1969//3854
f 1976//3855 1979//3855 1968//3855
f 1968//3856 1979//3856 1971//3856
f 1970//3857 1980//3857 1972//3857
f 1978//3858 1980//3858 1970//3858
f 208//3859 1981//3859 1973//3859
f 1973//3860 1982//3860 1974//3860
f 1981//3861 1982//3861 1973//3861
f 1975//3862 1983//3862 188//3862
f 1971//3863 1983//3863 1975//3863
f 1979//3864 1983//3864 1971//3864
f 1972//3865 1984//3865 1976//3865
f 1980//3866 1984//3866 1972//3866
f 1982//3867 1985//3867 1974//3867
f 1974//3868 1985//3868 1977//3868
f 204//3869 1986//3869 208//3869
f 208//3870 1986//3870 1981//3870
f 1985//3871 1987//3871 1977//3871
f 1977//3872 1987//3872 1978//3872
f 1981//3873 1988//3873 1982//3873
f 1986//3874 1988//3874 1981//3874
f 204//3875 1988//3875 1986//3875
f 1984//3876 1989//3876 1976//3876
f 1976//3877 1989//3877 1979//3877
f 1982//3878 1990//3878 1985//3878
f 1988//3879 1990//3879 1982//3879
f 204//3880 1990//3880 1988//3880
f 1987//3881 1991//3881 1978//3881
f 1978//3882 1991//3882 1980//3882
f 1990//3883 1992//3883 1985//3883
f 200//3884 1992//3884 204//3884
f 1985//3885 1992//3885 1987//3885
f 204//3886 1992//3886 1990//3886
f 1979//3887 1993//3887 1983//3887
f 1989//3888 1993//3888 1979//3888
f 1983//3889 1993//3889 188//3889
f 1991//3890 1994//3890 1980//3890
f 1980//3891 1994//3891 1984//3891
f 1987//3892 1995//3892 1991//3892
f 200//3893 1995//3893 1992//3893
f 1992//3894 1995//3894 1987//3894
f 1994//3895 1996//3895 1984//3895
f 1984//3896 1996//3896 1989//3896
f 1991//3897 1997//3897 1994//3897
f 198//3898 1997//3898 200//3898
f 1995//3899 1997//3899 1991//3899
f 200//3900 1997//3900 1995//3900
f 189//3901 1998//3901 198//3901
f 198//3902 1998//3902 1997//3902
f 1994//3903 1998//3903 1996//3903
f 1997//3904 1998//3904 1994//3904
f 1993//3905 1999//3905 188//3905
f 1989//3906 1999//3906 1993//3906
f 1996//3907 1999//3907 1989//3907
f 1998//3908 1999//3908 1996//3908
f 188//3909 2000//3909 189//3909
f 189//3910 2000//3910 1998//3910
f 1999//3911 2000//3911 188//3911
f 1998//3912 2000//3912 1999//3912
f 401//3913 2001//3913 402//3913
f 2001//3914 2002//3914 402//3914
f 402//3915 2003//3915 408//3915
f 2002//3916 2003//3916 402//3916
f 401//3917 2004//3917 2001//3917
f 2003//3918 2005//3918 408//3918
f 2001//3919 2006//3919 2002//3919
f 2004//3920 2006//3920 2001//3920
f 408//3921 2007//3921 414//3921
f 2005//3922 2007//3922 408//3922
f 414//3923 2008//3923 422//3923
f 2007//3924 2008//3924 414//3924
f 2002//3925 2009//3925 2003//3925
f 2006//3926 2009//3926 2002//3926
f 401//3927 2010//3927 2004//3927
f 422//3928 2011//3928 424//3928
f 2008//3929 2011//3929 422//3929
f 2003//3930 2012//3930 2005//3930
f 2009//3931 2012//3931 2003//3931
f 2004//3932 2013//3932 2006//3932
f 2010//3933 2013//3933 2004//3933
f 2012//3934 2014//3934 2005//3934
f 2005//3935 2014//3935 2007//3935
f 2007//3936 2015//3936 2008//3936
f 2008//3937 2015//3937 2011//3937
f 2014//3938 2015//3938 2007//3938
f 2006//3939 2016//3939 2009//3939
f 2013//3940 2016//3940 2006//3940
f 401//3941 2017//3941 2010//3941
f 2011//3942 2018//3942 424//3942
f 2015//3943 2018//3943 2011//3943
f 2009//3944 2019//3944 2012//3944
f 2016//3945 2019//3945 2009//3945
f 2010//3946 2020//3946 2013//3946
f 2017//3947 2020//3947 2010//3947
f 2012//3948 2021//3948 2014//3948
f 2019//3949 2021//3949 2012//3949
f 2014//3950 2022//3950 2015//3950
f 2015//3951 2022//3951 2018//3951
f 2021//3952 2022//3952 2014//3952
f 2013//3953 2023//3953 2016//3953
f 2020//3954 2023//3954 2013//3954
f 223//3955 2024//3955 401//3955
f 401//3956 2024//3956 2017//3956
f 2017//3957 2024//3957 2020//3957
f 2018//3958 2025//3958 424//3958
f 2022//3959 2025//3959 2018//3959
f 2016//3960 2026//3960 2019//3960
f 2023//3961 2026//3961 2016//3961
f 2024//3962 2027//3962 2020//3962
f 2019//3963 2028//3963 2021//3963
f 2026//3964 2028//3964 2019//3964
f 2028//3965 2029//3965 2021//3965
f 2021//3966 2029//3966 2022//3966
f 2022//3967 2029//3967 2025//3967
f 2020//3968 2030//3968 2023//3968
f 2027//3969 2030//3969 2020//3969
f 223//3970 2031//3970 2024//3970
f 2025//3971 2032//3971 424//3971
f 2029//3972 2032//3972 2025//3972
f 2030//3973 2033//3973 2023//3973
f 2026//3974 2033//3974 2028//3974
f 2023//3975 2033//3975 2026//3975
f 2024//3976 2034//3976 2027//3976
f 2031//3977 2034//3977 2024//3977
f 2033//3978 2035//3978 2028//3978
f 2035//3979 2036//3979 2028//3979
f 2029//3980 2036//3980 2032//3980
f 2028//3981 2036//3981 2029//3981
f 2034//3982 2037//3982 2027//3982
f 2027//3983 2037//3983 2030//3983
f 223//3984 2038//3984 2031//3984
f 2036//3985 2039//3985 2032//3985
f 2030//3986 2040//3986 2033//3986
f 2033//3987 2040//3987 2035//3987
f 2037//3988 2040//3988 2030//3988
f 2031//3989 2041//3989 2034//3989
f 2038//3990 2041//3990 2031//3990
f 2040//3991 2042//3991 2035//3991
f 2035//3992 2043//3992 2036//3992
f 2042//3993 2043//3993 2035//3993
f 2034//3994 2044//3994 2037//3994
f 2041//3995 2044//3995 2034//3995
f 223//3996 2045//3996 2038//3996
f 2036//3997 2046//3997 2039//3997
f 2043//3998 2046//3998 2036//3998
f 2037//3999 2047//3999 2040//3999
f 2044//4000 2047//4000 2037//4000
f 2038//4001 2048//4001 2041//4001
f 2045//4002 2048//4002 2038//4002
f 2040//4003 2049//4003 2042//4003
f 2047//4004 2049//4004 2040//4004
f 2042//4005 2050//4005 2043//4005
f 2049//4006 2050//4006 2042//4006
f 2041//4007 2051//4007 2044//4007
f 2048//4008 2051//4008 2041//4008
f 223//4009 2052//4009 2045//4009
f 2043//4010 2053//4010 2046//4010
f 2050//4011 2053//4011 2043//4011
f 424//4012 2054//4012 246//4012
f 2032//4013 2054//4013 424//4013
f 2039//4014 2054//4014 2032//4014
f 2053//4015 2054//4015 2046//4015
f 2046//4016 2054//4016 2039//4016
f 2051//4017 2055//4017 2044//4017
f 2044//4018 2055//4018 2047//4018
f 224//4019 2056//4019 223//4019
f 223//4020 2056//4020 2052//4020
f 2048//4021 2057//4021 2051//4021
f 2045//4022 2057//4022 2048//4022
f 2052//4023 2057//4023 2045//4023
f 2055//4024 2058//4024 2047//4024
f 2047//4025 2058//4025 2049//4025
f 2049//4026 2059//4026 2050//4026
f 2058//4027 2059//4027 2049//4027
f 2057//4028 2060//4028 2051//4028
f 224//4029 2061//4029 2056//4029
f 2056//4030 2061//4030 2052//4030
f 2052//4031 2061//4031 2057//4031
f 2050//4032 2062//4032 2053//4032
f 2053//4033 2062//4033 2054//4033
f 2059//4034 2062//4034 2050//4034
f 2054//4035 2063//4035 246//4035
f 2062//4036 2063//4036 2054//4036
f 2051//4037 2064//4037 2055//4037
f 2060//4038 2064//4038 2051//4038
f 2061//4039 2065//4039 2057//4039
f 230//4040 2065//4040 224//4040
f 224//4041 2065//4041 2061//4041
f 2057//4042 2065//4042 2060//4042
f 2064//4043 2066//4043 2055//4043
f 2055//4044 2066//4044 2058//4044
f 2060//4045 2067//4045 2064//4045
f 2065//4046 2067//4046 2060//4046
f 230//4047 2067//4047 2065//4047
f 2066//4048 2068//4048 2058//4048
f 2058//4049 2068//4049 2059//4049
f 2059//4050 2069//4050 2062//4050
f 2062//4051 2069//4051 2063//4051
f 2068//4052 2069//4052 2059//4052
f 236//4053 2070//4053 230//4053
f 230//4054 2070//4054 2067//4054
f 2067//4055 2070//4055 2064//4055
f 2064//4056 2070//4056 2066//4056
f 2069//4057 2071//4057 2063//4057
f 2063//4058 2071//4058 246//4058
f 244//4059 2072//4059 236//4059
f 2070//4060 2072//4060 2066//4060
f 236//4061 2072//4061 2070//4061
f 2066//4062 2072//4062 2068//4062
f 2069//4063 2073//4063 2071//4063
f 2068//4064 2073//4064 2069//4064
f 244//4065 2073//4065 2072//4065
f 2072//4066 2073//4066 2068//4066
f 246//4067 2074//4067 244//4067
f 2071//4068 2074//4068 246//4068
f 244//4069 2074//4069 2073//4069
f 2073//4070 2074//4070 2071//4070
f 218//4071 208//4071 396//4071
f 396//4072 208//4072 386//4072
f 246//4073 242//4073 424//4073
f 424//4074 242//4074 420//4074
f 242//4075 218//4075 420//4075
f 420//4076 218//4076 396//4076
f 483//4077 488//4077 305//4077
f 305//4078 488//4078 310//4078
f 310//4079 489//4079 311//4079
f 488//4080 489//4080 310//4080
f 311//4081 500//4081 322//4081
f 489//4082 500//4082 311//4082
f 322//4083 510//4083 331//4083
f 500//4084 510//4084 322//4084
f 331//4085 508//4085 330//4085
f 330//4086 508//4086 328//4086
f 510//4087 508//4087 331//4087
f 508//4088 507//4088 328//4088
f 507//4089 491//4089 328//4089
f 328//4090 491//4090 313//4090
f 491//4091 486//4091 313//4091
f 313//4092 486//4092 308//4092
f 486//4093 485//4093 308//4093
f 308//4094 485//4094 307//4094
f 485//4095 480//4095 307//4095
f 307//4096 480//4096 302//4096
f 480//4097 459//4097 302//4097
f 302//4098 459//4098 281//4098
f 459//4099 456//4099 281//4099
f 281//4100 456//4100 278//4100
f 278//4101 456//4101 268//4101
f 456//4102 446//4102 268//4102
f 446//4103 445//4103 268//4103
f 268//4104 445//4104 267//4104
f 445//4105 442//4105 267//4105
f 267//4106 442//4106 264//4106
f 264//4107 442//4107 258//4107
f 442//4108 436//4108 258//4108
f 436//4109 429//4109 258//4109
f 258//4110 429//4110 251//4110
f 429//4111 419//4111 251//4111
f 251//4112 419//4112 241//4112
f 419//4113 412//4113 241//4113
f 241//4114 412//4114 234//4114
f 412//4115 410//4115 234//4115
f 234//4116 410//4116 232//4116
f 232//4117 410//4117 228//4117
f 228//4118 406//4118 226//4118
f 410//4119 406//4119 228//4119
f 406//4120 404//4120 226//4120
f 226//4121 403//4121 225//4121
f 225//4122 403//4122 227//4122
f 404//4123 403//4123 226//4123
f 403//4124 405//4124 227//4124
f 227//4125 409//4125 231//4125
f 231//4126 409//4126 233//4126
f 405//4127 409//4127 227//4127
f 409//4128 411//4128 233//4128
f 233//4129 418//4129 240//4129
f 411//4130 418//4130 233//4130
f 240//4131 427//4131 249//4131
f 418//4132 427//4132 240//4132
f 249//4133 435//4133 257//4133
f 427//4134 435//4134 249//4134
f 257//4135 441//4135 263//4135
f 263//4136 441//4136 266//4136
f 435//4137 441//4137 257//4137
f 441//4138 444//4138 266//4138
f 444//4139 448//4139 266//4139
f 266//4140 448//4140 270//4140
f 448//4141 449//4141 270//4141
f 270//4142 449//4142 271//4142
f 449//4143 466//4143 271//4143
f 271//4144 466//4144 287//4144
f 287//4145 466//4145 304//4145
f 466//4146 482//4146 304//4146
f 304//4147 482//4147 305//4147
f 482//4148 483//4148 305//4148
