# Created by FreeCAD <https://www.freecad.org>
v 6.296614 -0.206533 0.000000
v 6.296614 0.206533 0.000000
v 6.296614 -0.206533 3.000000
v 6.296614 0.206533 3.000000
v 5.330769 -0.521822 3.000000
v 5.376258 -0.522308 2.842105
v 5.440542 -0.517701 3.000000
v 5.433010 -0.518468 2.842105
v 5.511950 -0.507978 2.842105
v 5.651821 -0.478299 3.000000
v 5.612358 -0.487944 2.842105
v 5.376258 -0.522308 2.526316
v 5.733230 -0.455542 2.842105
v 5.883483 -0.404199 3.000000
v 5.433010 -0.518468 2.526316
v 5.511950 -0.507978 2.526316
v 5.873289 -0.408047 2.842105
v 5.612358 -0.487944 2.526316
v 5.376258 -0.522308 2.210526
v 5.733230 -0.455542 2.526316
v 6.030989 -0.342853 2.842105
v 5.433010 -0.518468 2.210526
v 5.511950 -0.507978 2.210526
v 5.873289 -0.408047 2.526316
v 5.612358 -0.487944 2.210526
v 6.204531 -0.257497 2.842105
v 5.376258 -0.522308 1.894737
v 5.733230 -0.455542 2.210526
v 6.030989 -0.342853 2.526316
v 5.433010 -0.518468 1.894737
v 5.511950 -0.507978 1.894737
v 5.873289 -0.408047 2.210526
v 5.612358 -0.487944 1.894737
v 6.204531 -0.257497 2.526316
v 5.330769 -0.521822 0.000000
v 5.376258 -0.522308 1.578947
v 5.733230 -0.455542 1.894737
v 6.030989 -0.342853 2.210526
v 5.433010 -0.518468 1.578947
v 5.511950 -0.507978 1.578947
v 5.873289 -0.408047 1.894737
v 5.612358 -0.487944 1.578947
v 6.204531 -0.257497 2.210526
v 5.376258 -0.522308 1.263158
v 5.733230 -0.455542 1.578947
v 6.030989 -0.342853 1.894737
v 5.433010 -0.518468 1.263158
v 5.511950 -0.507978 1.263158
v 5.873289 -0.408047 1.578947
v 5.612358 -0.487944 1.263158
v 6.204531 -0.257497 1.894737
v 5.376258 -0.522308 0.947368
v 5.733230 -0.455542 1.263158
v 6.030989 -0.342853 1.578947
v 5.433010 -0.518468 0.947368
v 5.511950 -0.507978 0.947368
v 5.873289 -0.408047 1.263158
v 5.612358 -0.487944 0.947368
v 6.204531 -0.257497 1.578947
v 5.376258 -0.522308 0.631579
v 5.733230 -0.455542 0.947368
v 6.030989 -0.342853 1.263158
v 5.433010 -0.518468 0.631579
v 5.511950 -0.507978 0.631579
v 5.873289 -0.408047 0.947368
v 5.612358 -0.487944 0.631579
v 6.204531 -0.257497 1.263158
v 5.376258 -0.522308 0.315789
v 5.733230 -0.455542 0.631579
v 6.030989 -0.342853 0.947368
v 5.433010 -0.518468 0.315789
v 5.511950 -0.507978 0.315789
v 5.440542 -0.517701 0.000000
v 5.376258 -0.522308 0.157895
v 5.873289 -0.408047 0.631579
v 5.433010 -0.518468 0.157895
v 5.612358 -0.487944 0.315789
v 6.204531 -0.257497 0.947368
v 5.511950 -0.507978 0.157895
v 5.651821 -0.478299 0.000000
v 5.733230 -0.455542 0.315789
v 6.030989 -0.342853 0.631579
v 5.612358 -0.487944 0.157895
v 5.873289 -0.408047 0.315789
v 5.883483 -0.404199 0.000000
v 5.733230 -0.455542 0.157895
v 6.204531 -0.257497 0.631579
v 5.873289 -0.408047 0.157895
v 6.030989 -0.342853 0.315789
v 6.030989 -0.342853 0.157895
v 6.204531 -0.257497 0.315789
v 6.204531 -0.257497 0.157895
v 6.115902 0.302843 2.842105
v 5.885410 0.403466 3.000000
v 5.950040 0.377820 2.842105
v 6.115902 0.302843 2.526316
v 5.800951 0.433847 2.842105
v 5.613128 0.487765 3.000000
v 5.670310 0.473462 2.842105
v 5.950040 0.377820 2.526316
v 5.559527 0.499332 2.842105
v 5.457543 0.515776 3.000000
v 6.115902 0.302843 2.210526
v 5.800951 0.433847 2.526316
v 5.469745 0.514237 2.842105
v 5.401826 0.521036 2.842105
v 5.330769 0.521822 3.000000
v 5.670310 0.473462 2.526316
v 5.950040 0.377820 2.210526
v 5.559527 0.499332 2.526316
v 6.115902 0.302843 1.894737
v 5.800951 0.433847 2.210526
v 5.469745 0.514237 2.526316
v 5.401826 0.521036 2.526316
v 5.670310 0.473462 2.210526
v 5.950040 0.377820 1.894737
v 5.559527 0.499332 2.210526
v 6.115902 0.302843 1.578947
v 5.800951 0.433847 1.894737
v 5.469745 0.514237 2.210526
v 5.401826 0.521036 2.210526
v 5.670310 0.473462 1.894737
v 5.950040 0.377820 1.578947
v 5.559527 0.499332 1.894737
v 6.115902 0.302843 1.263158
v 5.800951 0.433847 1.578947
v 5.469745 0.514237 1.894737
v 5.401826 0.521036 1.894737
v 5.670310 0.473462 1.578947
v 5.950040 0.377820 1.263158
v 5.559527 0.499332 1.578947
v 6.115902 0.302843 0.947368
v 5.800951 0.433847 1.263158
v 5.469745 0.514237 1.578947
v 5.401826 0.521036 1.578947
v 5.670310 0.473462 1.263158
v 5.950040 0.377820 0.947368
v 5.559527 0.499332 1.263158
v 6.115902 0.302843 0.631579
v 5.800951 0.433847 0.947368
v 5.469745 0.514237 1.263158
v 5.401826 0.521036 1.263158
v 5.670310 0.473462 0.947368
v 5.950040 0.377820 0.631579
v 5.559527 0.499332 0.947368
v 6.115902 0.302843 0.315789
v 5.800951 0.433847 0.631579
v 5.469745 0.514237 0.947368
v 5.401826 0.521036 0.947368
v 5.885410 0.403466 0.000000
v 6.115902 0.302843 0.157895
v 5.670310 0.473462 0.631579
v 5.356349 0.522651 0.947368
v 5.330769 0.521822 0.000000
v 5.950040 0.377820 0.315789
v 5.559527 0.499332 0.631579
v 5.950040 0.377820 0.157895
v 5.800951 0.433847 0.315789
v 5.469745 0.514237 0.631579
v 5.401826 0.521036 0.631579
v 5.670310 0.473462 0.315789
v 5.356349 0.522651 0.631579
v 5.613128 0.487765 0.000000
v 5.800951 0.433847 0.157895
v 5.559527 0.499332 0.315789
v 5.670310 0.473462 0.157895
v 5.469745 0.514237 0.315789
v 5.457543 0.515776 0.000000
v 5.559527 0.499332 0.157895
v 5.401826 0.521036 0.315789
v 5.356349 0.522651 0.315789
v 5.469745 0.514237 0.157895
v 5.401826 0.521036 0.157895
v 5.356349 0.522651 0.157895
v -4.282154 -4.054863 0.000000
v -3.689240 -4.603297 0.000000
v -4.416532 -4.492688 0.000000
v -4.112629 -4.772450 0.000000
v -5.636005 -2.815216 0.000000
v -4.984035 -3.155984 0.000000
v -5.439407 -3.178497 0.000000
v -4.179770 -3.834237 0.000000
v -3.442808 -4.460066 0.000000
v -5.366747 -2.444746 0.000000
v -4.065664 -3.652108 0.000000
v -3.316825 -4.364571 0.000000
v -2.708324 -4.983656 0.000000
v -1.994659 -5.551773 0.000000
v -2.733523 -5.225573 0.000000
v -2.718458 -5.683308 0.000000
v -2.340183 -5.849234 0.000000
v -3.994349 -3.568553 0.000000
v -3.226514 -4.275394 0.000000
v -5.198273 -2.269318 0.000000
v -4.704448 -3.100530 0.000000
v -5.031212 -2.134108 0.000000
v -4.554284 -3.051115 0.000000
v -4.439911 -2.996094 0.000000
v -2.659537 -4.774345 0.000000
v -1.808086 -5.336286 0.000000
v -6.176742 -1.240105 0.000000
v -6.244730 -0.832672 0.000000
v -5.738733 -1.366670 0.000000
v -4.936631 -2.078236 0.000000
v -2.981797 -3.951125 0.000000
v -3.691395 -3.297894 0.000000
v -1.719936 -5.205057 0.000000
v -1.663474 -5.091389 0.000000
v -2.619216 -4.672162 0.000000
v -4.562209 -1.920611 0.000000
v -4.103163 -2.768854 0.000000
v -5.869770 -0.569703 0.000000
v -1.537307 -4.705230 0.000000
v -2.420560 -4.317799 0.000000
v -5.653463 -0.458484 0.000000
v -5.456288 -1.405003 0.000000
v -0.943389 -5.593019 0.000000
v -0.083925 -5.898627 0.000000
v -0.888673 -5.830010 0.000000
v -0.725798 -6.258052 0.000000
v -0.314142 -6.292163 0.000000
v -5.451551 -0.384844 0.000000
v -5.298215 -1.407023 0.000000
v -5.172175 -1.392121 0.000000
v -5.343953 -0.362710 0.000000
v 0.022570 -5.634235 0.000000
v -0.965209 -5.379209 0.000000
v 0.063334 -5.481495 0.000000
v -0.960251 -5.269470 0.000000
v 0.079829 -5.355653 0.000000
v -4.938638 -0.335200 0.000000
v -4.779888 -1.286535 0.000000
v -6.244730 0.832672 0.000000
v -6.176742 1.240105 0.000000
v -5.871550 0.570743 0.000000
v 0.073774 -4.949450 0.000000
v -0.887421 -4.869803 0.000000
v -5.736712 1.367076 0.000000
v -5.496012 1.402035 0.000000
v -5.616855 0.442778 0.000000
v -5.281129 1.406124 0.000000
v -5.468003 0.389541 0.000000
v -5.343953 0.362710 0.000000
v -5.172175 1.392121 0.000000
v 0.923777 -5.596292 0.000000
v 1.835903 -5.606273 0.000000
v 1.052479 -5.802676 0.000000
v 1.345514 -6.154640 0.000000
v 1.745941 -6.053238 0.000000
v -4.779888 1.286535 0.000000
v -4.938638 0.335200 0.000000
v 1.850781 -5.321628 0.000000
v 0.833715 -5.401151 0.000000
v 1.839741 -5.163929 0.000000
v 1.814481 -5.039549 0.000000
v 0.802772 -5.295748 0.000000
v 1.676861 -4.657321 0.000000
v 0.741885 -4.894089 0.000000
v -5.636005 2.815216 0.000000
v -5.439407 3.178497 0.000000
v -5.368093 2.446308 0.000000
v -1.125293 -1.065934 0.000000
v -0.869840 -1.282918 0.000000
v -1.328129 -0.799109 0.000000
v -0.573714 -1.439914 0.000000
v -1.468862 -0.494917 0.000000
v -4.981992 3.155711 0.000000
v -0.250762 -1.529581 0.000000
v -1.540914 -0.167584 0.000000
v -4.742983 3.110621 0.000000
v -5.168749 2.242577 0.000000
v -5.045248 2.143892 0.000000
v -4.538416 3.044716 0.000000
v -4.936631 2.078236 0.000000
v 0.083915 -1.547727 0.000000
v -4.439911 2.996094 0.000000
v -1.540914 0.167584 0.000000
v -4.103163 2.768854 0.000000
v -4.562209 1.920611 0.000000
v 2.690837 -4.993120 0.000000
v 3.556783 -4.706393 0.000000
v 2.879578 -5.146531 0.000000
v 3.271019 -5.384277 0.000000
v 3.616824 -5.158351 0.000000
v 0.414669 -1.493502 0.000000
v -1.468862 0.494917 0.000000
v 3.478430 -4.432340 0.000000
v 2.542293 -4.837795 0.000000
v 3.416783 -4.286769 0.000000
v 2.478802 -4.748150 0.000000
v 3.352506 -4.177331 0.000000
v 2.290796 -4.388024 0.000000
v 3.098233 -3.860499 0.000000
v 0.726033 -1.369444 0.000000
v -1.328129 0.799109 0.000000
v 1.003449 -1.181351 0.000000
v -1.125293 1.065934 0.000000
v -3.691395 3.297894 0.000000
v 3.591463 -3.406449 0.000000
v 1.233944 -0.938020 0.000000
v -4.416532 4.492688 0.000000
v -4.112629 4.772450 0.000000
v -4.282920 4.056777 0.000000
v -3.687396 4.602376 0.000000
v -2.981797 3.951125 0.000000
v -0.869840 1.282918 0.000000
v -3.475978 4.482123 0.000000
v -4.160528 3.799358 0.000000
v -3.226514 4.275394 0.000000
v -3.994349 3.568553 0.000000
v -3.303894 4.353366 0.000000
v -4.075762 3.665920 0.000000
v 4.183864 -2.645332 0.000000
v 1.406742 -0.650828 0.000000
v 3.886215 -3.686017 0.000000
v 4.166304 -3.848866 0.000000
v 4.892230 -3.296502 0.000000
v 4.394631 -3.932680 0.000000
v 4.842058 -4.030444 0.000000
v 5.095768 -3.704477 0.000000
v 4.527236 -2.862435 0.000000
v 3.975374 -3.750189 0.000000
v 4.729137 -3.062739 0.000000
v 4.623564 -2.945073 0.000000
v -2.420560 4.317799 0.000000
v -0.573714 1.439914 0.000000
v 4.502940 -2.055732 0.000000
v -1.537307 4.705230 0.000000
v -0.250762 1.529581 0.000000
v -2.619216 4.672162 0.000000
v -1.663474 5.091389 0.000000
v -1.711344 5.190261 0.000000
v -2.701450 4.944420 0.000000
v -2.664604 4.790688 0.000000
v -2.718458 5.683308 0.000000
v -2.340183 5.849234 0.000000
v -2.733626 5.227631 0.000000
v -1.832297 5.367918 0.000000
v -1.993214 5.550303 0.000000
v 4.816109 -1.143502 0.000000
v 4.872498 -2.224446 0.000000
v 1.513762 -0.333204 0.000000
v 5.211368 -1.237349 0.000000
v 4.977662 -2.256191 0.000000
v -0.887421 4.869803 0.000000
v 5.329310 -1.284232 0.000000
v 5.467370 -1.361243 0.000000
v 5.190286 -2.287527 0.000000
v 5.697528 -1.529384 0.000000
v 5.433457 -2.292663 0.000000
v 5.888385 -2.239850 0.000000
v 6.022507 -1.849164 0.000000
v 4.926453 -0.482244 0.000000
v 1.550000 -0.000000 0.000000
v 0.073774 4.949450 0.000000
v 0.083915 1.547727 0.000000
v 1.513762 0.333204 0.000000
v 4.926453 0.482244 0.000000
v 0.079829 5.355653 0.000000
v -0.960251 5.269470 0.000000
v 0.066656 5.464711 0.000000
v -0.949627 5.553677 0.000000
v -0.964694 5.396310 0.000000
v 0.741885 4.894089 0.000000
v 0.414669 1.493502 0.000000
v 0.009942 5.672015 0.000000
v -0.888102 5.831991 0.000000
v -0.083035 5.896767 0.000000
v 1.406742 0.650828 0.000000
v 4.816109 1.143502 0.000000
v -0.725798 6.258052 0.000000
v -0.314142 6.292163 0.000000
v 1.676861 4.657321 0.000000
v 0.726033 1.369444 0.000000
v 0.802772 5.295748 0.000000
v 4.502940 2.055732 0.000000
v 2.290796 4.388024 0.000000
v 1.233944 0.938020 0.000000
v 4.183864 2.645332 0.000000
v 1.814481 5.039549 0.000000
v 3.098233 3.860499 0.000000
v 1.003449 1.181351 0.000000
v 1.837433 5.146975 0.000000
v 0.905102 5.561107 0.000000
v 0.839755 5.417159 0.000000
v 3.591463 3.406449 0.000000
v 4.872498 2.224446 0.000000
v 5.211368 1.237349 0.000000
v 5.313856 1.276891 0.000000
v 1.851103 5.361461 0.000000
v 1.053663 5.804364 0.000000
v 4.994366 2.259891 0.000000
v 5.150616 2.283916 0.000000
v 5.500893 1.382760 0.000000
v 1.836141 5.604226 0.000000
v 3.352506 4.177331 0.000000
v 2.478802 4.748150 0.000000
v 3.886215 3.686017 0.000000
v 4.527236 2.862435 0.000000
v 4.611331 2.933111 0.000000
v 3.409096 4.271484 0.000000
v 2.661750 4.965904 0.000000
v 2.553203 4.850975 0.000000
v 5.435517 2.292595 0.000000
v 5.695943 1.528065 0.000000
v 3.989972 3.759112 0.000000
v 1.745941 6.053238 0.000000
v 1.345514 6.154640 0.000000
v 6.022507 1.849164 0.000000
v 3.491669 4.469910 0.000000
v 4.129955 3.832569 0.000000
v 4.753858 3.093975 0.000000
v 2.881246 5.147743 0.000000
v 5.888385 2.239850 0.000000
v 3.556343 4.704379 0.000000
v 4.396602 3.933285 0.000000
v 4.891160 3.294740 0.000000
v 3.271019 5.384277 0.000000
v 3.616824 5.158351 0.000000
v 5.095768 3.704477 0.000000
v 4.842058 4.030444 0.000000
v -3.689240 -4.603297 3.000000
v -4.282154 -4.054863 3.000000
v -4.416532 -4.492688 3.000000
v -4.112629 -4.772450 3.000000
v -4.984035 -3.155984 3.000000
v -5.636005 -2.815216 3.000000
v -5.439407 -3.178497 3.000000
v -4.179770 -3.834237 3.000000
v -3.442808 -4.460066 3.000000
v -5.366747 -2.444746 3.000000
v -4.065664 -3.652108 3.000000
v -3.316825 -4.364571 3.000000
v -1.994659 -5.551773 3.000000
v -2.708324 -4.983656 3.000000
v -2.733523 -5.225573 3.000000
v -2.718458 -5.683308 3.000000
v -2.340183 -5.849234 3.000000
v -3.226514 -4.275394 3.000000
v -3.994349 -3.568553 3.000000
v -5.198273 -2.269318 3.000000
v -4.704448 -3.100530 3.000000
v -5.031212 -2.134108 3.000000
v -4.554284 -3.051115 3.000000
v -4.439911 -2.996094 3.000000
v -1.808086 -5.336286 3.000000
v -2.659537 -4.774345 3.000000
v -6.244730 -0.832672 3.000000
v -6.176742 -1.240105 3.000000
v -5.738733 -1.366670 3.000000
v -4.936631 -2.078236 3.000000
v -2.981797 -3.951125 3.000000
v -3.691395 -3.297894 3.000000
v -1.719936 -5.205057 3.000000
v -1.663474 -5.091389 3.000000
v -2.619216 -4.672162 3.000000
v -4.562209 -1.920611 3.000000
v -4.103163 -2.768854 3.000000
v -5.869770 -0.569703 3.000000
v -1.537307 -4.705230 3.000000
v -2.420560 -4.317799 3.000000
v -5.653463 -0.458484 3.000000
v -5.456288 -1.405003 3.000000
v -0.083925 -5.898627 3.000000
v -0.943389 -5.593019 3.000000
v -0.888673 -5.830010 3.000000
v -0.725798 -6.258052 3.000000
v -0.314142 -6.292163 3.000000
v -5.451551 -0.384844 3.000000
v -5.298215 -1.407023 3.000000
v -5.172175 -1.392121 3.000000
v -5.343953 -0.362710 3.000000
v 0.022570 -5.634235 3.000000
v -0.965209 -5.379209 3.000000
v 0.063334 -5.481495 3.000000
v 0.079829 -5.355653 3.000000
v -0.960251 -5.269470 3.000000
v -4.938638 -0.335200 3.000000
v -4.779888 -1.286535 3.000000
v -6.176742 1.240105 3.000000
v -6.244730 0.832672 3.000000
v -5.871550 0.570743 3.000000
v 0.073774 -4.949450 3.000000
v -0.887421 -4.869803 3.000000
v -5.736712 1.367076 3.000000
v -5.496012 1.402035 3.000000
v -5.616855 0.442778 3.000000
v -5.281129 1.406124 3.000000
v -5.468003 0.389541 3.000000
v -5.343953 0.362710 3.000000
v -5.172175 1.392121 3.000000
v 1.835903 -5.606273 3.000000
v 0.923777 -5.596292 3.000000
v 1.052479 -5.802676 3.000000
v 1.345514 -6.154640 3.000000
v 1.745941 -6.053238 3.000000
v -4.779888 1.286535 3.000000
v -4.938638 0.335200 3.000000
v 1.850781 -5.321628 3.000000
v 0.833715 -5.401151 3.000000
v 1.839741 -5.163929 3.000000
v 1.814481 -5.039549 3.000000
v 0.802772 -5.295748 3.000000
v 1.676861 -4.657321 3.000000
v 0.741885 -4.894089 3.000000
v -5.439407 3.178497 3.000000
v -5.636005 2.815216 3.000000
v -5.368093 2.446308 3.000000
v -1.125293 -1.065934 3.000000
v -0.869840 -1.282918 3.000000
v -1.328129 -0.799109 3.000000
v -0.573714 -1.439914 3.000000
v -1.468862 -0.494917 3.000000
v -4.981992 3.155711 3.000000
v -0.250762 -1.529581 3.000000
v -1.540914 -0.167584 3.000000
v -4.742983 3.110621 3.000000
v -5.168749 2.242577 3.000000
v -4.538416 3.044716 3.000000
v -5.045248 2.143892 3.000000
v -4.936631 2.078236 3.000000
v 0.083915 -1.547727 3.000000
v -4.439911 2.996094 3.000000
v -1.540914 0.167584 3.000000
v -4.103163 2.768854 3.000000
v -4.562209 1.920611 3.000000
v 3.556783 -4.706393 3.000000
v 2.690837 -4.993120 3.000000
v 2.879578 -5.146531 3.000000
v 3.271019 -5.384277 3.000000
v 3.616824 -5.158351 3.000000
v 0.414669 -1.493502 3.000000
v -1.468862 0.494917 3.000000
v 3.478430 -4.432340 3.000000
v 2.542293 -4.837795 3.000000
v 3.416783 -4.286769 3.000000
v 3.352506 -4.177331 3.000000
v 2.478802 -4.748150 3.000000
v 3.098233 -3.860499 3.000000
v 2.290796 -4.388024 3.000000
v 0.726033 -1.369444 3.000000
v -1.328129 0.799109 3.000000
v 1.003449 -1.181351 3.000000
v -1.125293 1.065934 3.000000
v -3.691395 3.297894 3.000000
v 3.591463 -3.406449 3.000000
v 1.233944 -0.938020 3.000000
v -4.112629 4.772450 3.000000
v -4.416532 4.492688 3.000000
v -4.282920 4.056777 3.000000
v -3.687396 4.602376 3.000000
v -2.981797 3.951125 3.000000
v -0.869840 1.282918 3.000000
v -3.475978 4.482123 3.000000
v -4.160528 3.799358 3.000000
v -3.226514 4.275394 3.000000
v -3.994349 3.568553 3.000000
v -3.303894 4.353366 3.000000
v -4.075762 3.665920 3.000000
v 4.183864 -2.645332 3.000000
v 1.406742 -0.650828 3.000000
v 3.886215 -3.686017 3.000000
v 4.892230 -3.296502 3.000000
v 4.166304 -3.848866 3.000000
v 4.394631 -3.932680 3.000000
v 4.842058 -4.030444 3.000000
v 5.095768 -3.704477 3.000000
v 4.527236 -2.862435 3.000000
v 3.975374 -3.750189 3.000000
v 4.729137 -3.062739 3.000000
v 4.623564 -2.945073 3.000000
v -2.420560 4.317799 3.000000
v -0.573714 1.439914 3.000000
v 4.502940 -2.055732 3.000000
v -1.537307 4.705230 3.000000
v -0.250762 1.529581 3.000000
v -2.619216 4.672162 3.000000
v -1.663474 5.091389 3.000000
v -1.711344 5.190261 3.000000
v -2.701450 4.944420 3.000000
v -2.664604 4.790688 3.000000
v -2.340183 5.849234 3.000000
v -2.718458 5.683308 3.000000
v -2.733626 5.227631 3.000000
v -1.832297 5.367918 3.000000
v -1.993214 5.550303 3.000000
v 4.816109 -1.143502 3.000000
v 4.872498 -2.224446 3.000000
v 1.513762 -0.333204 3.000000
v 5.211368 -1.237349 3.000000
v 4.977662 -2.256191 3.000000
v -0.887421 4.869803 3.000000
v 5.329310 -1.284232 3.000000
v 5.467370 -1.361243 3.000000
v 5.190286 -2.287527 3.000000
v 5.697528 -1.529384 3.000000
v 5.433457 -2.292663 3.000000
v 5.888385 -2.239850 3.000000
v 6.022507 -1.849164 3.000000
v 4.926453 -0.482244 3.000000
v 1.550000 -0.000000 3.000000
v 0.073774 4.949450 3.000000
v 0.083915 1.547727 3.000000
v 4.926453 0.482244 3.000000
v 1.513762 0.333204 3.000000
v 0.079829 5.355653 3.000000
v -0.960251 5.269470 3.000000
v 0.066656 5.464711 3.000000
v -0.949627 5.553677 3.000000
v -0.964694 5.396310 3.000000
v 0.741885 4.894089 3.000000
v 0.414669 1.493502 3.000000
v 0.009942 5.672015 3.000000
v -0.888102 5.831991 3.000000
v -0.083035 5.896767 3.000000
v 4.816109 1.143502 3.000000
v 1.406742 0.650828 3.000000
v -0.314142 6.292163 3.000000
v -0.725798 6.258052 3.000000
v 1.676861 4.657321 3.000000
v 0.726033 1.369444 3.000000
v 0.802772 5.295748 3.000000
v 4.502940 2.055732 3.000000
v 2.290796 4.388024 3.000000
v 4.183864 2.645332 3.000000
v 1.233944 0.938020 3.000000
v 1.814481 5.039549 3.000000
v 3.098233 3.860499 3.000000
v 1.003449 1.181351 3.000000
v 1.837433 5.146975 3.000000
v 0.905102 5.561107 3.000000
v 0.839755 5.417159 3.000000
v 3.591463 3.406449 3.000000
v 4.872498 2.224446 3.000000
v 5.211368 1.237349 3.000000
v 5.313856 1.276891 3.000000
v 1.851103 5.361461 3.000000
v 1.053663 5.804364 3.000000
v 4.994366 2.259891 3.000000
v 5.150616 2.283916 3.000000
v 5.500893 1.382760 3.000000
v 1.836141 5.604226 3.000000
v 3.352506 4.177331 3.000000
v 2.478802 4.748150 3.000000
v 3.886215 3.686017 3.000000
v 4.527236 2.862435 3.000000
v 4.611331 2.933111 3.000000
v 3.409096 4.271484 3.000000
v 2.661750 4.965904 3.000000
v 2.553203 4.850975 3.000000
v 5.435517 2.292595 3.000000
v 5.695943 1.528065 3.000000
v 3.989972 3.759112 3.000000
v 1.745941 6.053238 3.000000
v 1.345514 6.154640 3.000000
v 6.022507 1.849164 3.000000
v 3.491669 4.469910 3.000000
v 4.129955 3.832569 3.000000
v 4.753858 3.093975 3.000000
v 2.881246 5.147743 3.000000
v 5.888385 2.239850 3.000000
v 3.556343 4.704379 3.000000
v 4.396602 3.933285 3.000000
v 4.891160 3.294740 3.000000
v 3.616824 5.158351 3.000000
v 3.271019 5.384277 3.000000
v 5.095768 3.704477 3.000000
v 4.842058 4.030444 3.000000
v 5.882859 -1.699396 2.842105
v 5.750329 -1.574626 2.842105
v 5.882859 -1.699396 2.526316
v 5.627510 -1.473226 2.842105
v 5.516809 -1.393338 2.842105
v 5.750329 -1.574626 2.526316
v 5.420429 -1.332898 2.842105
v 5.882859 -1.699396 2.210526
v 5.627510 -1.473226 2.526316
v 5.340352 -1.289649 2.842105
v 5.278321 -1.261165 2.842105
v 5.516809 -1.393338 2.526316
v 5.750329 -1.574626 2.210526
v 5.420429 -1.332898 2.526316
v 5.882859 -1.699396 1.894737
v 5.627510 -1.473226 2.210526
v 5.340352 -1.289649 2.526316
v 5.278321 -1.261165 2.526316
v 5.516809 -1.393338 2.210526
v 5.750329 -1.574626 1.894737
v 5.420429 -1.332898 2.210526
v 5.882859 -1.699396 1.578947
v 5.627510 -1.473226 1.894737
v 5.340352 -1.289649 2.210526
v 5.278321 -1.261165 2.210526
v 5.516809 -1.393338 1.894737
v 5.750329 -1.574626 1.578947
v 5.420429 -1.332898 1.894737
v 5.882859 -1.699396 1.263158
v 5.627510 -1.473226 1.578947
v 5.340352 -1.289649 1.894737
v 5.278321 -1.261165 1.894737
v 5.516809 -1.393338 1.578947
v 5.750329 -1.574626 1.263158
v 5.420429 -1.332898 1.578947
v 5.882859 -1.699396 0.947368
v 5.627510 -1.473226 1.263158
v 5.340352 -1.289649 1.578947
v 5.278321 -1.261165 1.578947
v 5.516809 -1.393338 1.263158
v 5.750329 -1.574626 0.947368
v 5.420429 -1.332898 1.263158
v 5.882859 -1.699396 0.631579
v 5.627510 -1.473226 0.947368
v 5.340352 -1.289649 1.263158
v 5.278321 -1.261165 1.263158
v 5.516809 -1.393338 0.947368
v 5.750329 -1.574626 0.631579
v 5.420429 -1.332898 0.947368
v 5.882859 -1.699396 0.315789
v 5.627510 -1.473226 0.631579
v 5.340352 -1.289649 0.947368
v 5.278321 -1.261165 0.947368
v 5.882859 -1.699396 0.157895
v 5.516809 -1.393338 0.631579
v 5.235832 -1.244871 0.947368
v 5.750329 -1.574626 0.315789
v 5.420429 -1.332898 0.631579
v 5.750329 -1.574626 0.157895
v 5.627510 -1.473226 0.315789
v 5.340352 -1.289649 0.631579
v 5.278321 -1.261165 0.631579
v 5.516809 -1.393338 0.315789
v 5.235832 -1.244871 0.631579
v 5.627510 -1.473226 0.157895
v 5.420429 -1.332898 0.315789
v 5.516809 -1.393338 0.157895
v 5.340352 -1.289649 0.315789
v 5.420429 -1.332898 0.157895
v 5.278321 -1.261165 0.315789
v 5.235832 -1.244871 0.315789
v 5.340352 -1.289649 0.157895
v 5.278321 -1.261165 0.157895
v 5.235832 -1.244871 0.157895
v 5.254550 1.251661 2.842105
v 5.306981 1.273719 2.842105
v 5.378238 1.309273 2.842105
v 5.466700 1.360824 2.842105
v 5.254550 1.251661 2.526316
v 5.570502 1.430717 2.842105
v 5.306981 1.273719 2.526316
v 5.378238 1.309273 2.526316
v 5.687551 1.521115 2.842105
v 5.466700 1.360824 2.526316
v 5.254550 1.251661 2.210526
v 5.570502 1.430717 2.526316
v 5.815538 1.633982 2.842105
v 5.306981 1.273719 2.210526
v 5.378238 1.309273 2.210526
v 5.687551 1.521115 2.526316
v 5.466700 1.360824 2.210526
v 5.951962 1.771063 2.842105
v 5.254550 1.251661 1.894737
v 5.570502 1.430717 2.210526
v 5.815538 1.633982 2.526316
v 5.306981 1.273719 1.894737
v 5.378238 1.309273 1.894737
v 5.687551 1.521115 2.210526
v 5.466700 1.360824 1.894737
v 5.951962 1.771063 2.526316
v 5.254550 1.251661 1.578947
v 5.570502 1.430717 1.894737
v 5.815538 1.633982 2.210526
v 5.306981 1.273719 1.578947
v 5.378238 1.309273 1.578947
v 5.687551 1.521115 1.894737
v 5.466700 1.360824 1.578947
v 5.951962 1.771063 2.210526
v 5.254550 1.251661 1.263158
v 5.570502 1.430717 1.578947
v 5.815538 1.633982 1.894737
v 5.306981 1.273719 1.263158
v 5.378238 1.309273 1.263158
v 5.687551 1.521115 1.578947
v 5.466700 1.360824 1.263158
v 5.951962 1.771063 1.894737
v 5.254550 1.251661 0.947368
v 5.570502 1.430717 1.263158
v 5.815538 1.633982 1.578947
v 5.306981 1.273719 0.947368
v 5.378238 1.309273 0.947368
v 5.687551 1.521115 1.263158
v 5.466700 1.360824 0.947368
v 5.951962 1.771063 1.578947
v 5.254550 1.251661 0.631579
v 5.570502 1.430717 0.947368
v 5.815538 1.633982 1.263158
v 5.306981 1.273719 0.631579
v 5.378238 1.309273 0.631579
v 5.687551 1.521115 0.947368
v 5.466700 1.360824 0.631579
v 5.951962 1.771063 1.263158
v 5.254550 1.251661 0.315789
v 5.570502 1.430717 0.631579
v 5.815538 1.633982 0.947368
v 5.306981 1.273719 0.315789
v 5.378238 1.309273 0.315789
v 5.254550 1.251661 0.157895
v 5.687551 1.521115 0.631579
v 5.306981 1.273719 0.157895
v 5.466700 1.360824 0.315789
v 5.951962 1.771063 0.947368
v 5.378238 1.309273 0.157895
v 5.570502 1.430717 0.315789
v 5.815538 1.633982 0.631579
v 5.466700 1.360824 0.157895
v 5.687551 1.521115 0.315789
v 5.570502 1.430717 0.157895
v 5.951962 1.771063 0.631579
v 5.687551 1.521115 0.157895
v 5.815538 1.633982 0.315789
v 5.815538 1.633982 0.157895
v 5.951962 1.771063 0.315789
v 5.951962 1.771063 0.157895
v 4.915364 -2.239676 2.842105
v 4.970288 -2.254472 2.842105
v 5.048357 -2.270182 2.842105
v 5.149830 -2.283835 2.842105
v 4.915364 -2.239676 2.526316
v 5.274673 -2.292436 2.842105
v 4.970288 -2.254472 2.526316
v 5.048357 -2.270182 2.526316
v 5.422565 -2.292992 2.842105
v 5.149830 -2.283835 2.526316
v 4.915364 -2.239676 2.210526
v 5.274673 -2.292436 2.526316
v 5.592889 -2.282536 2.842105
v 4.970288 -2.254472 2.210526
v 5.048357 -2.270182 2.210526
v 5.422565 -2.292992 2.526316
v 5.149830 -2.283835 2.210526
v 5.784743 -2.258153 2.842105
v 4.915364 -2.239676 1.894737
v 5.274673 -2.292436 2.210526
v 5.592889 -2.282536 2.526316
v 4.970288 -2.254472 1.894737
v 5.048357 -2.270182 1.894737
v 5.422565 -2.292992 2.210526
v 5.149830 -2.283835 1.894737
v 5.784743 -2.258153 2.526316
v 4.915364 -2.239676 1.578947
v 5.274673 -2.292436 1.894737
v 5.592889 -2.282536 2.210526
v 4.970288 -2.254472 1.578947
v 5.048357 -2.270182 1.578947
v 5.422565 -2.292992 1.894737
v 5.149830 -2.283835 1.578947
v 5.784743 -2.258153 2.210526
v 4.915364 -2.239676 1.263158
v 5.274673 -2.292436 1.578947
v 5.592889 -2.282536 1.894737
v 4.970288 -2.254472 1.263158
v 5.048357 -2.270182 1.263158
v 5.422565 -2.292992 1.578947
v 5.149830 -2.283835 1.263158
v 5.784743 -2.258153 1.894737
v 4.915364 -2.239676 0.947368
v 5.274673 -2.292436 1.263158
v 5.592889 -2.282536 1.578947
v 4.970288 -2.254472 0.947368
v 5.048357 -2.270182 0.947368
v 5.422565 -2.292992 1.263158
v 5.149830 -2.283835 0.947368
v 5.784743 -2.258153 1.578947
v 4.915364 -2.239676 0.631579
v 5.274673 -2.292436 0.947368
v 5.592889 -2.282536 1.263158
v 4.970288 -2.254472 0.631579
v 5.048357 -2.270182 0.631579
v 5.422565 -2.292992 0.947368
v 5.149830 -2.283835 0.631579
v 5.784743 -2.258153 1.263158
v 4.915364 -2.239676 0.315789
v 5.274673 -2.292436 0.631579
v 5.592889 -2.282536 0.947368
v 4.970288 -2.254472 0.315789
v 5.048357 -2.270182 0.315789
v 4.915364 -2.239676 0.157895
v 5.422565 -2.292992 0.631579
v 4.970288 -2.254472 0.157895
v 5.149830 -2.283835 0.315789
v 5.784743 -2.258153 0.947368
v 5.048357 -2.270182 0.157895
v 5.274673 -2.292436 0.315789
v 5.592889 -2.282536 0.631579
v 5.149830 -2.283835 0.157895
v 5.422565 -2.292992 0.315789
v 5.274673 -2.292436 0.157895
v 5.784743 -2.258153 0.631579
v 5.422565 -2.292992 0.157895
v 5.592889 -2.282536 0.315789
v 5.592889 -2.282536 0.157895
v 5.784743 -2.258153 0.315789
v 5.784743 -2.258153 0.157895
v 5.686193 2.272265 2.842105
v 5.504972 2.289324 2.842105
v 5.686193 2.272265 2.526316
v 5.345770 2.293906 2.842105
v 5.209344 2.288955 2.842105
v 5.504972 2.289324 2.526316
v 5.096163 2.277453 2.842105
v 5.686193 2.272265 2.210526
v 5.345770 2.293906 2.526316
v 5.006407 2.262397 2.842105
v 4.939960 2.246775 2.842105
v 5.209344 2.288955 2.526316
v 5.504972 2.289324 2.210526
v 5.096163 2.277453 2.526316
v 5.686193 2.272265 1.894737
v 5.345770 2.293906 2.210526
v 5.006407 2.262397 2.526316
v 4.939960 2.246775 2.526316
v 5.209344 2.288955 2.210526
v 5.504972 2.289324 1.894737
v 5.096163 2.277453 2.210526
v 5.686193 2.272265 1.578947
v 5.345770 2.293906 1.894737
v 5.006407 2.262397 2.210526
v 4.939960 2.246775 2.210526
v 5.209344 2.288955 1.894737
v 5.504972 2.289324 1.578947
v 5.096163 2.277453 1.894737
v 5.686193 2.272265 1.263158
v 5.345770 2.293906 1.578947
v 5.006407 2.262397 1.894737
v 4.939960 2.246775 1.894737
v 5.209344 2.288955 1.578947
v 5.504972 2.289324 1.263158
v 5.096163 2.277453 1.578947
v 5.686193 2.272265 0.947368
v 5.345770 2.293906 1.263158
v 5.006407 2.262397 1.578947
v 4.939960 2.246775 1.578947
v 5.209344 2.288955 1.263158
v 5.504972 2.289324 0.947368
v 5.096163 2.277453 1.263158
v 5.686193 2.272265 0.631579
v 5.345770 2.293906 0.947368
v 5.006407 2.262397 1.263158
v 4.939960 2.246775 1.263158
v 5.209344 2.288955 0.947368
v 5.504972 2.289324 0.631579
v 5.096163 2.277453 0.947368
v 5.686193 2.272265 0.315789
v 5.345770 2.293906 0.631579
v 5.006407 2.262397 0.947368
v 4.939960 2.246775 0.947368
v 5.686193 2.272265 0.157895
v 5.209344 2.288955 0.631579
v 4.896423 2.233536 0.947368
v 5.504972 2.289324 0.315789
v 5.096163 2.277453 0.631579
v 5.504972 2.289324 0.157895
v 5.345770 2.293906 0.315789
v 5.006407 2.262397 0.631579
v 4.939960 2.246775 0.631579
v 5.209344 2.288955 0.315789
v 4.896423 2.233536 0.631579
v 5.345770 2.293906 0.157895
v 5.096163 2.277453 0.315789
v 5.209344 2.288955 0.157895
v 5.006407 2.262397 0.315789
v 5.096163 2.277453 0.157895
v 4.939960 2.246775 0.315789
v 4.896423 2.233536 0.315789
v 5.006407 2.262397 0.157895
v 4.939960 2.246775 0.157895
v 4.896423 2.233536 0.157895
v 5.012316 -3.517479 2.842105
v 4.927480 -3.356437 2.842105
v 5.012316 -3.517479 2.526316
v 4.844240 -3.220652 2.842105
v 4.765477 -3.109149 2.842105
v 4.927480 -3.356437 2.526316
v 4.693944 -3.020689 2.842105
v 5.012316 -3.517479 2.210526
v 4.844240 -3.220652 2.526316
v 4.632248 -2.953782 2.842105
v 4.582827 -2.906700 2.842105
v 4.765477 -3.109149 2.526316
v 4.927480 -3.356437 2.210526
v 4.693944 -3.020689 2.526316
v 5.012316 -3.517479 1.894737
v 4.844240 -3.220652 2.210526
v 4.632248 -2.953782 2.526316
v 4.582827 -2.906700 2.526316
v 4.765477 -3.109149 2.210526
v 4.927480 -3.356437 1.894737
v 4.693944 -3.020689 2.210526
v 5.012316 -3.517479 1.578947
v 4.844240 -3.220652 1.894737
v 4.632248 -2.953782 2.210526
v 4.582827 -2.906700 2.210526
v 4.765477 -3.109149 1.894737
v 4.927480 -3.356437 1.578947
v 4.693944 -3.020689 1.894737
v 5.012316 -3.517479 1.263158
v 4.844240 -3.220652 1.578947
v 4.632248 -2.953782 1.894737
v 4.582827 -2.906700 1.894737
v 4.765477 -3.109149 1.578947
v 4.927480 -3.356437 1.263158
v 4.693944 -3.020689 1.578947
v 5.012316 -3.517479 0.947368
v 4.844240 -3.220652 1.263158
v 4.632248 -2.953782 1.578947
v 4.582827 -2.906700 1.578947
v 4.765477 -3.109149 1.263158
v 4.927480 -3.356437 0.947368
v 4.693944 -3.020689 1.263158
v 5.012316 -3.517479 0.631579
v 4.844240 -3.220652 0.947368
v 4.632248 -2.953782 1.263158
v 4.582827 -2.906700 1.263158
v 4.765477 -3.109149 0.947368
v 4.927480 -3.356437 0.631579
v 4.693944 -3.020689 0.947368
v 5.012316 -3.517479 0.315789
v 4.844240 -3.220652 0.631579
v 4.632248 -2.953782 0.947368
v 4.582827 -2.906700 0.947368
v 5.012316 -3.517479 0.157895
v 4.765477 -3.109149 0.631579
v 4.547932 -2.877493 0.947368
v 4.927480 -3.356437 0.315789
v 4.693944 -3.020689 0.631579
v 4.927480 -3.356437 0.157895
v 4.844240 -3.220652 0.315789
v 4.632248 -2.953782 0.631579
v 4.582827 -2.906700 0.631579
v 4.765477 -3.109149 0.315789
v 4.547932 -2.877493 0.631579
v 4.844240 -3.220652 0.157895
v 4.693944 -3.020689 0.315789
v 4.765477 -3.109149 0.157895
v 4.632248 -2.953782 0.315789
v 4.693944 -3.020689 0.157895
v 4.582827 -2.906700 0.315789
v 4.547932 -2.877493 0.315789
v 4.632248 -2.953782 0.157895
v 4.582827 -2.906700 0.157895
v 4.547932 -2.877493 0.157895
v 4.563431 2.889992 2.842105
v 4.605858 2.927880 2.842105
v 4.661710 2.984644 2.842105
v 4.728640 3.062125 2.842105
v 4.563431 2.889992 2.526316
v 4.804124 3.161936 2.842105
v 4.605858 2.927880 2.526316
v 4.661710 2.984644 2.526316
v 4.885478 3.285442 2.842105
v 4.728640 3.062125 2.526316
v 4.563431 2.889992 2.210526
v 4.804124 3.161936 2.526316
v 4.969882 3.433751 2.842105
v 4.605858 2.927880 2.210526
v 4.661710 2.984644 2.210526
v 4.885478 3.285442 2.526316
v 4.728640 3.062125 2.210526
v 5.054405 3.607701 2.842105
v 4.563431 2.889992 1.894737
v 4.804124 3.161936 2.210526
v 4.969882 3.433751 2.526316
v 4.605858 2.927880 1.894737
v 4.661710 2.984644 1.894737
v 4.885478 3.285442 2.210526
v 4.728640 3.062125 1.894737
v 5.054405 3.607701 2.526316
v 4.563431 2.889992 1.578947
v 4.804124 3.161936 1.894737
v 4.969882 3.433751 2.210526
v 4.605858 2.927880 1.578947
v 4.661710 2.984644 1.578947
v 4.885478 3.285442 1.894737
v 4.728640 3.062125 1.578947
v 5.054405 3.607701 2.210526
v 4.563431 2.889992 1.263158
v 4.804124 3.161936 1.578947
v 4.969882 3.433751 1.894737
v 4.605858 2.927880 1.263158
v 4.661710 2.984644 1.263158
v 4.885478 3.285442 1.578947
v 4.728640 3.062125 1.263158
v 5.054405 3.607701 1.894737
v 4.563431 2.889992 0.947368
v 4.804124 3.161936 1.263158
v 4.969882 3.433751 1.578947
v 4.605858 2.927880 0.947368
v 4.661710 2.984644 0.947368
v 4.885478 3.285442 1.263158
v 4.728640 3.062125 0.947368
v 5.054405 3.607701 1.578947
v 4.563431 2.889992 0.631579
v 4.804124 3.161936 0.947368
v 4.969882 3.433751 1.263158
v 4.605858 2.927880 0.631579
v 4.661710 2.984644 0.631579
v 4.885478 3.285442 0.947368
v 4.728640 3.062125 0.631579
v 5.054405 3.607701 1.263158
v 4.563431 2.889992 0.315789
v 4.804124 3.161936 0.631579
v 4.969882 3.433751 0.947368
v 4.605858 2.927880 0.315789
v 4.661710 2.984644 0.315789
v 4.563431 2.889992 0.157895
v 4.885478 3.285442 0.631579
v 4.605858 2.927880 0.157895
v 4.728640 3.062125 0.315789
v 5.054405 3.607701 0.947368
v 4.661710 2.984644 0.157895
v 4.804124 3.161936 0.315789
v 4.969882 3.433751 0.631579
v 4.728640 3.062125 0.157895
v 4.885478 3.285442 0.315789
v 4.804124 3.161936 0.157895
v 5.054405 3.607701 0.631579
v 4.885478 3.285442 0.157895
v 4.969882 3.433751 0.315789
v 4.969882 3.433751 0.157895
v 5.054405 3.607701 0.315789
v 5.054405 3.607701 0.157895
v 3.921815 -3.714340 2.842105
v 3.968958 -3.746168 2.842105
v 4.037696 -3.786376 2.842105
v 4.129238 -3.832238 2.842105
v 3.921815 -3.714340 2.526316
v 4.244524 -3.880909 2.842105
v 3.968958 -3.746168 2.526316
v 4.037696 -3.786376 2.526316
v 4.384222 -3.929455 2.842105
v 4.129238 -3.832238 2.526316
v 3.921815 -3.714340 2.210526
v 4.244524 -3.880909 2.526316
v 4.548713 -3.974870 2.842105
v 3.968958 -3.746168 2.210526
v 4.037696 -3.786376 2.210526
v 4.384222 -3.929455 2.526316
v 4.129238 -3.832238 2.210526
v 4.738089 -4.014103 2.842105
v 3.921815 -3.714340 1.894737
v 4.244524 -3.880909 2.210526
v 4.548713 -3.974870 2.526316
v 3.968958 -3.746168 1.894737
v 4.037696 -3.786376 1.894737
v 4.384222 -3.929455 2.210526
v 4.129238 -3.832238 1.894737
v 4.738089 -4.014103 2.526316
v 3.921815 -3.714340 1.578947
v 4.244524 -3.880909 1.894737
v 4.548713 -3.974870 2.210526
v 3.968958 -3.746168 1.578947
v 4.037696 -3.786376 1.578947
v 4.384222 -3.929455 1.894737
v 4.129238 -3.832238 1.578947
v 4.738089 -4.014103 2.210526
v 3.921815 -3.714340 1.263158
v 4.244524 -3.880909 1.578947
v 4.548713 -3.974870 1.894737
v 3.968958 -3.746168 1.263158
v 4.037696 -3.786376 1.263158
v 4.384222 -3.929455 1.578947
v 4.129238 -3.832238 1.263158
v 4.738089 -4.014103 1.894737
v 3.921815 -3.714340 0.947368
v 4.244524 -3.880909 1.263158
v 4.548713 -3.974870 1.578947
v 3.968958 -3.746168 0.947368
v 4.037696 -3.786376 0.947368
v 4.384222 -3.929455 1.263158
v 4.129238 -3.832238 0.947368
v 4.738089 -4.014103 1.578947
v 3.921815 -3.714340 0.631579
v 4.244524 -3.880909 0.947368
v 4.548713 -3.974870 1.263158
v 3.968958 -3.746168 0.631579
v 4.037696 -3.786376 0.631579
v 4.384222 -3.929455 0.947368
v 4.129238 -3.832238 0.631579
v 4.738089 -4.014103 1.263158
v 3.921815 -3.714340 0.315789
v 4.244524 -3.880909 0.631579
v 4.548713 -3.974870 0.947368
v 3.968958 -3.746168 0.315789
v 4.037696 -3.786376 0.315789
v 3.921815 -3.714340 0.157895
v 4.384222 -3.929455 0.631579
v 3.968958 -3.746168 0.157895
v 4.129238 -3.832238 0.315789
v 4.738089 -4.014103 0.947368
v 4.037696 -3.786376 0.157895
v 4.244524 -3.880909 0.315789
v 4.548713 -3.974870 0.631579
v 4.129238 -3.832238 0.157895
v 4.384222 -3.929455 0.315789
v 4.244524 -3.880909 0.157895
v 4.738089 -4.014103 0.631579
v 4.384222 -3.929455 0.157895
v 4.548713 -3.974870 0.315789
v 4.548713 -3.974870 0.157895
v 4.738089 -4.014103 0.315789
v 4.738089 -4.014103 0.157895
v 4.640296 3.995451 2.842105
v 4.463356 3.952744 2.842105
v 4.640296 3.995451 2.526316
v 4.311291 3.905385 2.842105
v 4.183865 3.856404 2.842105
v 4.463356 3.952744 2.526316
v 4.080552 3.808776 2.842105
v 4.640296 3.995451 2.210526
v 4.311291 3.905385 2.526316
v 4.000546 3.765392 2.842105
v 3.942773 3.729041 2.842105
v 4.183865 3.856404 2.526316
v 4.463356 3.952744 2.210526
v 4.080552 3.808776 2.526316
v 4.640296 3.995451 1.894737
v 4.311291 3.905385 2.210526
v 4.000546 3.765392 2.526316
v 3.942773 3.729041 2.526316
v 4.183865 3.856404 2.210526
v 4.463356 3.952744 1.894737
v 4.080552 3.808776 2.210526
v 4.640296 3.995451 1.578947
v 4.311291 3.905385 1.894737
v 4.000546 3.765392 2.210526
v 3.942773 3.729041 2.210526
v 4.183865 3.856404 1.894737
v 4.463356 3.952744 1.578947
v 4.080552 3.808776 1.894737
v 4.640296 3.995451 1.263158
v 4.311291 3.905385 1.578947
v 4.000546 3.765392 1.894737
v 3.942773 3.729041 1.894737
v 4.183865 3.856404 1.578947
v 4.463356 3.952744 1.263158
v 4.080552 3.808776 1.578947
v 4.640296 3.995451 0.947368
v 4.311291 3.905385 1.263158
v 4.000546 3.765392 1.578947
v 3.942773 3.729041 1.578947
v 4.183865 3.856404 1.263158
v 4.463356 3.952744 0.947368
v 4.080552 3.808776 1.263158
v 4.640296 3.995451 0.631579
v 4.311291 3.905385 0.947368
v 4.000546 3.765392 1.263158
v 3.942773 3.729041 1.263158
v 4.183865 3.856404 0.947368
v 4.463356 3.952744 0.631579
v 4.080552 3.808776 0.947368
v 4.640296 3.995451 0.315789
v 4.311291 3.905385 0.631579
v 4.000546 3.765392 0.947368
v 3.942773 3.729041 0.947368
v 4.640296 3.995451 0.157895
v 4.183865 3.856404 0.631579
v 3.905893 3.702383 0.947368
v 4.463356 3.952744 0.315789
v 4.080552 3.808776 0.631579
v 4.463356 3.952744 0.157895
v 4.311291 3.905385 0.315789
v 4.000546 3.765392 0.631579
v 3.942773 3.729041 0.631579
v 4.183865 3.856404 0.315789
v 3.905893 3.702383 0.631579
v 4.311291 3.905385 0.157895
v 4.080552 3.808776 0.315789
v 4.183865 3.856404 0.157895
v 4.000546 3.765392 0.315789
v 4.080552 3.808776 0.157895
v 3.942773 3.729041 0.315789
v 3.905893 3.702383 0.315789
v 4.000546 3.765392 0.157895
v 3.942773 3.729041 0.157895
v 3.905893 3.702383 0.157895
v 3.598612 -4.954389 2.842105
v 3.570662 -4.774526 2.842105
v 3.598612 -4.954389 2.526316
v 3.536022 -4.619070 2.842105
v 3.497732 -4.488034 2.842105
v 3.570662 -4.774526 2.526316
v 3.458797 -4.381141 2.842105
v 3.598612 -4.954389 2.210526
v 3.536022 -4.619070 2.526316
v 3.422169 -4.297826 2.842105
v 3.390713 -4.237248 2.842105
v 3.497732 -4.488034 2.526316
v 3.570662 -4.774526 2.210526
v 3.458797 -4.381141 2.526316
v 3.598612 -4.954389 1.894737
v 3.536022 -4.619070 2.210526
v 3.422169 -4.297826 2.526316
v 3.390713 -4.237248 2.526316
v 3.497732 -4.488034 2.210526
v 3.570662 -4.774526 1.894737
v 3.458797 -4.381141 2.210526
v 3.598612 -4.954389 1.578947
v 3.536022 -4.619070 1.894737
v 3.422169 -4.297826 2.210526
v 3.390713 -4.237248 2.210526
v 3.497732 -4.488034 1.894737
v 3.570662 -4.774526 1.578947
v 3.458797 -4.381141 1.894737
v 3.598612 -4.954389 1.263158
v 3.536022 -4.619070 1.578947
v 3.422169 -4.297826 1.894737
v 3.390713 -4.237248 1.894737
v 3.497732 -4.488034 1.578947
v 3.570662 -4.774526 1.263158
v 3.458797 -4.381141 1.578947
v 3.598612 -4.954389 0.947368
v 3.536022 -4.619070 1.263158
v 3.422169 -4.297826 1.578947
v 3.390713 -4.237248 1.578947
v 3.497732 -4.488034 1.263158
v 3.570662 -4.774526 0.947368
v 3.458797 -4.381141 1.263158
v 3.598612 -4.954389 0.631579
v 3.536022 -4.619070 0.947368
v 3.422169 -4.297826 1.263158
v 3.390713 -4.237248 1.263158
v 3.497732 -4.488034 0.947368
v 3.570662 -4.774526 0.631579
v 3.458797 -4.381141 0.947368
v 3.598612 -4.954389 0.315789
v 3.536022 -4.619070 0.631579
v 3.422169 -4.297826 0.947368
v 3.390713 -4.237248 0.947368
v 3.598612 -4.954389 0.157895
v 3.497732 -4.488034 0.631579
v 3.367192 -4.198293 0.947368
v 3.570662 -4.774526 0.315789
v 3.458797 -4.381141 0.631579
v 3.570662 -4.774526 0.157895
v 3.536022 -4.619070 0.315789
v 3.422169 -4.297826 0.631579
v 3.390713 -4.237248 0.631579
v 3.497732 -4.488034 0.315789
v 3.367192 -4.198293 0.631579
v 3.536022 -4.619070 0.157895
v 3.458797 -4.381141 0.315789
v 3.497732 -4.488034 0.157895
v 3.422169 -4.297826 0.315789
v 3.458797 -4.381141 0.157895
v 3.390713 -4.237248 0.315789
v 3.367192 -4.198293 0.315789
v 3.422169 -4.297826 0.157895
v 3.390713 -4.237248 0.157895
v 3.367192 -4.198293 0.157895
v 3.377793 4.215147 2.842105
v 3.405619 4.264759 2.842105
v 3.440013 4.336582 2.842105
v 3.478159 4.431598 2.842105
v 3.377793 4.215147 2.526316
v 3.517144 4.550510 2.842105
v 3.405619 4.264759 2.526316
v 3.440013 4.336582 2.526316
v 3.553988 4.693739 2.842105
v 3.478159 4.431598 2.526316
v 3.377793 4.215147 2.210526
v 3.517144 4.550510 2.526316
v 3.585664 4.861419 2.842105
v 3.405619 4.264759 2.210526
v 3.440013 4.336582 2.210526
v 3.553988 4.693739 2.526316
v 3.478159 4.431598 2.210526
v 3.609125 5.053388 2.842105
v 3.377793 4.215147 1.894737
v 3.517144 4.550510 2.210526
v 3.585664 4.861419 2.526316
v 3.405619 4.264759 1.894737
v 3.440013 4.336582 1.894737
v 3.553988 4.693739 2.210526
v 3.478159 4.431598 1.894737
v 3.609125 5.053388 2.526316
v 3.377793 4.215147 1.578947
v 3.517144 4.550510 1.894737
v 3.585664 4.861419 2.210526
v 3.405619 4.264759 1.578947
v 3.440013 4.336582 1.578947
v 3.553988 4.693739 1.894737
v 3.478159 4.431598 1.578947
v 3.609125 5.053388 2.210526
v 3.377793 4.215147 1.263158
v 3.517144 4.550510 1.578947
v 3.585664 4.861419 1.894737
v 3.405619 4.264759 1.263158
v 3.440013 4.336582 1.263158
v 3.553988 4.693739 1.578947
v 3.478159 4.431598 1.263158
v 3.609125 5.053388 1.894737
v 3.377793 4.215147 0.947368
v 3.517144 4.550510 1.263158
v 3.585664 4.861419 1.578947
v 3.405619 4.264759 0.947368
v 3.440013 4.336582 0.947368
v 3.553988 4.693739 1.263158
v 3.478159 4.431598 0.947368
v 3.609125 5.053388 1.578947
v 3.377793 4.215147 0.631579
v 3.517144 4.550510 0.947368
v 3.585664 4.861419 1.263158
v 3.405619 4.264759 0.631579
v 3.440013 4.336582 0.631579
v 3.553988 4.693739 0.947368
v 3.478159 4.431598 0.631579
v 3.609125 5.053388 1.263158
v 3.377793 4.215147 0.315789
v 3.517144 4.550510 0.631579
v 3.585664 4.861419 0.947368
v 3.405619 4.264759 0.315789
v 3.440013 4.336582 0.315789
v 3.377793 4.215147 0.157895
v 3.553988 4.693739 0.631579
v 3.405619 4.264759 0.157895
v 3.478159 4.431598 0.315789
v 3.609125 5.053388 0.947368
v 3.440013 4.336582 0.157895
v 3.517144 4.550510 0.315789
v 3.585664 4.861419 0.631579
v 3.478159 4.431598 0.157895
v 3.553988 4.693739 0.315789
v 3.517144 4.550510 0.157895
v 3.609125 5.053388 0.631579
v 3.553988 4.693739 0.157895
v 3.585664 4.861419 0.315789
v 3.585664 4.861419 0.157895
v 3.609125 5.053388 0.315789
v 3.609125 5.053388 0.157895
v 2.503276 -4.786498 2.842105
v 2.537531 -4.831909 2.842105
v 2.589489 -4.892258 2.842105
v 2.661179 -4.965358 2.842105
v 2.503276 -4.786498 2.526316
v 2.754415 -5.048826 2.842105
v 2.537531 -4.831909 2.526316
v 2.589489 -4.892258 2.526316
v 2.870781 -5.140101 2.842105
v 2.661179 -4.965358 2.526316
v 2.503276 -4.786498 2.210526
v 2.754415 -5.048826 2.526316
v 3.011613 -5.236465 2.842105
v 2.537531 -4.831909 2.210526
v 2.589489 -4.892258 2.210526
v 2.870781 -5.140101 2.526316
v 2.661179 -4.965358 2.210526
v 3.177989 -5.335063 2.842105
v 2.503276 -4.786498 1.894737
v 2.754415 -5.048826 2.210526
v 3.011613 -5.236465 2.526316
v 2.537531 -4.831909 1.894737
v 2.589489 -4.892258 1.894737
v 2.870781 -5.140101 2.210526
v 2.661179 -4.965358 1.894737
v 3.177989 -5.335063 2.526316
v 2.503276 -4.786498 1.578947
v 2.754415 -5.048826 1.894737
v 3.011613 -5.236465 2.210526
v 2.537531 -4.831909 1.578947
v 2.589489 -4.892258 1.578947
v 2.870781 -5.140101 1.894737
v 2.661179 -4.965358 1.578947
v 3.177989 -5.335063 2.210526
v 2.503276 -4.786498 1.263158
v 2.754415 -5.048826 1.578947
v 3.011613 -5.236465 1.894737
v 2.537531 -4.831909 1.263158
v 2.589489 -4.892258 1.263158
v 2.870781 -5.140101 1.578947
v 2.661179 -4.965358 1.263158
v 3.177989 -5.335063 1.894737
v 2.503276 -4.786498 0.947368
v 2.754415 -5.048826 1.263158
v 3.011613 -5.236465 1.578947
v 2.537531 -4.831909 0.947368
v 2.589489 -4.892258 0.947368
v 2.870781 -5.140101 1.263158
v 2.661179 -4.965358 0.947368
v 3.177989 -5.335063 1.578947
v 2.503276 -4.786498 0.631579
v 2.754415 -5.048826 0.947368
v 3.011613 -5.236465 1.263158
v 2.537531 -4.831909 0.631579
v 2.589489 -4.892258 0.631579
v 2.870781 -5.140101 0.947368
v 2.661179 -4.965358 0.631579
v 3.177989 -5.335063 1.263158
v 2.503276 -4.786498 0.315789
v 2.754415 -5.048826 0.631579
v 3.011613 -5.236465 0.947368
v 2.537531 -4.831909 0.315789
v 2.589489 -4.892258 0.315789
v 2.503276 -4.786498 0.157895
v 2.870781 -5.140101 0.631579
v 2.537531 -4.831909 0.157895
v 2.661179 -4.965358 0.315789
v 3.177989 -5.335063 0.947368
v 2.589489 -4.892258 0.157895
v 2.754415 -5.048826 0.315789
v 3.011613 -5.236465 0.631579
v 2.661179 -4.965358 0.157895
v 2.870781 -5.140101 0.315789
v 2.754415 -5.048826 0.157895
v 3.177989 -5.335063 0.631579
v 2.870781 -5.140101 0.157895
v 3.011613 -5.236465 0.315789
v 3.011613 -5.236465 0.157895
v 3.177989 -5.335063 0.315789
v 3.177989 -5.335063 0.157895
v 3.091551 5.285668 2.842105
v 2.938065 5.187822 2.842105
v 3.091551 5.285668 2.526316
v 2.809617 5.093654 2.842105
v 2.704999 5.005952 2.842105
v 2.938065 5.187822 2.526316
v 2.622749 4.927359 2.842105
v 3.091551 5.285668 2.210526
v 2.809617 5.093654 2.526316
v 2.561165 4.860348 2.842105
v 2.518325 4.807208 2.842105
v 2.704999 5.005952 2.526316
v 2.938065 5.187822 2.210526
v 2.622749 4.927359 2.526316
v 3.091551 5.285668 1.894737
v 2.809617 5.093654 2.210526
v 2.561165 4.860348 2.526316
v 2.518325 4.807208 2.526316
v 2.704999 5.005952 2.210526
v 2.938065 5.187822 1.894737
v 2.622749 4.927359 2.210526
v 3.091551 5.285668 1.578947
v 2.809617 5.093654 1.894737
v 2.561165 4.860348 2.210526
v 2.518325 4.807208 2.210526
v 2.704999 5.005952 1.894737
v 2.938065 5.187822 1.578947
v 2.622749 4.927359 1.894737
v 3.091551 5.285668 1.263158
v 2.809617 5.093654 1.578947
v 2.561165 4.860348 1.894737
v 2.518325 4.807208 1.894737
v 2.704999 5.005952 1.578947
v 2.938065 5.187822 1.263158
v 2.622749 4.927359 1.578947
v 3.091551 5.285668 0.947368
v 2.809617 5.093654 1.263158
v 2.561165 4.860348 1.578947
v 2.518325 4.807208 1.578947
v 2.704999 5.005952 1.263158
v 2.938065 5.187822 0.947368
v 2.622749 4.927359 1.263158
v 3.091551 5.285668 0.631579
v 2.809617 5.093654 0.947368
v 2.561165 4.860348 1.263158
v 2.518325 4.807208 1.263158
v 2.704999 5.005952 0.947368
v 2.938065 5.187822 0.631579
v 2.622749 4.927359 0.947368
v 3.091551 5.285668 0.315789
v 2.809617 5.093654 0.631579
v 2.561165 4.860348 0.947368
v 2.518325 4.807208 0.947368
v 3.091551 5.285668 0.157895
v 2.704999 5.005952 0.631579
v 2.492100 4.770020 0.947368
v 2.938065 5.187822 0.315789
v 2.622749 4.927359 0.631579
v 2.938065 5.187822 0.157895
v 2.809617 5.093654 0.315789
v 2.561165 4.860348 0.631579
v 2.518325 4.807208 0.631579
v 2.704999 5.005952 0.315789
v 2.492100 4.770020 0.631579
v 2.809617 5.093654 0.157895
v 2.622749 4.927359 0.315789
v 2.704999 5.005952 0.157895
v 2.561165 4.860348 0.315789
v 2.622749 4.927359 0.157895
v 2.518325 4.807208 0.315789
v 2.492100 4.770020 0.315789
v 2.561165 4.860348 0.157895
v 2.518325 4.807208 0.157895
v 2.492100 4.770020 0.157895
v 1.794942 -5.854414 2.842105
v 1.826908 -5.675221 2.842105
v 1.794942 -5.854414 2.526316
v 1.844621 -5.516941 2.842105
v 1.850953 -5.380572 2.842105
v 1.826908 -5.675221 2.526316
v 1.848836 -5.266828 2.842105
v 1.794942 -5.854414 2.210526
v 1.844621 -5.516941 2.526316
v 1.841244 -5.176135 2.842105
v 1.831163 -5.108625 2.842105
v 1.850953 -5.380572 2.526316
v 1.826908 -5.675221 2.210526
v 1.848836 -5.266828 2.526316
v 1.794942 -5.854414 1.894737
v 1.844621 -5.516941 2.210526
v 1.841244 -5.176135 2.526316
v 1.831163 -5.108625 2.526316
v 1.850953 -5.380572 2.210526
v 1.826908 -5.675221 1.894737
v 1.848836 -5.266828 2.210526
v 1.794942 -5.854414 1.578947
v 1.844621 -5.516941 1.894737
v 1.841244 -5.176135 2.210526
v 1.831163 -5.108625 2.210526
v 1.850953 -5.380572 1.894737
v 1.826908 -5.675221 1.578947
v 1.848836 -5.266828 1.894737
v 1.794942 -5.854414 1.263158
v 1.844621 -5.516941 1.578947
v 1.841244 -5.176135 1.894737
v 1.831163 -5.108625 1.894737
v 1.850953 -5.380572 1.578947
v 1.826908 -5.675221 1.263158
v 1.848836 -5.266828 1.578947
v 1.794942 -5.854414 0.947368
v 1.844621 -5.516941 1.263158
v 1.841244 -5.176135 1.578947
v 1.831163 -5.108625 1.578947
v 1.850953 -5.380572 1.263158
v 1.826908 -5.675221 0.947368
v 1.848836 -5.266828 1.263158
v 1.794942 -5.854414 0.631579
v 1.844621 -5.516941 0.947368
v 1.841244 -5.176135 1.263158
v 1.831163 -5.108625 1.263158
v 1.850953 -5.380572 0.947368
v 1.826908 -5.675221 0.631579
v 1.848836 -5.266828 0.947368
v 1.794942 -5.854414 0.315789
v 1.844621 -5.516941 0.631579
v 1.841244 -5.176135 0.947368
v 1.831163 -5.108625 0.947368
v 1.794942 -5.854414 0.157895
v 1.850953 -5.380572 0.631579
v 1.821564 -5.064144 0.947368
v 1.826908 -5.675221 0.315789
v 1.848836 -5.266828 0.631579
v 1.826908 -5.675221 0.157895
v 1.844621 -5.516941 0.315789
v 1.841244 -5.176135 0.631579
v 1.831163 -5.108625 0.631579
v 1.850953 -5.380572 0.315789
v 1.821564 -5.064144 0.631579
v 1.844621 -5.516941 0.157895
v 1.848836 -5.266828 0.315789
v 1.850953 -5.380572 0.157895
v 1.841244 -5.176135 0.315789
v 1.848836 -5.266828 0.157895
v 1.831163 -5.108625 0.315789
v 1.821564 -5.064144 0.315789
v 1.841244 -5.176135 0.157895
v 1.831163 -5.108625 0.157895
v 1.821564 -5.064144 0.157895
v 1.826118 5.083527 2.842105
v 1.836328 5.139485 2.842105
v 1.845538 5.218585 2.842105
v 1.850765 5.320838 2.842105
v 1.826118 5.083527 2.526316
v 1.849027 5.445966 2.842105
v 1.836328 5.139485 2.526316
v 1.845538 5.218585 2.526316
v 1.837368 5.593398 2.842105
v 1.850765 5.320838 2.526316
v 1.826118 5.083527 2.210526
v 1.849027 5.445966 2.526316
v 1.812883 5.762277 2.842105
v 1.836328 5.139485 2.210526
v 1.845538 5.218585 2.210526
v 1.837368 5.593398 2.526316
v 1.850765 5.320838 2.210526
v 1.772740 5.951462 2.842105
v 1.826118 5.083527 1.894737
v 1.849027 5.445966 2.210526
v 1.812883 5.762277 2.526316
v 1.836328 5.139485 1.894737
v 1.845538 5.218585 1.894737
v 1.837368 5.593398 2.210526
v 1.850765 5.320838 1.894737
v 1.772740 5.951462 2.526316
v 1.826118 5.083527 1.578947
v 1.849027 5.445966 1.894737
v 1.812883 5.762277 2.210526
v 1.836328 5.139485 1.578947
v 1.845538 5.218585 1.578947
v 1.837368 5.593398 1.894737
v 1.850765 5.320838 1.578947
v 1.772740 5.951462 2.210526
v 1.826118 5.083527 1.263158
v 1.849027 5.445966 1.578947
v 1.812883 5.762277 1.894737
v 1.836328 5.139485 1.263158
v 1.845538 5.218585 1.263158
v 1.837368 5.593398 1.578947
v 1.850765 5.320838 1.263158
v 1.772740 5.951462 1.894737
v 1.826118 5.083527 0.947368
v 1.849027 5.445966 1.263158
v 1.812883 5.762277 1.578947
v 1.836328 5.139485 0.947368
v 1.845538 5.218585 0.947368
v 1.837368 5.593398 1.263158
v 1.850765 5.320838 0.947368
v 1.772740 5.951462 1.578947
v 1.826118 5.083527 0.631579
v 1.849027 5.445966 0.947368
v 1.812883 5.762277 1.263158
v 1.836328 5.139485 0.631579
v 1.845538 5.218585 0.631579
v 1.837368 5.593398 0.947368
v 1.850765 5.320838 0.631579
v 1.772740 5.951462 1.263158
v 1.826118 5.083527 0.315789
v 1.849027 5.445966 0.631579
v 1.812883 5.762277 0.947368
v 1.836328 5.139485 0.315789
v 1.845538 5.218585 0.315789
v 1.826118 5.083527 0.157895
v 1.837368 5.593398 0.631579
v 1.836328 5.139485 0.157895
v 1.850765 5.320838 0.315789
v 1.772740 5.951462 0.947368
v 1.845538 5.218585 0.157895
v 1.849027 5.445966 0.315789
v 1.812883 5.762277 0.631579
v 1.850765 5.320838 0.157895
v 1.837368 5.593398 0.315789
v 1.849027 5.445966 0.157895
v 1.772740 5.951462 0.631579
v 1.837368 5.593398 0.157895
v 1.812883 5.762277 0.315789
v 1.812883 5.762277 0.157895
v 1.772740 5.951462 0.315789
v 1.772740 5.951462 0.157895
v 0.813468 -5.339965 2.842105
v 0.831122 -5.394038 2.842105
v 0.860669 -5.467988 2.842105
v 0.904740 -5.560404 2.842105
v 0.813468 -5.339965 2.526316
v 0.965822 -5.669624 2.842105
v 0.831122 -5.394038 2.526316
v 0.860669 -5.467988 2.526316
v 1.046246 -5.793737 2.842105
v 0.904740 -5.560404 2.526316
v 0.813468 -5.339965 2.210526
v 0.965822 -5.669624 2.526316
v 1.148158 -5.930608 2.842105
v 0.831122 -5.394038 2.210526
v 0.860669 -5.467988 2.210526
v 1.046246 -5.793737 2.526316
v 0.904740 -5.560404 2.210526
v 1.273504 -6.077886 2.842105
v 0.813468 -5.339965 1.894737
v 0.965822 -5.669624 2.210526
v 1.148158 -5.930608 2.526316
v 0.831122 -5.394038 1.894737
v 0.860669 -5.467988 1.894737
v 1.046246 -5.793737 2.210526
v 0.904740 -5.560404 1.894737
v 1.273504 -6.077886 2.526316
v 0.813468 -5.339965 1.578947
v 0.965822 -5.669624 1.894737
v 1.148158 -5.930608 2.210526
v 0.831122 -5.394038 1.578947
v 0.860669 -5.467988 1.578947
v 1.046246 -5.793737 1.894737
v 0.904740 -5.560404 1.578947
v 1.273504 -6.077886 2.210526
v 0.813468 -5.339965 1.263158
v 0.965822 -5.669624 1.578947
v 1.148158 -5.930608 1.894737
v 0.831122 -5.394038 1.263158
v 0.860669 -5.467988 1.263158
v 1.046246 -5.793737 1.578947
v 0.904740 -5.560404 1.263158
v 1.273504 -6.077886 1.894737
v 0.813468 -5.339965 0.947368
v 0.965822 -5.669624 1.263158
v 1.148158 -5.930608 1.578947
v 0.831122 -5.394038 0.947368
v 0.860669 -5.467988 0.947368
v 1.046246 -5.793737 1.263158
v 0.904740 -5.560404 0.947368
v 1.273504 -6.077886 1.578947
v 0.813468 -5.339965 0.631579
v 0.965822 -5.669624 0.947368
v 1.148158 -5.930608 1.263158
v 0.831122 -5.394038 0.631579
v 0.860669 -5.467988 0.631579
v 1.046246 -5.793737 0.947368
v 0.904740 -5.560404 0.631579
v 1.273504 -6.077886 1.263158
v 0.813468 -5.339965 0.315789
v 0.965822 -5.669624 0.631579
v 1.148158 -5.930608 0.947368
v 0.831122 -5.394038 0.315789
v 0.860669 -5.467988 0.315789
v 0.813468 -5.339965 0.157895
v 1.046246 -5.793737 0.631579
v 0.831122 -5.394038 0.157895
v 0.904740 -5.560404 0.315789
v 1.273504 -6.077886 0.947368
v 0.860669 -5.467988 0.157895
v 0.965822 -5.669624 0.315789
v 1.148158 -5.930608 0.631579
v 0.904740 -5.560404 0.157895
v 1.046246 -5.793737 0.315789
v 0.965822 -5.669624 0.157895
v 1.273504 -6.077886 0.631579
v 1.046246 -5.793737 0.157895
v 1.148158 -5.930608 0.315789
v 1.148158 -5.930608 0.157895
v 1.273504 -6.077886 0.315789
v 1.273504 -6.077886 0.157895
v 1.207789 6.003101 2.842105
v 1.094389 5.860720 2.842105
v 1.207789 6.003101 2.526316
v 1.003478 5.729947 2.842105
v 0.933005 5.613028 2.842105
v 1.094389 5.860720 2.526316
v 0.880730 5.511986 2.842105
v 1.207789 6.003101 2.210526
v 1.003478 5.729947 2.526316
v 0.844242 5.428610 2.842105
v 0.820977 5.364439 2.842105
v 0.933005 5.613028 2.526316
v 1.094389 5.860720 2.210526
v 0.880730 5.511986 2.526316
v 1.207789 6.003101 1.894737
v 1.003478 5.729947 2.210526
v 0.844242 5.428610 2.526316
v 0.820977 5.364439 2.526316
v 0.933005 5.613028 2.210526
v 1.094389 5.860720 1.894737
v 0.880730 5.511986 2.210526
v 1.207789 6.003101 1.578947
v 1.003478 5.729947 1.894737
v 0.844242 5.428610 2.210526
v 0.820977 5.364439 2.210526
v 0.933005 5.613028 1.894737
v 1.094389 5.860720 1.578947
v 0.880730 5.511986 1.894737
v 1.207789 6.003101 1.263158
v 1.003478 5.729947 1.578947
v 0.844242 5.428610 1.894737
v 0.820977 5.364439 1.894737
v 0.933005 5.613028 1.578947
v 1.094389 5.860720 1.263158
v 0.880730 5.511986 1.578947
v 1.207789 6.003101 0.947368
v 1.003478 5.729947 1.263158
v 0.844242 5.428610 1.578947
v 0.820977 5.364439 1.578947
v 0.933005 5.613028 1.263158
v 1.094389 5.860720 0.947368
v 0.880730 5.511986 1.263158
v 1.207789 6.003101 0.631579
v 1.003478 5.729947 0.947368
v 0.844242 5.428610 1.263158
v 0.820977 5.364439 1.263158
v 0.933005 5.613028 0.947368
v 1.094389 5.860720 0.631579
v 0.880730 5.511986 0.947368
v 1.207789 6.003101 0.315789
v 1.003478 5.729947 0.631579
v 0.844242 5.428610 0.947368
v 0.820977 5.364439 0.947368
v 1.207789 6.003101 0.157895
v 0.933005 5.613028 0.631579
v 0.808248 5.320750 0.947368
v 1.094389 5.860720 0.315789
v 0.880730 5.511986 0.631579
v 1.094389 5.860720 0.157895
v 1.003478 5.729947 0.315789
v 0.844242 5.428610 0.631579
v 0.820977 5.364439 0.631579
v 0.933005 5.613028 0.315789
v 0.808248 5.320750 0.631579
v 1.003478 5.729947 0.157895
v 0.880730 5.511986 0.315789
v 0.933005 5.613028 0.157895
v 0.844242 5.428610 0.315789
v 0.880730 5.511986 0.157895
v 0.820977 5.364439 0.315789
v 0.808248 5.320750 0.315789
v 0.844242 5.428610 0.157895
v 0.820977 5.364439 0.157895
v 0.808248 5.320750 0.157895
v -0.203238 -6.120022 2.842105
v -0.114821 -5.960918 2.842105
v -0.203238 -6.120022 2.526316
v -0.046673 -5.816965 2.842105
v 0.003594 -5.690041 2.842105
v -0.114821 -5.960918 2.526316
v 0.038525 -5.581773 2.842105
v -0.203238 -6.120022 2.210526
v -0.046673 -5.816965 2.526316
v 0.060792 -5.493528 2.842105
v 0.073177 -5.426403 2.842105
v 0.003594 -5.690041 2.526316
v -0.114821 -5.960918 2.210526
v 0.038525 -5.581773 2.526316
v -0.203238 -6.120022 1.894737
v -0.046673 -5.816965 2.210526
v 0.060792 -5.493528 2.526316
v 0.073177 -5.426403 2.526316
v 0.003594 -5.690041 2.210526
v -0.114821 -5.960918 1.894737
v 0.038525 -5.581773 2.210526
v -0.203238 -6.120022 1.578947
v -0.046673 -5.816965 1.894737
v 0.060792 -5.493528 2.210526
v 0.073177 -5.426403 2.210526
v 0.003594 -5.690041 1.894737
v -0.114821 -5.960918 1.578947
v 0.038525 -5.581773 1.894737
v -0.203238 -6.120022 1.263158
v -0.046673 -5.816965 1.578947
v 0.060792 -5.493528 1.894737
v 0.073177 -5.426403 1.894737
v 0.003594 -5.690041 1.578947
v -0.114821 -5.960918 1.263158
v 0.038525 -5.581773 1.578947
v -0.203238 -6.120022 0.947368
v -0.046673 -5.816965 1.263158
v 0.060792 -5.493528 1.578947
v 0.073177 -5.426403 1.578947
v 0.003594 -5.690041 1.263158
v -0.114821 -5.960918 0.947368
v 0.038525 -5.581773 1.263158
v -0.203238 -6.120022 0.631579
v -0.046673 -5.816965 0.947368
v 0.060792 -5.493528 1.263158
v 0.073177 -5.426403 1.263158
v 0.003594 -5.690041 0.947368
v -0.114821 -5.960918 0.631579
v 0.038525 -5.581773 0.947368
v -0.203238 -6.120022 0.315789
v -0.046673 -5.816965 0.631579
v 0.060792 -5.493528 0.947368
v 0.073177 -5.426403 0.947368
v -0.203238 -6.120022 0.157895
v 0.003594 -5.690041 0.631579
v 0.078542 -5.381215 0.947368
v -0.114821 -5.960918 0.315789
v 0.038525 -5.581773 0.631579
v -0.114821 -5.960918 0.157895
v -0.046673 -5.816965 0.315789
v 0.060792 -5.493528 0.631579
v 0.073177 -5.426403 0.631579
v 0.003594 -5.690041 0.315789
v 0.078542 -5.381215 0.631579
v -0.046673 -5.816965 0.157895
v 0.038525 -5.581773 0.315789
v 0.003594 -5.690041 0.157895
v 0.060792 -5.493528 0.315789
v 0.038525 -5.581773 0.157895
v 0.073177 -5.426403 0.315789
v 0.078542 -5.381215 0.315789
v 0.060792 -5.493528 0.157895
v 0.073177 -5.426403 0.157895
v 0.078542 -5.381215 0.157895
v 0.076556 5.401027 2.842105
v 0.068043 5.457268 2.842105
v 0.051070 5.535073 2.842105
v 0.022812 5.633483 2.842105
v 0.076556 5.401027 2.526316
v -0.019460 5.751266 2.842105
v 0.068043 5.457268 2.526316
v 0.051070 5.535073 2.526316
v -0.078359 5.886925 2.842105
v 0.022812 5.633483 2.526316
v 0.076556 5.401027 2.210526
v -0.019460 5.751266 2.526316
v -0.156353 6.038703 2.842105
v 0.068043 5.457268 2.210526
v 0.051070 5.535073 2.210526
v -0.078359 5.886925 2.526316
v 0.022812 5.633483 2.210526
v -0.255748 6.204604 2.842105
v 0.076556 5.401027 1.894737
v -0.019460 5.751266 2.210526
v -0.156353 6.038703 2.526316
v 0.068043 5.457268 1.894737
v 0.051070 5.535073 1.894737
v -0.078359 5.886925 2.210526
v 0.022812 5.633483 1.894737
v -0.255748 6.204604 2.526316
v 0.076556 5.401027 1.578947
v -0.019460 5.751266 1.894737
v -0.156353 6.038703 2.210526
v 0.068043 5.457268 1.578947
v 0.051070 5.535073 1.578947
v -0.078359 5.886925 1.894737
v 0.022812 5.633483 1.578947
v -0.255748 6.204604 2.210526
v 0.076556 5.401027 1.263158
v -0.019460 5.751266 1.578947
v -0.156353 6.038703 1.894737
v 0.068043 5.457268 1.263158
v 0.051070 5.535073 1.263158
v -0.078359 5.886925 1.578947
v 0.022812 5.633483 1.263158
v -0.255748 6.204604 1.894737
v 0.076556 5.401027 0.947368
v -0.019460 5.751266 1.263158
v -0.156353 6.038703 1.578947
v 0.068043 5.457268 0.947368
v 0.051070 5.535073 0.947368
v -0.078359 5.886925 1.263158
v 0.022812 5.633483 0.947368
v -0.255748 6.204604 1.578947
v 0.076556 5.401027 0.631579
v -0.019460 5.751266 0.947368
v -0.156353 6.038703 1.263158
v 0.068043 5.457268 0.631579
v 0.051070 5.535073 0.631579
v -0.078359 5.886925 0.947368
v 0.022812 5.633483 0.631579
v -0.255748 6.204604 1.263158
v 0.076556 5.401027 0.315789
v -0.019460 5.751266 0.631579
v -0.156353 6.038703 0.947368
v 0.068043 5.457268 0.315789
v 0.051070 5.535073 0.315789
v 0.076556 5.401027 0.157895
v -0.078359 5.886925 0.631579
v 0.068043 5.457268 0.157895
v 0.022812 5.633483 0.315789
v -0.255748 6.204604 0.947368
v 0.051070 5.535073 0.157895
v -0.019460 5.751266 0.315789
v -0.156353 6.038703 0.631579
v 0.022812 5.633483 0.157895
v -0.078359 5.886925 0.315789
v -0.019460 5.751266 0.157895
v -0.255748 6.204604 0.631579
v -0.078359 5.886925 0.157895
v -0.156353 6.038703 0.315789
v -0.156353 6.038703 0.157895
v -0.255748 6.204604 0.315789
v -0.255748 6.204604 0.157895
v -0.964491 -5.314764 2.842105
v -0.965352 -5.371639 2.842105
v -0.961417 -5.451176 2.842105
v -0.949742 -5.552895 2.842105
v -0.964491 -5.314764 2.526316
v -0.927433 -5.676030 2.842105
v -0.965352 -5.371639 2.526316
v -0.961417 -5.451176 2.526316
v -0.891666 -5.819532 2.842105
v -0.949742 -5.552895 2.526316
v -0.964491 -5.314764 2.210526
v -0.927433 -5.676030 2.526316
v -0.839718 -5.982078 2.842105
v -0.965352 -5.371639 2.210526
v -0.961417 -5.451176 2.210526
v -0.891666 -5.819532 2.526316
v -0.949742 -5.552895 2.210526
v -0.768984 -6.162076 2.842105
v -0.964491 -5.314764 1.894737
v -0.927433 -5.676030 2.210526
v -0.839718 -5.982078 2.526316
v -0.965352 -5.371639 1.894737
v -0.961417 -5.451176 1.894737
v -0.891666 -5.819532 2.210526
v -0.949742 -5.552895 1.894737
v -0.768984 -6.162076 2.526316
v -0.964491 -5.314764 1.578947
v -0.927433 -5.676030 1.894737
v -0.839718 -5.982078 2.210526
v -0.965352 -5.371639 1.578947
v -0.961417 -5.451176 1.578947
v -0.891666 -5.819532 1.894737
v -0.949742 -5.552895 1.578947
v -0.768984 -6.162076 2.210526
v -0.964491 -5.314764 1.263158
v -0.927433 -5.676030 1.578947
v -0.839718 -5.982078 1.894737
v -0.965352 -5.371639 1.263158
v -0.961417 -5.451176 1.263158
v -0.891666 -5.819532 1.578947
v -0.949742 -5.552895 1.263158
v -0.768984 -6.162076 1.894737
v -0.964491 -5.314764 0.947368
v -0.927433 -5.676030 1.263158
v -0.839718 -5.982078 1.578947
v -0.965352 -5.371639 0.947368
v -0.961417 -5.451176 0.947368
v -0.891666 -5.819532 1.263158
v -0.949742 -5.552895 0.947368
v -0.768984 -6.162076 1.578947
v -0.964491 -5.314764 0.631579
v -0.927433 -5.676030 0.947368
v -0.839718 -5.982078 1.263158
v -0.965352 -5.371639 0.631579
v -0.961417 -5.451176 0.631579
v -0.891666 -5.819532 0.947368
v -0.949742 -5.552895 0.631579
v -0.768984 -6.162076 1.263158
v -0.964491 -5.314764 0.315789
v -0.927433 -5.676030 0.631579
v -0.839718 -5.982078 0.947368
v -0.965352 -5.371639 0.315789
v -0.961417 -5.451176 0.315789
v -0.964491 -5.314764 0.157895
v -0.891666 -5.819532 0.631579
v -0.965352 -5.371639 0.157895
v -0.949742 -5.552895 0.315789
v -0.768984 -6.162076 0.947368
v -0.961417 -5.451176 0.157895
v -0.927433 -5.676030 0.315789
v -0.839718 -5.982078 0.631579
v -0.949742 -5.552895 0.157895
v -0.891666 -5.819532 0.315789
v -0.927433 -5.676030 0.157895
v -0.768984 -6.162076 0.631579
v -0.891666 -5.819532 0.157895
v -0.839718 -5.982078 0.315789
v -0.839718 -5.982078 0.157895
v -0.768984 -6.162076 0.315789
v -0.768984 -6.162076 0.157895
v -0.806856 6.070004 2.842105
v -0.867880 5.898518 2.842105
v -0.806856 6.070004 2.526316
v -0.911404 5.745311 2.842105
v -0.940095 5.611845 2.842105
v -0.867880 5.898518 2.526316
v -0.956729 5.499304 2.842105
v -0.806856 6.070004 2.210526
v -0.911404 5.745311 2.526316
v -0.964168 5.408597 2.842105
v -0.965336 5.340350 2.842105
v -0.940095 5.611845 2.526316
v -0.867880 5.898518 2.210526
v -0.956729 5.499304 2.526316
v -0.806856 6.070004 1.894737
v -0.911404 5.745311 2.210526
v -0.964168 5.408597 2.526316
v -0.965336 5.340350 2.526316
v -0.940095 5.611845 2.210526
v -0.867880 5.898518 1.894737
v -0.956729 5.499304 2.210526
v -0.806856 6.070004 1.578947
v -0.911404 5.745311 1.894737
v -0.964168 5.408597 2.210526
v -0.965336 5.340350 2.210526
v -0.940095 5.611845 1.894737
v -0.867880 5.898518 1.578947
v -0.956729 5.499304 1.894737
v -0.806856 6.070004 1.263158
v -0.911404 5.745311 1.578947
v -0.964168 5.408597 1.894737
v -0.965336 5.340350 1.894737
v -0.940095 5.611845 1.578947
v -0.867880 5.898518 1.263158
v -0.956729 5.499304 1.578947
v -0.806856 6.070004 0.947368
v -0.911404 5.745311 1.263158
v -0.964168 5.408597 1.578947
v -0.965336 5.340350 1.578947
v -0.940095 5.611845 1.263158
v -0.867880 5.898518 0.947368
v -0.956729 5.499304 1.263158
v -0.806856 6.070004 0.631579
v -0.911404 5.745311 0.947368
v -0.964168 5.408597 1.263158
v -0.965336 5.340350 1.263158
v -0.940095 5.611845 0.947368
v -0.867880 5.898518 0.631579
v -0.956729 5.499304 0.947368
v -0.806856 6.070004 0.315789
v -0.911404 5.745311 0.631579
v -0.964168 5.408597 0.947368
v -0.965336 5.340350 0.947368
v -0.806856 6.070004 0.157895
v -0.940095 5.611845 0.631579
v -0.963190 5.294895 0.947368
v -0.867880 5.898518 0.315789
v -0.956729 5.499304 0.631579
v -0.867880 5.898518 0.157895
v -0.911404 5.745311 0.315789
v -0.964168 5.408597 0.631579
v -0.965336 5.340350 0.631579
v -0.940095 5.611845 0.315789
v -0.963190 5.294895 0.631579
v -0.911404 5.745311 0.157895
v -0.956729 5.499304 0.315789
v -0.940095 5.611845 0.157895
v -0.964168 5.408597 0.315789
v -0.956729 5.499304 0.157895
v -0.965336 5.340350 0.315789
v -0.963190 5.294895 0.315789
v -0.964168 5.408597 0.157895
v -0.965336 5.340350 0.157895
v -0.963190 5.294895 0.157895
v -2.179394 -5.722431 2.842105
v -2.044106 -5.600657 2.842105
v -2.179394 -5.722431 2.526316
v -1.932910 -5.486631 2.842105
v -1.844154 -5.382905 2.842105
v -2.044106 -5.600657 2.526316
v -1.775961 -5.291846 2.842105
v -2.179394 -5.722431 2.210526
v -1.932910 -5.486631 2.526316
v -1.726247 -5.215613 2.842105
v -1.692738 -5.156147 2.842105
v -1.844154 -5.382905 2.526316
v -2.044106 -5.600657 2.210526
v -1.775961 -5.291846 2.526316
v -2.179394 -5.722431 1.894737
v -1.932910 -5.486631 2.210526
v -1.726247 -5.215613 2.526316
v -1.692738 -5.156147 2.526316
v -1.844154 -5.382905 2.210526
v -2.044106 -5.600657 1.894737
v -1.775961 -5.291846 2.210526
v -2.179394 -5.722431 1.578947
v -1.932910 -5.486631 1.894737
v -1.726247 -5.215613 2.210526
v -1.692738 -5.156147 2.210526
v -1.844154 -5.382905 1.894737
v -2.044106 -5.600657 1.578947
v -1.775961 -5.291846 1.894737
v -2.179394 -5.722431 1.263158
v -1.932910 -5.486631 1.578947
v -1.726247 -5.215613 1.894737
v -1.692738 -5.156147 1.894737
v -1.844154 -5.382905 1.578947
v -2.044106 -5.600657 1.263158
v -1.775961 -5.291846 1.578947
v -2.179394 -5.722431 0.947368
v -1.932910 -5.486631 1.263158
v -1.726247 -5.215613 1.578947
v -1.692738 -5.156147 1.578947
v -1.844154 -5.382905 1.263158
v -2.044106 -5.600657 0.947368
v -1.775961 -5.291846 1.263158
v -2.179394 -5.722431 0.631579
v -1.932910 -5.486631 0.947368
v -1.726247 -5.215613 1.263158
v -1.692738 -5.156147 1.263158
v -1.844154 -5.382905 0.947368
v -2.044106 -5.600657 0.631579
v -1.775961 -5.291846 0.947368
v -2.179394 -5.722431 0.315789
v -1.932910 -5.486631 0.631579
v -1.726247 -5.215613 0.947368
v -1.692738 -5.156147 0.947368
v -2.179394 -5.722431 0.157895
v -1.844154 -5.382905 0.631579
v -1.672991 -5.115149 0.947368
v -2.044106 -5.600657 0.315789
v -1.775961 -5.291846 0.631579
v -2.044106 -5.600657 0.157895
v -1.932910 -5.486631 0.315789
v -1.726247 -5.215613 0.631579
v -1.692738 -5.156147 0.631579
v -1.844154 -5.382905 0.315789
v -1.672991 -5.115149 0.631579
v -1.932910 -5.486631 0.157895
v -1.775961 -5.291846 0.315789
v -1.844154 -5.382905 0.157895
v -1.726247 -5.215613 0.315789
v -1.775961 -5.291846 0.157895
v -1.692738 -5.156147 0.315789
v -1.672991 -5.115149 0.315789
v -1.726247 -5.215613 0.157895
v -1.692738 -5.156147 0.157895
v -1.672991 -5.115149 0.157895
v -1.681303 5.133242 2.842105
v -1.707616 5.183672 2.842105
v -1.748932 5.251750 2.842105
v -1.807613 5.335652 2.842105
v -1.681303 5.133242 2.526316
v -1.885839 5.433328 2.842105
v -1.707616 5.183672 2.526316
v -1.748932 5.251750 2.526316
v -1.985594 5.542512 2.842105
v -1.807613 5.335652 2.526316
v -1.681303 5.133242 2.210526
v -1.885839 5.433328 2.526316
v -2.108645 5.660741 2.842105
v -1.707616 5.183672 2.210526
v -1.748932 5.251750 2.210526
v -1.985594 5.542512 2.526316
v -1.807613 5.335652 2.210526
v -2.256523 5.785380 2.842105
v -1.681303 5.133242 1.894737
v -1.885839 5.433328 2.210526
v -2.108645 5.660741 2.526316
v -1.707616 5.183672 1.894737
v -1.748932 5.251750 1.894737
v -1.985594 5.542512 2.210526
v -1.807613 5.335652 1.894737
v -2.256523 5.785380 2.526316
v -1.681303 5.133242 1.578947
v -1.885839 5.433328 1.894737
v -2.108645 5.660741 2.210526
v -1.707616 5.183672 1.578947
v -1.748932 5.251750 1.578947
v -1.985594 5.542512 1.894737
v -1.807613 5.335652 1.578947
v -2.256523 5.785380 2.210526
v -1.681303 5.133242 1.263158
v -1.885839 5.433328 1.578947
v -2.108645 5.660741 1.894737
v -1.707616 5.183672 1.263158
v -1.748932 5.251750 1.263158
v -1.985594 5.542512 1.578947
v -1.807613 5.335652 1.263158
v -2.256523 5.785380 1.894737
v -1.681303 5.133242 0.947368
v -1.885839 5.433328 1.263158
v -2.108645 5.660741 1.578947
v -1.707616 5.183672 0.947368
v -1.748932 5.251750 0.947368
v -1.985594 5.542512 1.263158
v -1.807613 5.335652 0.947368
v -2.256523 5.785380 1.578947
v -1.681303 5.133242 0.631579
v -1.885839 5.433328 0.947368
v -2.108645 5.660741 1.263158
v -1.707616 5.183672 0.631579
v -1.748932 5.251750 0.631579
v -1.985594 5.542512 0.947368
v -1.807613 5.335652 0.631579
v -2.256523 5.785380 1.263158
v -1.681303 5.133242 0.315789
v -1.885839 5.433328 0.631579
v -2.108645 5.660741 0.947368
v -1.707616 5.183672 0.315789
v -1.748932 5.251750 0.315789
v -1.681303 5.133242 0.157895
v -1.985594 5.542512 0.631579
v -1.707616 5.183672 0.157895
v -1.807613 5.335652 0.315789
v -2.256523 5.785380 0.947368
v -1.748932 5.251750 0.157895
v -1.885839 5.433328 0.315789
v -2.108645 5.660741 0.631579
v -1.807613 5.335652 0.157895
v -1.985594 5.542512 0.315789
v -1.885839 5.433328 0.157895
v -2.256523 5.785380 0.631579
v -1.985594 5.542512 0.157895
v -2.108645 5.660741 0.315789
v -2.108645 5.660741 0.157895
v -2.256523 5.785380 0.315789
v -2.256523 5.785380 0.157895
v -2.637933 -4.713625 2.842105
v -2.657214 -4.767139 2.842105
v -2.679318 -4.843645 2.842105
v -2.701304 -4.943643 2.842105
v -2.637933 -4.713625 2.526316
v -2.720186 -5.067350 2.842105
v -2.657214 -4.767139 2.526316
v -2.679318 -4.843645 2.526316
v -2.732952 -5.214690 2.842105
v -2.701304 -4.943643 2.526316
v -2.637933 -4.713625 2.210526
v -2.720186 -5.067350 2.526316
v -2.736597 -5.385296 2.842105
v -2.657214 -4.767139 2.210526
v -2.679318 -4.843645 2.210526
v -2.732952 -5.214690 2.526316
v -2.701304 -4.943643 2.210526
v -2.728141 -5.578509 2.842105
v -2.637933 -4.713625 1.894737
v -2.720186 -5.067350 2.210526
v -2.736597 -5.385296 2.526316
v -2.657214 -4.767139 1.894737
v -2.679318 -4.843645 1.894737
v -2.732952 -5.214690 2.210526
v -2.701304 -4.943643 1.894737
v -2.728141 -5.578509 2.526316
v -2.637933 -4.713625 1.578947
v -2.720186 -5.067350 1.894737
v -2.736597 -5.385296 2.210526
v -2.657214 -4.767139 1.578947
v -2.679318 -4.843645 1.578947
v -2.732952 -5.214690 1.894737
v -2.701304 -4.943643 1.578947
v -2.728141 -5.578509 2.210526
v -2.637933 -4.713625 1.263158
v -2.720186 -5.067350 1.578947
v -2.736597 -5.385296 1.894737
v -2.657214 -4.767139 1.263158
v -2.679318 -4.843645 1.263158
v -2.732952 -5.214690 1.578947
v -2.701304 -4.943643 1.263158
v -2.728141 -5.578509 1.894737
v -2.637933 -4.713625 0.947368
v -2.720186 -5.067350 1.263158
v -2.736597 -5.385296 1.578947
v -2.657214 -4.767139 0.947368
v -2.679318 -4.843645 0.947368
v -2.732952 -5.214690 1.263158
v -2.701304 -4.943643 0.947368
v -2.728141 -5.578509 1.578947
v -2.637933 -4.713625 0.631579
v -2.720186 -5.067350 0.947368
v -2.736597 -5.385296 1.263158
v -2.657214 -4.767139 0.631579
v -2.679318 -4.843645 0.631579
v -2.732952 -5.214690 0.947368
v -2.701304 -4.943643 0.631579
v -2.728141 -5.578509 1.263158
v -2.637933 -4.713625 0.315789
v -2.720186 -5.067350 0.631579
v -2.736597 -5.385296 0.947368
v -2.657214 -4.767139 0.315789
v -2.679318 -4.843645 0.315789
v -2.637933 -4.713625 0.157895
v -2.732952 -5.214690 0.631579
v -2.657214 -4.767139 0.157895
v -2.701304 -4.943643 0.315789
v -2.728141 -5.578509 0.947368
v -2.679318 -4.843645 0.157895
v -2.720186 -5.067350 0.315789
v -2.736597 -5.385296 0.631579
v -2.701304 -4.943643 0.157895
v -2.732952 -5.214690 0.315789
v -2.720186 -5.067350 0.157895
v -2.728141 -5.578509 0.631579
v -2.732952 -5.214690 0.157895
v -2.736597 -5.385296 0.315789
v -2.736597 -5.385296 0.157895
v -2.728141 -5.578509 0.315789
v -2.728141 -5.578509 0.157895
v -2.734066 5.479129 2.842105
v -2.736102 5.297120 2.842105
v -2.734066 5.479129 2.526316
v -2.727521 5.138082 2.842105
v -2.711321 5.002531 2.842105
v -2.736102 5.297120 2.526316
v -2.690512 4.890687 2.842105
v -2.734066 5.479129 2.210526
v -2.727521 5.138082 2.526316
v -2.668096 4.802480 2.842105
v -2.647040 4.737551 2.842105
v -2.711321 5.002531 2.526316
v -2.736102 5.297120 2.210526
v -2.690512 4.890687 2.526316
v -2.734066 5.479129 1.894737
v -2.727521 5.138082 2.210526
v -2.668096 4.802480 2.526316
v -2.647040 4.737551 2.526316
v -2.711321 5.002531 2.210526
v -2.736102 5.297120 1.894737
v -2.690512 4.890687 2.210526
v -2.734066 5.479129 1.578947
v -2.727521 5.138082 1.894737
v -2.668096 4.802480 2.210526
v -2.647040 4.737551 2.210526
v -2.711321 5.002531 1.894737
v -2.736102 5.297120 1.578947
v -2.690512 4.890687 1.894737
v -2.734066 5.479129 1.263158
v -2.727521 5.138082 1.578947
v -2.668096 4.802480 1.894737
v -2.647040 4.737551 1.894737
v -2.711321 5.002531 1.578947
v -2.736102 5.297120 1.263158
v -2.690512 4.890687 1.578947
v -2.734066 5.479129 0.947368
v -2.727521 5.138082 1.263158
v -2.668096 4.802480 1.578947
v -2.647040 4.737551 1.578947
v -2.711321 5.002531 1.263158
v -2.736102 5.297120 0.947368
v -2.690512 4.890687 1.263158
v -2.734066 5.479129 0.631579
v -2.727521 5.138082 0.947368
v -2.668096 4.802480 1.263158
v -2.647040 4.737551 1.263158
v -2.711321 5.002531 0.947368
v -2.736102 5.297120 0.631579
v -2.690512 4.890687 0.947368
v -2.734066 5.479129 0.315789
v -2.727521 5.138082 0.631579
v -2.668096 4.802480 0.947368
v -2.647040 4.737551 0.947368
v -2.734066 5.479129 0.157895
v -2.711321 5.002531 0.631579
v -2.630251 4.695255 0.947368
v -2.736102 5.297120 0.315789
v -2.690512 4.890687 0.631579
v -2.736102 5.297120 0.157895
v -2.727521 5.138082 0.315789
v -2.668096 4.802480 0.631579
v -2.647040 4.737551 0.631579
v -2.711321 5.002531 0.315789
v -2.630251 4.695255 0.631579
v -2.727521 5.138082 0.157895
v -2.690512 4.890687 0.315789
v -2.711321 5.002531 0.157895
v -2.668096 4.802480 0.315789
v -2.690512 4.890687 0.157895
v -2.647040 4.737551 0.315789
v -2.630251 4.695255 0.315789
v -2.668096 4.802480 0.157895
v -2.647040 4.737551 0.157895
v -2.630251 4.695255 0.157895
v -3.919379 -4.704726 2.842105
v -3.751881 -4.633478 2.842105
v -3.919379 -4.704726 2.526316
v -3.609686 -4.561736 2.842105
v -3.492059 -4.492449 2.842105
v -3.751881 -4.633478 2.526316
v -3.397994 -4.428465 2.842105
v -3.919379 -4.704726 2.210526
v -3.609686 -4.561736 2.526316
v -3.326221 -4.372505 2.842105
v -3.275219 -4.327141 2.842105
v -3.492059 -4.492449 2.526316
v -3.751881 -4.633478 2.210526
v -3.397994 -4.428465 2.526316
v -3.919379 -4.704726 1.894737
v -3.609686 -4.561736 2.210526
v -3.326221 -4.372505 2.526316
v -3.275219 -4.327141 2.526316
v -3.492059 -4.492449 2.210526
v -3.751881 -4.633478 1.894737
v -3.397994 -4.428465 2.210526
v -3.919379 -4.704726 1.578947
v -3.609686 -4.561736 1.894737
v -3.326221 -4.372505 2.210526
v -3.275219 -4.327141 2.210526
v -3.492059 -4.492449 1.894737
v -3.751881 -4.633478 1.578947
v -3.397994 -4.428465 1.894737
v -3.919379 -4.704726 1.263158
v -3.609686 -4.561736 1.578947
v -3.326221 -4.372505 1.894737
v -3.275219 -4.327141 1.894737
v -3.492059 -4.492449 1.578947
v -3.751881 -4.633478 1.263158
v -3.397994 -4.428465 1.578947
v -3.919379 -4.704726 0.947368
v -3.609686 -4.561736 1.263158
v -3.326221 -4.372505 1.578947
v -3.275219 -4.327141 1.578947
v -3.492059 -4.492449 1.263158
v -3.751881 -4.633478 0.947368
v -3.397994 -4.428465 1.263158
v -3.919379 -4.704726 0.631579
v -3.609686 -4.561736 0.947368
v -3.326221 -4.372505 1.263158
v -3.275219 -4.327141 1.263158
v -3.492059 -4.492449 0.947368
v -3.751881 -4.633478 0.631579
v -3.397994 -4.428465 0.947368
v -3.919379 -4.704726 0.315789
v -3.609686 -4.561736 0.631579
v -3.326221 -4.372505 0.947368
v -3.275219 -4.327141 0.947368
v -3.919379 -4.704726 0.157895
v -3.492059 -4.492449 0.631579
v -3.243230 -4.294776 0.947368
v -3.751881 -4.633478 0.315789
v -3.397994 -4.428465 0.631579
v -3.751881 -4.633478 0.157895
v -3.609686 -4.561736 0.315789
v -3.326221 -4.372505 0.631579
v -3.275219 -4.327141 0.631579
v -3.492059 -4.492449 0.315789
v -3.243230 -4.294776 0.631579
v -3.609686 -4.561736 0.157895
v -3.397994 -4.428465 0.315789
v -3.492059 -4.492449 0.157895
v -3.326221 -4.372505 0.315789
v -3.397994 -4.428465 0.157895
v -3.275219 -4.327141 0.315789
v -3.243230 -4.294776 0.315789
v -3.326221 -4.372505 0.157895
v -3.275219 -4.327141 0.157895
v -3.243230 -4.294776 0.157895
v -3.256966 4.309191 2.842105
v -3.298228 4.348344 2.842105
v -3.359411 4.399318 2.842105
v -3.442155 4.459621 2.842105
v -3.256966 4.309191 2.526316
v -3.547858 4.526605 2.842105
v -3.298228 4.348344 2.526316
v -3.359411 4.399318 2.526316
v -3.677660 4.597482 2.842105
v -3.442155 4.459621 2.526316
v -3.256966 4.309191 2.210526
v -3.547858 4.526605 2.526316
v -3.832432 4.669351 2.842105
v -3.298228 4.348344 2.210526
v -3.359411 4.399318 2.210526
v -3.677660 4.597482 2.526316
v -3.442155 4.459621 2.210526
v -4.012768 4.739220 2.842105
v -3.256966 4.309191 1.894737
v -3.547858 4.526605 2.210526
v -3.832432 4.669351 2.526316
v -3.298228 4.348344 1.894737
v -3.359411 4.399318 1.894737
v -3.677660 4.597482 2.210526
v -3.442155 4.459621 1.894737
v -4.012768 4.739220 2.526316
v -3.256966 4.309191 1.578947
v -3.547858 4.526605 1.894737
v -3.832432 4.669351 2.210526
v -3.298228 4.348344 1.578947
v -3.359411 4.399318 1.578947
v -3.677660 4.597482 1.894737
v -3.442155 4.459621 1.578947
v -4.012768 4.739220 2.210526
v -3.256966 4.309191 1.263158
v -3.547858 4.526605 1.578947
v -3.832432 4.669351 1.894737
v -3.298228 4.348344 1.263158
v -3.359411 4.399318 1.263158
v -3.677660 4.597482 1.578947
v -3.442155 4.459621 1.263158
v -4.012768 4.739220 1.894737
v -3.256966 4.309191 0.947368
v -3.547858 4.526605 1.263158
v -3.832432 4.669351 1.578947
v -3.298228 4.348344 0.947368
v -3.359411 4.399318 0.947368
v -3.677660 4.597482 1.263158
v -3.442155 4.459621 0.947368
v -4.012768 4.739220 1.578947
v -3.256966 4.309191 0.631579
v -3.547858 4.526605 0.947368
v -3.832432 4.669351 1.263158
v -3.298228 4.348344 0.631579
v -3.359411 4.399318 0.631579
v -3.677660 4.597482 0.947368
v -3.442155 4.459621 0.631579
v -4.012768 4.739220 1.263158
v -3.256966 4.309191 0.315789
v -3.547858 4.526605 0.631579
v -3.832432 4.669351 0.947368
v -3.298228 4.348344 0.315789
v -3.359411 4.399318 0.315789
v -3.256966 4.309191 0.157895
v -3.677660 4.597482 0.631579
v -3.298228 4.348344 0.157895
v -3.442155 4.459621 0.315789
v -4.012768 4.739220 0.947368
v -3.359411 4.399318 0.157895
v -3.547858 4.526605 0.315789
v -3.832432 4.669351 0.631579
v -3.442155 4.459621 0.157895
v -3.677660 4.597482 0.315789
v -3.547858 4.526605 0.157895
v -4.012768 4.739220 0.631579
v -3.677660 4.597482 0.157895
v -3.832432 4.669351 0.315789
v -3.832432 4.669351 0.157895
v -4.012768 4.739220 0.315789
v -4.012768 4.739220 0.157895
v -4.025515 -3.601692 2.842105
v -4.061127 -3.646046 2.842105
v -4.106874 -3.711229 2.842105
v -4.160139 -3.798671 2.842105
v -4.025515 -3.601692 2.526316
v -4.218164 -3.909544 2.842105
v -4.061127 -3.646046 2.526316
v -4.106874 -3.711229 2.526316
v -4.278080 -4.044756 2.842105
v -4.160139 -3.798671 2.526316
v -4.025515 -3.601692 2.210526
v -4.218164 -3.909544 2.526316
v -4.336923 -4.204935 2.842105
v -4.061127 -3.646046 2.210526
v -4.106874 -3.711229 2.210526
v -4.278080 -4.044756 2.526316
v -4.160139 -3.798671 2.210526
v -4.391662 -4.390424 2.842105
v -4.025515 -3.601692 1.894737
v -4.218164 -3.909544 2.210526
v -4.336923 -4.204935 2.526316
v -4.061127 -3.646046 1.894737
v -4.106874 -3.711229 1.894737
v -4.278080 -4.044756 2.210526
v -4.160139 -3.798671 1.894737
v -4.391662 -4.390424 2.526316
v -4.025515 -3.601692 1.578947
v -4.218164 -3.909544 1.894737
v -4.336923 -4.204935 2.210526
v -4.061127 -3.646046 1.578947
v -4.106874 -3.711229 1.578947
v -4.278080 -4.044756 1.894737
v -4.160139 -3.798671 1.578947
v -4.391662 -4.390424 2.210526
v -4.025515 -3.601692 1.263158
v -4.218164 -3.909544 1.578947
v -4.336923 -4.204935 1.894737
v -4.061127 -3.646046 1.263158
v -4.106874 -3.711229 1.263158
v -4.278080 -4.044756 1.578947
v -4.160139 -3.798671 1.263158
v -4.391662 -4.390424 1.894737
v -4.025515 -3.601692 0.947368
v -4.218164 -3.909544 1.263158
v -4.336923 -4.204935 1.578947
v -4.061127 -3.646046 0.947368
v -4.106874 -3.711229 0.947368
v -4.278080 -4.044756 1.263158
v -4.160139 -3.798671 0.947368
v -4.391662 -4.390424 1.578947
v -4.025515 -3.601692 0.631579
v -4.218164 -3.909544 0.947368
v -4.336923 -4.204935 1.263158
v -4.061127 -3.646046 0.631579
v -4.106874 -3.711229 0.631579
v -4.278080 -4.044756 0.947368
v -4.160139 -3.798671 0.631579
v -4.391662 -4.390424 1.263158
v -4.025515 -3.601692 0.315789
v -4.218164 -3.909544 0.631579
v -4.336923 -4.204935 0.947368
v -4.061127 -3.646046 0.315789
v -4.106874 -3.711229 0.315789
v -4.025515 -3.601692 0.157895
v -4.278080 -4.044756 0.631579
v -4.061127 -3.646046 0.157895
v -4.160139 -3.798671 0.315789
v -4.391662 -4.390424 0.947368
v -4.106874 -3.711229 0.157895
v -4.218164 -3.909544 0.315789
v -4.336923 -4.204935 0.631579
v -4.160139 -3.798671 0.157895
v -4.278080 -4.044756 0.315789
v -4.218164 -3.909544 0.157895
v -4.391662 -4.390424 0.631579
v -4.278080 -4.044756 0.157895
v -4.336923 -4.204935 0.315789
v -4.336923 -4.204935 0.157895
v -4.391662 -4.390424 0.315789
v -4.391662 -4.390424 0.157895
v -4.364997 4.294505 2.842105
v -4.307824 4.121696 2.842105
v -4.364997 4.294505 2.526316
v -4.248069 3.974062 2.842105
v -4.188733 3.851115 2.842105
v -4.307824 4.121696 2.526316
v -4.132736 3.752088 2.842105
v -4.364997 4.294505 2.210526
v -4.248069 3.974062 2.526316
v -4.082894 3.675939 2.842105
v -4.041896 3.621365 2.842105
v -4.188733 3.851115 2.526316
v -4.307824 4.121696 2.210526
v -4.132736 3.752088 2.526316
v -4.364997 4.294505 1.894737
v -4.248069 3.974062 2.210526
v -4.082894 3.675939 2.526316
v -4.041896 3.621365 2.526316
v -4.188733 3.851115 2.210526
v -4.307824 4.121696 1.894737
v -4.132736 3.752088 2.210526
v -4.364997 4.294505 1.578947
v -4.248069 3.974062 1.894737
v -4.082894 3.675939 2.210526
v -4.041896 3.621365 2.210526
v -4.188733 3.851115 1.894737
v -4.307824 4.121696 1.578947
v -4.132736 3.752088 1.894737
v -4.364997 4.294505 1.263158
v -4.248069 3.974062 1.578947
v -4.082894 3.675939 1.894737
v -4.041896 3.621365 1.894737
v -4.188733 3.851115 1.578947
v -4.307824 4.121696 1.263158
v -4.132736 3.752088 1.578947
v -4.364997 4.294505 0.947368
v -4.248069 3.974062 1.263158
v -4.082894 3.675939 1.578947
v -4.041896 3.621365 1.578947
v -4.188733 3.851115 1.263158
v -4.307824 4.121696 0.947368
v -4.132736 3.752088 1.263158
v -4.364997 4.294505 0.631579
v -4.248069 3.974062 0.947368
v -4.082894 3.675939 1.263158
v -4.041896 3.621365 1.263158
v -4.188733 3.851115 0.947368
v -4.307824 4.121696 0.631579
v -4.132736 3.752088 0.947368
v -4.364997 4.294505 0.315789
v -4.248069 3.974062 0.631579
v -4.082894 3.675939 0.947368
v -4.041896 3.621365 0.947368
v -4.364997 4.294505 0.157895
v -4.188733 3.851115 0.631579
v -4.012284 3.586812 0.947368
v -4.307824 4.121696 0.315789
v -4.132736 3.752088 0.631579
v -4.307824 4.121696 0.157895
v -4.248069 3.974062 0.315789
v -4.082894 3.675939 0.631579
v -4.041896 3.621365 0.631579
v -4.188733 3.851115 0.315789
v -4.012284 3.586812 0.631579
v -4.248069 3.974062 0.157895
v -4.132736 3.752088 0.315789
v -4.188733 3.851115 0.157895
v -4.082894 3.675939 0.315789
v -4.132736 3.752088 0.157895
v -4.041896 3.621365 0.315789
v -4.012284 3.586812 0.315789
v -4.082894 3.675939 0.157895
v -4.041896 3.621365 0.157895
v -4.012284 3.586812 0.157895
v -5.234638 -3.177191 2.842105
v -5.053082 -3.164189 2.842105
v -5.234638 -3.177191 2.526316
v -4.895296 -3.142505 2.842105
v -4.761546 -3.115166 2.842105
v -5.053082 -3.164189 2.526316
v -4.651802 -3.085192 2.842105
v -5.234638 -3.177191 2.210526
v -4.895296 -3.142505 2.526316
v -4.565747 -3.055569 2.842105
v -4.502779 -3.029223 2.842105
v -4.761546 -3.115166 2.526316
v -5.053082 -3.164189 2.210526
v -4.651802 -3.085192 2.526316
v -5.234638 -3.177191 1.894737
v -4.895296 -3.142505 2.210526
v -4.565747 -3.055569 2.526316
v -4.502779 -3.029223 2.526316
v -4.761546 -3.115166 2.210526
v -5.053082 -3.164189 1.894737
v -4.651802 -3.085192 2.210526
v -5.234638 -3.177191 1.578947
v -4.895296 -3.142505 1.894737
v -4.565747 -3.055569 2.210526
v -4.502779 -3.029223 2.210526
v -4.761546 -3.115166 1.894737
v -5.053082 -3.164189 1.578947
v -4.651802 -3.085192 1.894737
v -5.234638 -3.177191 1.263158
v -4.895296 -3.142505 1.578947
v -4.565747 -3.055569 1.894737
v -4.502779 -3.029223 1.894737
v -4.761546 -3.115166 1.578947
v -5.053082 -3.164189 1.263158
v -4.651802 -3.085192 1.578947
v -5.234638 -3.177191 0.947368
v -4.895296 -3.142505 1.263158
v -4.565747 -3.055569 1.578947
v -4.502779 -3.029223 1.578947
v -4.761546 -3.115166 1.263158
v -5.053082 -3.164189 0.947368
v -4.651802 -3.085192 1.263158
v -5.234638 -3.177191 0.631579
v -4.895296 -3.142505 0.947368
v -4.565747 -3.055569 1.263158
v -4.502779 -3.029223 1.263158
v -4.761546 -3.115166 0.947368
v -5.053082 -3.164189 0.631579
v -4.651802 -3.085192 0.947368
v -5.234638 -3.177191 0.315789
v -4.895296 -3.142505 0.631579
v -4.565747 -3.055569 0.947368
v -4.502779 -3.029223 0.947368
v -5.234638 -3.177191 0.157895
v -4.761546 -3.115166 0.631579
v -4.462014 -3.008999 0.947368
v -5.053082 -3.164189 0.315789
v -4.651802 -3.085192 0.631579
v -5.053082 -3.164189 0.157895
v -4.895296 -3.142505 0.315789
v -4.565747 -3.055569 0.631579
v -4.502779 -3.029223 0.631579
v -4.761546 -3.115166 0.315789
v -4.462014 -3.008999 0.631579
v -4.895296 -3.142505 0.157895
v -4.651802 -3.085192 0.315789
v -4.761546 -3.115166 0.157895
v -4.565747 -3.055569 0.315789
v -4.651802 -3.085192 0.157895
v -4.502779 -3.029223 0.315789
v -4.462014 -3.008999 0.315789
v -4.565747 -3.055569 0.157895
v -4.502779 -3.029223 0.157895
v -4.462014 -3.008999 0.157895
v -4.479687 3.018172 2.842105
v -4.531426 3.041806 2.842105
v -4.605844 3.070152 2.842105
v -4.703686 3.100321 2.842105
v -4.479687 3.018172 2.526316
v -4.825411 3.129353 2.842105
v -4.531426 3.041806 2.526316
v -4.605844 3.070152 2.526316
v -4.971194 3.154243 2.842105
v -4.703686 3.100321 2.526316
v -4.479687 3.018172 2.210526
v -4.825411 3.129353 2.526316
v -5.140916 3.171964 2.842105
v -4.531426 3.041806 2.210526
v -4.605844 3.070152 2.210526
v -4.971194 3.154243 2.526316
v -4.703686 3.100321 2.210526
v -5.334167 3.179493 2.842105
v -4.479687 3.018172 1.894737
v -4.825411 3.129353 2.210526
v -5.140916 3.171964 2.526316
v -4.531426 3.041806 1.894737
v -4.605844 3.070152 1.894737
v -4.971194 3.154243 2.210526
v -4.703686 3.100321 1.894737
v -5.334167 3.179493 2.526316
v -4.479687 3.018172 1.578947
v -4.825411 3.129353 1.894737
v -5.140916 3.171964 2.210526
v -4.531426 3.041806 1.578947
v -4.605844 3.070152 1.578947
v -4.971194 3.154243 1.894737
v -4.703686 3.100321 1.578947
v -5.334167 3.179493 2.210526
v -4.479687 3.018172 1.263158
v -4.825411 3.129353 1.578947
v -5.140916 3.171964 1.894737
v -4.531426 3.041806 1.263158
v -4.605844 3.070152 1.263158
v -4.971194 3.154243 1.578947
v -4.703686 3.100321 1.263158
v -5.334167 3.179493 1.894737
v -4.479687 3.018172 0.947368
v -4.825411 3.129353 1.263158
v -5.140916 3.171964 1.578947
v -4.531426 3.041806 0.947368
v -4.605844 3.070152 0.947368
v -4.971194 3.154243 1.263158
v -4.703686 3.100321 0.947368
v -5.334167 3.179493 1.578947
v -4.479687 3.018172 0.631579
v -4.825411 3.129353 0.947368
v -5.140916 3.171964 1.263158
v -4.531426 3.041806 0.631579
v -4.605844 3.070152 0.631579
v -4.971194 3.154243 0.947368
v -4.703686 3.100321 0.631579
v -5.334167 3.179493 1.263158
v -4.479687 3.018172 0.315789
v -4.825411 3.129353 0.631579
v -5.140916 3.171964 0.947368
v -4.531426 3.041806 0.315789
v -4.605844 3.070152 0.315789
v -4.479687 3.018172 0.157895
v -4.971194 3.154243 0.631579
v -4.531426 3.041806 0.157895
v -4.703686 3.100321 0.315789
v -5.334167 3.179493 0.947368
v -4.605844 3.070152 0.157895
v -4.825411 3.129353 0.315789
v -5.140916 3.171964 0.631579
v -4.703686 3.100321 0.157895
v -4.971194 3.154243 0.315789
v -4.825411 3.129353 0.157895
v -5.334167 3.179493 0.631579
v -4.971194 3.154243 0.157895
v -5.140916 3.171964 0.315789
v -5.140916 3.171964 0.157895
v -5.334167 3.179493 0.315789
v -5.334167 3.179493 0.157895
v -4.976869 -2.099460 2.842105
v -5.024953 -2.129848 2.842105
v -5.089386 -2.176645 2.842105
v -5.168157 -2.242054 2.842105
v -4.976869 -2.099460 2.526316
v -5.259039 -2.328079 2.842105
v -5.024953 -2.129848 2.526316
v -5.089386 -2.176645 2.526316
v -5.359612 -2.436509 2.842105
v -5.168157 -2.242054 2.526316
v -4.976869 -2.099460 2.210526
v -5.259039 -2.328079 2.526316
v -5.467277 -2.568903 2.842105
v -5.024953 -2.129848 2.210526
v -5.089386 -2.176645 2.210526
v -5.359612 -2.436509 2.526316
v -5.168157 -2.242054 2.210526
v -5.579278 -2.726568 2.842105
v -4.976869 -2.099460 1.894737
v -5.259039 -2.328079 2.210526
v -5.467277 -2.568903 2.526316
v -5.024953 -2.129848 1.894737
v -5.089386 -2.176645 1.894737
v -5.359612 -2.436509 2.210526
v -5.168157 -2.242054 1.894737
v -5.579278 -2.726568 2.526316
v -4.976869 -2.099460 1.578947
v -5.259039 -2.328079 1.894737
v -5.467277 -2.568903 2.210526
v -5.024953 -2.129848 1.578947
v -5.089386 -2.176645 1.578947
v -5.359612 -2.436509 1.894737
v -5.168157 -2.242054 1.578947
v -5.579278 -2.726568 2.210526
v -4.976869 -2.099460 1.263158
v -5.259039 -2.328079 1.578947
v -5.467277 -2.568903 1.894737
v -5.024953 -2.129848 1.263158
v -5.089386 -2.176645 1.263158
v -5.359612 -2.436509 1.578947
v -5.168157 -2.242054 1.263158
v -5.579278 -2.726568 1.894737
v -4.976869 -2.099460 0.947368
v -5.259039 -2.328079 1.263158
v -5.467277 -2.568903 1.578947
v -5.024953 -2.129848 0.947368
v -5.089386 -2.176645 0.947368
v -5.359612 -2.436509 1.263158
v -5.168157 -2.242054 0.947368
v -5.579278 -2.726568 1.578947
v -4.976869 -2.099460 0.631579
v -5.259039 -2.328079 0.947368
v -5.467277 -2.568903 1.263158
v -5.024953 -2.129848 0.631579
v -5.089386 -2.176645 0.631579
v -5.359612 -2.436509 0.947368
v -5.168157 -2.242054 0.631579
v -5.579278 -2.726568 1.263158
v -4.976869 -2.099460 0.315789
v -5.259039 -2.328079 0.631579
v -5.467277 -2.568903 0.947368
v -5.024953 -2.129848 0.315789
v -5.089386 -2.176645 0.315789
v -4.976869 -2.099460 0.157895
v -5.359612 -2.436509 0.631579
v -5.024953 -2.129848 0.157895
v -5.168157 -2.242054 0.315789
v -5.579278 -2.726568 0.947368
v -5.089386 -2.176645 0.157895
v -5.259039 -2.328079 0.315789
v -5.467277 -2.568903 0.631579
v -5.168157 -2.242054 0.157895
v -5.359612 -2.436509 0.315789
v -5.259039 -2.328079 0.157895
v -5.579278 -2.726568 0.631579
v -5.359612 -2.436509 0.157895
v -5.467277 -2.568903 0.315789
v -5.467277 -2.568903 0.157895
v -5.579278 -2.726568 0.315789
v -5.579278 -2.726568 0.157895
v -5.522913 2.644505 2.842105
v -5.412727 2.499623 2.842105
v -5.522913 2.644505 2.526316
v -5.308273 2.379390 2.842105
v -5.212231 2.282372 2.842105
v -5.412727 2.499623 2.526316
v -5.127114 2.206892 2.842105
v -5.522913 2.644505 2.210526
v -5.308273 2.379390 2.526316
v -5.055247 2.151053 2.842105
v -4.998750 2.112748 2.842105
v -5.212231 2.282372 2.526316
v -5.412727 2.499623 2.210526
v -5.127114 2.206892 2.526316
v -5.522913 2.644505 1.894737
v -5.308273 2.379390 2.210526
v -5.055247 2.151053 2.526316
v -4.998750 2.112748 2.526316
v -5.212231 2.282372 2.210526
v -5.412727 2.499623 1.894737
v -5.127114 2.206892 2.210526
v -5.522913 2.644505 1.578947
v -5.308273 2.379390 1.894737
v -5.055247 2.151053 2.210526
v -4.998750 2.112748 2.210526
v -5.212231 2.282372 1.894737
v -5.412727 2.499623 1.578947
v -5.127114 2.206892 1.894737
v -5.522913 2.644505 1.263158
v -5.308273 2.379390 1.578947
v -5.055247 2.151053 1.894737
v -4.998750 2.112748 1.894737
v -5.212231 2.282372 1.578947
v -5.412727 2.499623 1.263158
v -5.127114 2.206892 1.578947
v -5.522913 2.644505 0.947368
v -5.308273 2.379390 1.263158
v -5.055247 2.151053 1.578947
v -4.998750 2.112748 1.578947
v -5.212231 2.282372 1.263158
v -5.412727 2.499623 0.947368
v -5.127114 2.206892 1.263158
v -5.522913 2.644505 0.631579
v -5.308273 2.379390 0.947368
v -5.055247 2.151053 1.263158
v -4.998750 2.112748 1.263158
v -5.212231 2.282372 0.947368
v -5.412727 2.499623 0.631579
v -5.127114 2.206892 0.947368
v -5.522913 2.644505 0.315789
v -5.308273 2.379390 0.631579
v -5.055247 2.151053 0.947368
v -4.998750 2.112748 0.947368
v -5.522913 2.644505 0.157895
v -5.212231 2.282372 0.631579
v -4.959523 2.089683 0.947368
v -5.412727 2.499623 0.315789
v -5.127114 2.206892 0.631579
v -5.412727 2.499623 0.157895
v -5.308273 2.379390 0.315789
v -5.055247 2.151053 0.631579
v -4.998750 2.112748 0.631579
v -5.212231 2.282372 0.315789
v -4.959523 2.089683 0.631579
v -5.308273 2.379390 0.157895
v -5.127114 2.206892 0.315789
v -5.212231 2.282372 0.157895
v -5.055247 2.151053 0.315789
v -5.127114 2.206892 0.157895
v -4.998750 2.112748 0.315789
v -4.959523 2.089683 0.315789
v -5.055247 2.151053 0.157895
v -4.998750 2.112748 0.157895
v -4.959523 2.089683 0.157895
v -5.982643 -1.305357 2.842105
v -5.806702 -1.352012 2.842105
v -5.982643 -1.305357 2.526316
v -5.650425 -1.382735 2.842105
v -5.515045 -1.400307 2.842105
v -5.806702 -1.352012 2.526316
v -5.401515 -1.407590 2.842105
v -5.982643 -1.305357 2.210526
v -5.650425 -1.382735 2.526316
v -5.310504 -1.407514 2.842105
v -5.242393 -1.403041 2.842105
v -5.515045 -1.400307 2.526316
v -5.806702 -1.352012 2.210526
v -5.401515 -1.407590 2.526316
v -5.982643 -1.305357 1.894737
v -5.650425 -1.382735 2.210526
v -5.310504 -1.407514 2.526316
v -5.242393 -1.403041 2.526316
v -5.515045 -1.400307 2.210526
v -5.806702 -1.352012 1.894737
v -5.401515 -1.407590 2.210526
v -5.982643 -1.305357 1.578947
v -5.650425 -1.382735 1.894737
v -5.310504 -1.407514 2.210526
v -5.242393 -1.403041 2.210526
v -5.515045 -1.400307 1.894737
v -5.806702 -1.352012 1.578947
v -5.401515 -1.407590 1.894737
v -5.982643 -1.305357 1.263158
v -5.650425 -1.382735 1.578947
v -5.310504 -1.407514 1.894737
v -5.242393 -1.403041 1.894737
v -5.515045 -1.400307 1.578947
v -5.806702 -1.352012 1.263158
v -5.401515 -1.407590 1.578947
v -5.982643 -1.305357 0.947368
v -5.650425 -1.382735 1.263158
v -5.310504 -1.407514 1.578947
v -5.242393 -1.403041 1.578947
v -5.515045 -1.400307 1.263158
v -5.806702 -1.352012 0.947368
v -5.401515 -1.407590 1.263158
v -5.982643 -1.305357 0.631579
v -5.650425 -1.382735 0.947368
v -5.310504 -1.407514 1.263158
v -5.242393 -1.403041 1.263158
v -5.515045 -1.400307 0.947368
v -5.806702 -1.352012 0.631579
v -5.401515 -1.407590 0.947368
v -5.982643 -1.305357 0.315789
v -5.650425 -1.382735 0.631579
v -5.310504 -1.407514 0.947368
v -5.242393 -1.403041 0.947368
v -5.982643 -1.305357 0.157895
v -5.515045 -1.400307 0.631579
v -5.197270 -1.397149 0.947368
v -5.806702 -1.352012 0.315789
v -5.401515 -1.407590 0.631579
v -5.806702 -1.352012 0.157895
v -5.650425 -1.382735 0.315789
v -5.310504 -1.407514 0.631579
v -5.242393 -1.403041 0.631579
v -5.515045 -1.400307 0.315789
v -5.197270 -1.397149 0.631579
v -5.650425 -1.382735 0.157895
v -5.401515 -1.407590 0.315789
v -5.515045 -1.400307 0.157895
v -5.310504 -1.407514 0.315789
v -5.401515 -1.407590 0.157895
v -5.242393 -1.403041 0.315789
v -5.197270 -1.397149 0.315789
v -5.310504 -1.407514 0.157895
v -5.242393 -1.403041 0.157895
v -5.197270 -1.397149 0.157895
v -5.216964 1.400087 2.842105
v -5.273574 1.405641 2.842105
v -5.353164 1.408287 2.842105
v -5.455500 1.405053 2.842105
v -5.216964 1.400087 2.526316
v -5.580057 1.392988 2.842105
v -5.273574 1.405641 2.526316
v -5.353164 1.408287 2.526316
v -5.726022 1.369194 2.842105
v -5.455500 1.405053 2.526316
v -5.216964 1.400087 2.210526
v -5.580057 1.392988 2.526316
v -5.892303 1.330846 2.842105
v -5.273574 1.405641 2.210526
v -5.353164 1.408287 2.210526
v -5.726022 1.369194 2.526316
v -5.455500 1.405053 2.210526
v -6.077527 1.275218 2.842105
v -5.216964 1.400087 1.894737
v -5.580057 1.392988 2.210526
v -5.892303 1.330846 2.526316
v -5.273574 1.405641 1.894737
v -5.353164 1.408287 1.894737
v -5.726022 1.369194 2.210526
v -5.455500 1.405053 1.894737
v -6.077527 1.275218 2.526316
v -5.216964 1.400087 1.578947
v -5.580057 1.392988 1.894737
v -5.892303 1.330846 2.210526
v -5.273574 1.405641 1.578947
v -5.353164 1.408287 1.578947
v -5.726022 1.369194 1.894737
v -5.455500 1.405053 1.578947
v -6.077527 1.275218 2.210526
v -5.216964 1.400087 1.263158
v -5.580057 1.392988 1.578947
v -5.892303 1.330846 1.894737
v -5.273574 1.405641 1.263158
v -5.353164 1.408287 1.263158
v -5.726022 1.369194 1.578947
v -5.455500 1.405053 1.263158
v -6.077527 1.275218 1.894737
v -5.216964 1.400087 0.947368
v -5.580057 1.392988 1.263158
v -5.892303 1.330846 1.578947
v -5.273574 1.405641 0.947368
v -5.353164 1.408287 0.947368
v -5.726022 1.369194 1.263158
v -5.455500 1.405053 0.947368
v -6.077527 1.275218 1.578947
v -5.216964 1.400087 0.631579
v -5.580057 1.392988 0.947368
v -5.892303 1.330846 1.263158
v -5.273574 1.405641 0.631579
v -5.353164 1.408287 0.631579
v -5.726022 1.369194 0.947368
v -5.455500 1.405053 0.631579
v -6.077527 1.275218 1.263158
v -5.216964 1.400087 0.315789
v -5.580057 1.392988 0.631579
v -5.892303 1.330846 0.947368
v -5.273574 1.405641 0.315789
v -5.353164 1.408287 0.315789
v -5.216964 1.400087 0.157895
v -5.726022 1.369194 0.631579
v -5.273574 1.405641 0.157895
v -5.455500 1.405053 0.315789
v -6.077527 1.275218 0.947368
v -5.353164 1.408287 0.157895
v -5.580057 1.392988 0.315789
v -5.892303 1.330846 0.631579
v -5.455500 1.405053 0.157895
v -5.726022 1.369194 0.315789
v -5.580057 1.392988 0.157895
v -6.077527 1.275218 0.631579
v -5.726022 1.369194 0.157895
v -5.892303 1.330846 0.315789
v -5.892303 1.330846 0.157895
v -6.077527 1.275218 0.315789
v -6.077527 1.275218 0.157895
v -5.388902 -0.369719 2.842105
v -5.444248 -0.382847 2.842105
v -5.520385 -0.406187 2.842105
v -5.616126 -0.442475 2.842105
v -5.388902 -0.369719 2.526316
v -5.730016 -0.494330 2.842105
v -5.444248 -0.382847 2.526316
v -5.520385 -0.406187 2.526316
v -5.860347 -0.564229 2.842105
v -5.616126 -0.442475 2.526316
v -5.388902 -0.369719 2.210526
v -5.730016 -0.494330 2.526316
v -6.005166 -0.654491 2.842105
v -5.444248 -0.382847 2.210526
v -5.520385 -0.406187 2.210526
v -5.860347 -0.564229 2.526316
v -5.616126 -0.442475 2.210526
v -6.162292 -0.767247 2.842105
v -5.388902 -0.369719 1.894737
v -5.730016 -0.494330 2.210526
v -6.005166 -0.654491 2.526316
v -5.444248 -0.382847 1.894737
v -5.520385 -0.406187 1.894737
v -5.860347 -0.564229 2.210526
v -5.616126 -0.442475 1.894737
v -6.162292 -0.767247 2.526316
v -5.388902 -0.369719 1.578947
v -5.730016 -0.494330 1.894737
v -6.005166 -0.654491 2.210526
v -5.444248 -0.382847 1.578947
v -5.520385 -0.406187 1.578947
v -5.860347 -0.564229 1.894737
v -5.616126 -0.442475 1.578947
v -6.162292 -0.767247 2.210526
v -5.388902 -0.369719 1.263158
v -5.730016 -0.494330 1.578947
v -6.005166 -0.654491 1.894737
v -5.444248 -0.382847 1.263158
v -5.520385 -0.406187 1.263158
v -5.860347 -0.564229 1.578947
v -5.616126 -0.442475 1.263158
v -6.162292 -0.767247 1.894737
v -5.388902 -0.369719 0.947368
v -5.730016 -0.494330 1.263158
v -6.005166 -0.654491 1.578947
v -5.444248 -0.382847 0.947368
v -5.520385 -0.406187 0.947368
v -5.860347 -0.564229 1.263158
v -5.616126 -0.442475 0.947368
v -6.162292 -0.767247 1.578947
v -5.388902 -0.369719 0.631579
v -5.730016 -0.494330 0.947368
v -6.005166 -0.654491 1.263158
v -5.444248 -0.382847 0.631579
v -5.520385 -0.406187 0.631579
v -5.860347 -0.564229 0.947368
v -5.616126 -0.442475 0.631579
v -6.162292 -0.767247 1.263158
v -5.388902 -0.369719 0.315789
v -5.730016 -0.494330 0.631579
v -6.005166 -0.654491 0.947368
v -5.444248 -0.382847 0.315789
v -5.520385 -0.406187 0.315789
v -5.388902 -0.369719 0.157895
v -5.860347 -0.564229 0.631579
v -5.444248 -0.382847 0.157895
v -5.616126 -0.442475 0.315789
v -6.162292 -0.767247 0.947368
v -5.520385 -0.406187 0.157895
v -5.730016 -0.494330 0.315789
v -6.005166 -0.654491 0.631579
v -5.616126 -0.442475 0.157895
v -5.860347 -0.564229 0.315789
v -5.730016 -0.494330 0.157895
v -6.162292 -0.767247 0.631579
v -5.860347 -0.564229 0.157895
v -6.005166 -0.654491 0.315789
v -6.005166 -0.654491 0.157895
v -6.162292 -0.767247 0.315789
v -6.162292 -0.767247 0.157895
v -6.082335 0.707931 2.842105
v -5.931077 0.606677 2.842105
v -6.082335 0.707931 2.526316
v -5.793243 0.526875 2.842105
v -5.670903 0.466298 2.842105
v -5.931077 0.606677 2.526316
v -5.565890 0.422546 2.842105
v -6.082335 0.707931 2.210526
v -5.793243 0.526875 2.526316
v -5.479785 0.393067 2.842105
v -5.413912 0.375182 2.842105
v -5.670903 0.466298 2.526316
v -5.931077 0.606677 2.210526
v -5.565890 0.422546 2.526316
v -6.082335 0.707931 1.894737
v -5.793243 0.526875 2.210526
v -5.479785 0.393067 2.526316
v -5.413912 0.375182 2.526316
v -5.670903 0.466298 2.210526
v -5.931077 0.606677 1.894737
v -5.565890 0.422546 2.210526
v -6.082335 0.707931 1.578947
v -5.793243 0.526875 1.894737
v -5.479785 0.393067 2.210526
v -5.413912 0.375182 2.210526
v -5.670903 0.466298 1.894737
v -5.931077 0.606677 1.578947
v -5.565890 0.422546 1.894737
v -6.082335 0.707931 1.263158
v -5.793243 0.526875 1.578947
v -5.479785 0.393067 1.894737
v -5.413912 0.375182 1.894737
v -5.670903 0.466298 1.578947
v -5.931077 0.606677 1.263158
v -5.565890 0.422546 1.578947
v -6.082335 0.707931 0.947368
v -5.793243 0.526875 1.263158
v -5.479785 0.393067 1.578947
v -5.413912 0.375182 1.578947
v -5.670903 0.466298 1.263158
v -5.931077 0.606677 0.947368
v -5.565890 0.422546 1.263158
v -6.082335 0.707931 0.631579
v -5.793243 0.526875 0.947368
v -5.479785 0.393067 1.263158
v -5.413912 0.375182 1.263158
v -5.670903 0.466298 0.947368
v -5.931077 0.606677 0.631579
v -5.565890 0.422546 0.947368
v -6.082335 0.707931 0.315789
v -5.793243 0.526875 0.631579
v -5.479785 0.393067 0.947368
v -5.413912 0.375182 0.947368
v -6.082335 0.707931 0.157895
v -5.670903 0.466298 0.631579
v -5.369321 0.366103 0.947368
v -5.931077 0.606677 0.315789
v -5.565890 0.422546 0.631579
v -5.931077 0.606677 0.157895
v -5.793243 0.526875 0.315789
v -5.479785 0.393067 0.631579
v -5.413912 0.375182 0.631579
v -5.670903 0.466298 0.315789
v -5.369321 0.366103 0.631579
v -5.793243 0.526875 0.157895
v -5.565890 0.422546 0.315789
v -5.670903 0.466298 0.157895
v -5.479785 0.393067 0.315789
v -5.565890 0.422546 0.157895
v -5.413912 0.375182 0.315789
v -5.369321 0.366103 0.315789
v -5.479785 0.393067 0.157895
v -5.413912 0.375182 0.157895
v -5.369321 0.366103 0.157895
vn 1.000000 0.000000 0.000000
vn 1.000000 -0.000000 0.000000
vn 0.037516 -0.999200 0.013879
vn 0.067497 -0.997718 0.001629
vn 0.183285 -0.982805 0.022375
vn 0.131725 -0.991285 -0.001466
vn 0.195664 -0.980609 0.010996
vn -0.010667 -0.999943 0.000000
vn 0.304596 -0.952276 0.019798
vn 0.258920 -0.965882 -0.005713
vn 0.067497 -0.997719 0.000000
vn 0.067497 -0.997719 0.000000
vn 0.131725 -0.991286 0.000000
vn 0.131725 -0.991286 0.000000
vn 0.321143 -0.947028 0.002345
vn 0.195676 -0.980669 0.000000
vn 0.195676 -0.980669 0.000000
vn -0.010667 -0.999943 0.000000
vn 0.258924 -0.965898 0.000000
vn 0.258924 -0.965898 0.000000
vn 0.431003 -0.900813 0.052657
vn 0.382043 -0.924142 -0.002145
vn 0.067497 -0.997719 0.000000
vn 0.067497 -0.997719 0.000000
vn 0.131725 -0.991286 0.000000
vn 0.131725 -0.991286 0.000000
vn 0.321144 -0.947030 0.000000
vn 0.321144 -0.947030 0.000000
vn 0.195676 -0.980669 0.000000
vn 0.195676 -0.980669 0.000000
vn 0.441122 -0.896868 0.032227
vn -0.010667 -0.999943 0.000000
vn 0.258924 -0.965898 0.000000
vn 0.258924 -0.965898 0.000000
vn 0.382044 -0.924144 0.000000
vn 0.382044 -0.924144 0.000000
vn 0.067497 -0.997719 0.000000
vn 0.067497 -0.997719 0.000000
vn 0.131725 -0.991286 0.000000
vn 0.131725 -0.991286 0.000000
vn 0.321144 -0.947030 0.000000
vn 0.321144 -0.947030 0.000000
vn 0.195676 -0.980669 0.000000
vn 0.195676 -0.980669 0.000000
vn 0.484242 -0.874934 0.000000
vn 0.441351 -0.897334 0.000000
vn 0.441351 -0.897334 0.000000
vn -0.010667 -0.999943 0.000000
vn -0.010667 -0.999943 0.000000
vn 0.258924 -0.965898 0.000000
vn 0.258924 -0.965898 0.000000
vn 0.382044 -0.924144 0.000000
vn 0.382044 -0.924144 0.000000
vn 0.067497 -0.997719 0.000000
vn 0.067497 -0.997719 0.000000
vn 0.131725 -0.991286 0.000000
vn 0.131725 -0.991286 0.000000
vn 0.321144 -0.947030 0.000000
vn 0.321144 -0.947030 0.000000
vn 0.195676 -0.980669 0.000000
vn 0.195676 -0.980669 0.000000
vn 0.484242 -0.874934 0.000000
vn 0.441351 -0.897334 0.000000
vn 0.441351 -0.897334 0.000000
vn -0.010667 -0.999943 0.000000
vn 0.258924 -0.965898 0.000000
vn 0.321144 -0.947030 0.000000
vn 0.258924 -0.965898 0.000000
vn 0.382044 -0.924144 0.000000
vn 0.382044 -0.924144 0.000000
vn 0.067497 -0.997719 0.000000
vn 0.067497 -0.997719 0.000000
vn 0.131725 -0.991286 0.000000
vn 0.131725 -0.991286 0.000000
vn 0.321144 -0.947030 0.000000
vn 0.195676 -0.980669 0.000000
vn 0.195676 -0.980669 0.000000
vn 0.441351 -0.897334 0.000000
vn 0.441351 -0.897334 0.000000
vn 0.484242 -0.874934 0.000000
vn -0.010667 -0.999943 0.000000
vn 0.258924 -0.965898 0.000000
vn 0.258924 -0.965898 0.000000
vn 0.321144 -0.947030 0.000000
vn 0.382044 -0.924144 0.000000
vn 0.382044 -0.924144 0.000000
vn 0.067497 -0.997719 0.000000
vn 0.067497 -0.997719 0.000000
vn 0.131725 -0.991286 0.000000
vn 0.131725 -0.991286 0.000000
vn 0.321144 -0.947030 0.000000
vn 0.195676 -0.980669 0.000000
vn 0.195676 -0.980669 0.000000
vn 0.484242 -0.874934 0.000000
vn 0.484242 -0.874934 0.000000
vn 0.441351 -0.897334 0.000000
vn 0.441351 -0.897334 0.000000
vn -0.010667 -0.999943 0.000000
vn 0.258924 -0.965898 0.000000
vn 0.258924 -0.965898 0.000000
vn 0.382044 -0.924144 0.000000
vn 0.382044 -0.924144 0.000000
vn 0.441351 -0.897334 0.000000
vn 0.067497 -0.997719 0.000000
vn 0.067497 -0.997719 0.000000
vn 0.131725 -0.991286 0.000000
vn 0.131725 -0.991286 0.000000
vn 0.321144 -0.947030 0.000000
vn 0.321144 -0.947030 0.000000
vn 0.195676 -0.980669 0.000000
vn 0.195676 -0.980669 0.000000
vn 0.484242 -0.874934 0.000000
vn 0.441351 -0.897334 0.000000
vn -0.010667 -0.999943 0.000000
vn 0.258924 -0.965898 0.000000
vn 0.258924 -0.965898 0.000000
vn 0.382044 -0.924144 0.000000
vn 0.382044 -0.924144 0.000000
vn 0.067497 -0.997719 0.000000
vn 0.067497 -0.997719 0.000000
vn 0.131725 -0.991286 0.000000
vn 0.195676 -0.980669 0.000000
vn 0.131725 -0.991286 0.000000
vn 0.037516 -0.999200 -0.013879
vn -0.010667 -0.999943 0.000000
vn 0.321144 -0.947030 0.000000
vn 0.321144 -0.947030 0.000000
vn 0.067497 -0.997718 -0.001629
vn 0.067497 -0.997719 0.000000
vn 0.067497 -0.997719 0.000000
vn 0.195676 -0.980669 0.000000
vn 0.441352 -0.897334 0.000000
vn 0.484242 -0.874934 0.000000
vn 0.441352 -0.897334 0.000000
vn 0.131725 -0.991286 0.000000
vn 0.131725 -0.991286 0.000000
vn 0.183285 -0.982805 -0.022375
vn 0.131725 -0.991285 0.001466
vn 0.195676 -0.980669 0.000000
vn 0.258924 -0.965898 0.000000
vn 0.258924 -0.965898 0.000000
vn 0.382044 -0.924144 0.000000
vn 0.382044 -0.924144 0.000000
vn 0.195676 -0.980669 0.000000
vn 0.195664 -0.980609 -0.010996
vn 0.321144 -0.947030 0.000000
vn 0.321144 -0.947030 0.000000
vn 0.304596 -0.952276 -0.019798
vn 0.258920 -0.965882 0.005713
vn 0.258924 -0.965898 0.000000
vn 0.258924 -0.965898 0.000000
vn 0.484242 -0.874934 0.000000
vn 0.441351 -0.897334 0.000000
vn 0.441351 -0.897334 0.000000
vn 0.321144 -0.947030 0.000000
vn 0.321144 -0.947030 0.000000
vn 0.321143 -0.947028 -0.002345
vn 0.382044 -0.924144 0.000000
vn 0.382044 -0.924144 0.000000
vn 0.382043 -0.924142 0.002145
vn 0.431002 -0.900813 -0.052657
vn 0.382044 -0.924144 0.000000
vn 0.382044 -0.924144 0.000000
vn 0.484242 -0.874934 0.000000
vn 0.441351 -0.897334 0.000000
vn 0.441351 -0.897334 0.000000
vn 0.441351 -0.897334 0.000000
vn 0.484242 -0.874934 0.000000
vn 0.441122 -0.896868 -0.032227
vn 0.441351 -0.897334 0.000000
vn 0.431268 0.900504 0.055686
vn 0.411827 0.911029 0.020598
vn 0.470324 0.882494 0.000000
vn 0.295652 0.954953 0.025600
vn 0.351765 0.936054 -0.008052
vn 0.290132 0.956810 0.018398
vn 0.411914 0.911223 0.000000
vn 0.411914 0.911223 -0.000000
vn 0.177176 0.984107 0.011952
vn 0.227405 0.973783 -0.005856
vn 0.470324 0.882494 0.000000
vn 0.351776 0.936084 0.000000
vn 0.351776 0.936084 -0.000000
vn 0.163764 0.986495 0.003040
vn 0.047634 0.998729 0.016465
vn 0.099612 0.995024 -0.002000
vn 0.290181 0.956972 0.000000
vn 0.290181 0.956972 -0.000000
vn 0.411914 0.911223 0.000000
vn 0.411914 0.911223 -0.000000
vn 0.227409 0.973799 0.000000
vn 0.227409 0.973799 -0.000000
vn 0.470324 0.882494 0.000000
vn 0.351776 0.936084 0.000000
vn 0.351776 0.936084 -0.000000
vn 0.163765 0.986499 0.000000
vn 0.163765 0.986499 -0.000000
vn 0.011063 0.999939 0.000000
vn 0.099612 0.995026 0.000000
vn 0.099612 0.995026 -0.000000
vn 0.290181 0.956972 0.000000
vn 0.290181 0.956972 -0.000000
vn 0.411914 0.911223 0.000000
vn 0.411914 0.911223 -0.000000
vn 0.227409 0.973799 0.000000
vn 0.227409 0.973799 -0.000000
vn 0.470324 0.882494 -0.000000
vn 0.470324 0.882494 0.000000
vn 0.351776 0.936084 -0.000000
vn 0.351776 0.936084 0.000000
vn 0.163765 0.986499 0.000000
vn 0.163765 0.986499 -0.000000
vn 0.011063 0.999939 0.000000
vn 0.099612 0.995026 0.000000
vn 0.099612 0.995026 -0.000000
vn 0.290181 0.956972 0.000000
vn 0.290181 0.956972 -0.000000
vn 0.411914 0.911223 0.000000
vn 0.411914 0.911223 -0.000000
vn 0.227409 0.973799 0.000000
vn 0.227409 0.973799 -0.000000
vn 0.470324 0.882494 0.000000
vn 0.351776 0.936084 0.000000
vn 0.351776 0.936084 -0.000000
vn 0.163765 0.986499 0.000000
vn 0.163765 0.986499 -0.000000
vn 0.099612 0.995026 -0.000000
vn 0.011063 0.999939 0.000000
vn 0.099612 0.995026 0.000000
vn 0.290181 0.956972 -0.000000
vn 0.290181 0.956972 0.000000
vn 0.411914 0.911223 -0.000000
vn 0.411914 0.911223 0.000000
vn 0.227409 0.973799 0.000000
vn 0.227409 0.973799 -0.000000
vn 0.470324 0.882494 0.000000
vn 0.351776 0.936084 -0.000000
vn 0.351776 0.936084 0.000000
vn 0.163765 0.986499 -0.000000
vn 0.163765 0.986499 0.000000
vn 0.099612 0.995026 -0.000000
vn 0.099612 0.995026 0.000000
vn 0.290181 0.956972 -0.000000
vn 0.290181 0.956972 0.000000
vn 0.411914 0.911223 -0.000000
vn 0.411914 0.911223 0.000000
vn 0.227409 0.973799 0.000000
vn 0.227409 0.973799 -0.000000
vn 0.470324 0.882494 0.000000
vn 0.351776 0.936084 0.000000
vn 0.351776 0.936084 -0.000000
vn 0.163765 0.986499 0.000000
vn 0.099612 0.995026 0.000000
vn 0.163765 0.986499 -0.000000
vn 0.099612 0.995026 0.000000
vn 0.290181 0.956972 -0.000000
vn 0.290181 0.956972 0.000000
vn 0.411914 0.911223 0.000000
vn 0.411914 0.911223 -0.000000
vn 0.227409 0.973799 -0.000000
vn 0.227409 0.973799 0.000000
vn 0.163765 0.986499 0.000000
vn 0.470324 0.882494 0.000000
vn 0.411914 0.911223 0.000000
vn 0.351776 0.936084 -0.000000
vn 0.351776 0.936084 0.000000
vn 0.163765 0.986499 0.000000
vn 0.099612 0.995026 0.000000
vn 0.099612 0.995026 -0.000000
vn 0.431268 0.900504 -0.055686
vn 0.470324 0.882494 0.000000
vn 0.290181 0.956972 0.000000
vn 0.290181 0.956972 -0.000000
vn -0.032389 0.999475 0.000000
vn 0.021511 0.999768 0.000672
vn 0.035493 0.999370 -0.000000
vn 0.035493 0.999370 -0.000000
vn 0.035493 0.999370 -0.000000
vn 0.351776 0.936084 0.000000
vn 0.411914 0.911223 0.000000
vn 0.227409 0.973799 0.000000
vn 0.227409 0.973799 -0.000000
vn 0.411827 0.911029 -0.020598
vn 0.411914 0.911223 -0.000000
vn 0.411914 0.911223 0.000000
vn 0.351776 0.936084 0.000000
vn 0.351776 0.936084 -0.000000
vn 0.163765 0.986499 0.000000
vn 0.163765 0.986499 -0.000000
vn 0.099612 0.995026 0.000000
vn 0.099612 0.995026 -0.000000
vn 0.290181 0.956972 0.000000
vn 0.290181 0.956972 -0.000000
vn 0.035492 0.999370 -0.000000
vn -0.032389 0.999475 0.000000
vn 0.035492 0.999370 0.000000
vn 0.295652 0.954952 -0.025600
vn 0.351765 0.936054 0.008052
vn 0.351776 0.936084 0.000000
vn 0.227409 0.973799 -0.000000
vn 0.227409 0.973799 0.000000
vn 0.290181 0.956972 -0.000000
vn 0.290132 0.956810 -0.018398
vn 0.290181 0.956972 0.000000
vn 0.163765 0.986499 -0.000000
vn 0.163765 0.986499 0.000000
vn 0.177176 0.984107 -0.011952
vn 0.227405 0.973783 0.005856
vn 0.227409 0.973799 -0.000000
vn 0.163765 0.986499 0.000000
vn 0.227409 0.973799 0.000000
vn 0.099612 0.995026 0.000000
vn 0.099612 0.995026 -0.000000
vn -0.032389 0.999475 0.000000
vn 0.035493 0.999370 -0.000000
vn 0.035493 0.999370 0.000000
vn 0.163764 0.986495 -0.003040
vn 0.163765 0.986499 0.000000
vn 0.047634 0.998729 -0.016465
vn 0.099612 0.995024 0.002000
vn 0.099612 0.995026 0.000000
vn 0.099612 0.995026 -0.000000
vn 0.035490 0.999310 -0.010996
vn -0.032389 0.999475 0.000000
vn 0.035493 0.999370 0.000000
vn 0.035493 0.999370 -0.000000
vn 0.000000 -0.000000 -1.000000
vn 0.000000 0.000000 -1.000000
vn 0.000000 0.000000 -1.000000
vn 0.000000 0.000000 -1.000000
vn 0.000000 0.000000 -1.000000
vn 0.000000 0.000000 -1.000000
vn 0.000000 0.000000 -1.000000
vn 0.000000 0.000000 -1.000000
vn 0.000000 -0.000000 -1.000000
vn 0.000000 0.000000 -1.000000
vn 0.000000 0.000000 -1.000000
vn 0.000000 -0.000000 -1.000000
vn 0.000000 0.000000 -1.000000
vn 0.000000 0.000000 -1.000000
vn 0.000000 0.000000 -1.000000
vn 0.000000 0.000000 -1.000000
vn 0.000000 0.000000 -1.000000
vn 0.000000 0.000000 -1.000000
vn 0.000000 -0.000000 -1.000000
vn 0.000000 0.000000 -1.000000
vn 0.000000 0.000000 -1.000000
vn 0.000000 0.000000 -1.000000
vn 0.000000 0.000000 -1.000000
vn 0.000000 -0.000000 -1.000000
vn 0.000000 0.000000 -1.000000
vn 0.000000 0.000000 -1.000000
vn 0.000000 -0.000000 -1.000000
vn 0.000000 0.000000 -1.000000
vn 0.000000 0.000000 -1.000000
vn 0.000000 0.000000 -1.000000
vn 0.000000 0.000000 -1.000000
vn 0.000000 -0.000000 -1.000000
vn 0.000000 0.000000 -1.000000
vn 0.000000 0.000000 -1.000000
vn 0.000000 0.000000 -1.000000
vn 0.000000 0.000000 -1.000000
vn 0.000000 0.000000 -1.000000
vn 0.000000 0.000000 -1.000000
vn 0.000000 0.000000 -1.000000
vn 0.000000 0.000000 -1.000000
vn 0.000000 0.000000 -1.000000
vn 0.000000 0.000000 -1.000000
vn 0.000000 0.000000 -1.000000
vn 0.000000 0.000000 -1.000000
vn 0.000000 -0.000000 -1.000000
vn 0.000000 0.000000 -1.000000
vn 0.000000 0.000000 -1.000000
vn 0.000000 0.000000 -1.000000
vn 0.000000 0.000000 -1.000000
vn 0.000000 0.000000 -1.000000
vn 0.000000 -0.000000 -1.000000
vn 0.000000 0.000000 -1.000000
vn 0.000000 0.000000 -1.000000
vn 0.000000 -0.000000 -1.000000
vn 0.000000 0.000000 -1.000000
vn 0.000000 0.000000 -1.000000
vn 0.000000 -0.000000 -1.000000
vn 0.000000 -0.000000 -1.000000
vn 0.000000 0.000000 -1.000000
vn 0.000000 0.000000 -1.000000
vn 0.000000 0.000000 -1.000000
vn 0.000000 0.000000 -1.000000
vn 0.000000 -0.000000 -1.000000
vn 0.000000 0.000000 -1.000000
vn 0.000000 0.000000 -1.000000
vn 0.000000 0.000000 -1.000000
vn 0.000000 0.000000 -1.000000
vn 0.000000 0.000000 -1.000000
vn 0.000000 0.000000 -1.000000
vn 0.000000 0.000000 -1.000000
vn 0.000000 0.000000 -1.000000
vn 0.000000 0.000000 -1.000000
vn 0.000000 0.000000 -1.000000
vn 0.000000 -0.000000 -1.000000
vn 0.000000 0.000000 -1.000000
vn 0.000000 0.000000 -1.000000
vn 0.000000 0.000000 -1.000000
vn 0.000000 -0.000000 -1.000000
vn 0.000000 0.000000 -1.000000
vn 0.000000 0.000000 -1.000000
vn 0.000000 0.000000 -1.000000
vn 0.000000 0.000000 -1.000000
vn 0.000000 0.000000 -1.000000
vn 0.000000 0.000000 -1.000000
vn 0.000000 -0.000000 -1.000000
vn 0.000000 0.000000 -1.000000
vn 0.000000 0.000000 -1.000000
vn 0.000000 -0.000000 -1.000000
vn 0.000000 0.000000 -1.000000
vn 0.000000 0.000000 -1.000000
vn 0.000000 -0.000000 -1.000000
vn 0.000000 0.000000 -1.000000
vn 0.000000 0.000000 -1.000000
vn 0.000000 0.000000 -1.000000
vn 0.000000 -0.000000 -1.000000
vn 0.000000 0.000000 -1.000000
vn 0.000000 0.000000 -1.000000
vn 0.000000 -0.000000 -1.000000
vn 0.000000 0.000000 -1.000000
vn 0.000000 -0.000000 -1.000000
vn 0.000000 0.000000 -1.000000
vn 0.000000 0.000000 -1.000000
vn 0.000000 0.000000 -1.000000
vn 0.000000 0.000000 -1.000000
vn 0.000000 0.000000 -1.000000
vn 0.000000 -0.000000 -1.000000
vn 0.000000 0.000000 -1.000000
vn 0.000000 0.000000 -1.000000
vn 0.000000 0.000000 -1.000000
vn 0.000000 0.000000 -1.000000
vn 0.000000 0.000000 -1.000000
vn 0.000000 0.000000 -1.000000
vn 0.000000 0.000000 -1.000000
vn 0.000000 0.000000 -1.000000
vn 0.000000 0.000000 -1.000000
vn 0.000000 0.000000 -1.000000
vn 0.000000 0.000000 -1.000000
vn 0.000000 -0.000000 -1.000000
vn 0.000000 0.000000 -1.000000
vn 0.000000 0.000000 -1.000000
vn 0.000000 0.000000 -1.000000
vn 0.000000 -0.000000 -1.000000
vn 0.000000 0.000000 -1.000000
vn 0.000000 0.000000 -1.000000
vn 0.000000 0.000000 -1.000000
vn 0.000000 -0.000000 -1.000000
vn 0.000000 0.000000 -1.000000
vn 0.000000 0.000000 -1.000000
vn 0.000000 -0.000000 -1.000000
vn 0.000000 0.000000 -1.000000
vn 0.000000 0.000000 -1.000000
vn 0.000000 0.000000 -1.000000
vn 0.000000 -0.000000 -1.000000
vn 0.000000 0.000000 -1.000000
vn 0.000000 0.000000 -1.000000
vn 0.000000 0.000000 -1.000000
vn 0.000000 0.000000 -1.000000
vn 0.000000 -0.000000 -1.000000
vn 0.000000 0.000000 -1.000000
vn 0.000000 0.000000 -1.000000
vn 0.000000 0.000000 -1.000000
vn 0.000000 0.000000 -1.000000
vn 0.000000 -0.000000 -1.000000
vn 0.000000 0.000000 -1.000000
vn 0.000000 0.000000 -1.000000
vn 0.000000 0.000000 -1.000000
vn 0.000000 -0.000000 -1.000000
vn 0.000000 0.000000 -1.000000
vn 0.000000 0.000000 -1.000000
vn 0.000000 0.000000 -1.000000
vn 0.000000 0.000000 -1.000000
vn 0.000000 0.000000 -1.000000
vn 0.000000 0.000000 -1.000000
vn 0.000000 0.000000 -1.000000
vn 0.000000 0.000000 -1.000000
vn 0.000000 0.000000 -1.000000
vn 0.000000 0.000000 -1.000000
vn 0.000000 0.000000 -1.000000
vn 0.000000 -0.000000 -1.000000
vn 0.000000 0.000000 -1.000000
vn 0.000000 0.000000 -1.000000
vn 0.000000 -0.000000 -1.000000
vn 0.000000 0.000000 -1.000000
vn 0.000000 0.000000 -1.000000
vn 0.000000 -0.000000 -1.000000
vn 0.000000 0.000000 -1.000000
vn 0.000000 0.000000 -1.000000
vn 0.000000 0.000000 -1.000000
vn 0.000000 0.000000 -1.000000
vn 0.000000 -0.000000 -1.000000
vn 0.000000 0.000000 -1.000000
vn 0.000000 -0.000000 -1.000000
vn 0.000000 0.000000 -1.000000
vn 0.000000 0.000000 -1.000000
vn 0.000000 -0.000000 -1.000000
vn 0.000000 0.000000 -1.000000
vn 0.000000 0.000000 -1.000000
vn 0.000000 -0.000000 -1.000000
vn 0.000000 0.000000 -1.000000
vn 0.000000 0.000000 -1.000000
vn 0.000000 0.000000 -1.000000
vn 0.000000 0.000000 -1.000000
vn 0.000000 0.000000 -1.000000
vn 0.000000 0.000000 -1.000000
vn 0.000000 0.000000 -1.000000
vn 0.000000 -0.000000 -1.000000
vn 0.000000 0.000000 -1.000000
vn 0.000000 0.000000 -1.000000
vn 0.000000 0.000000 -1.000000
vn 0.000000 0.000000 -1.000000
vn 0.000000 -0.000000 -1.000000
vn 0.000000 0.000000 -1.000000
vn 0.000000 0.000000 -1.000000
vn 0.000000 0.000000 -1.000000
vn 0.000000 0.000000 -1.000000
vn 0.000000 0.000000 -1.000000
vn 0.000000 0.000000 -1.000000
vn 0.000000 0.000000 -1.000000
vn 0.000000 -0.000000 -1.000000
vn 0.000000 0.000000 -1.000000
vn 0.000000 0.000000 -1.000000
vn 0.000000 -0.000000 -1.000000
vn 0.000000 0.000000 -1.000000
vn 0.000000 0.000000 -1.000000
vn 0.000000 0.000000 -1.000000
vn 0.000000 0.000000 -1.000000
vn 0.000000 -0.000000 -1.000000
vn 0.000000 -0.000000 -1.000000
vn 0.000000 0.000000 -1.000000
vn 0.000000 0.000000 -1.000000
vn 0.000000 -0.000000 -1.000000
vn 0.000000 0.000000 -1.000000
vn 0.000000 0.000000 -1.000000
vn 0.000000 0.000000 -1.000000
vn 0.000000 0.000000 -1.000000
vn 0.000000 -0.000000 -1.000000
vn 0.000000 0.000000 -1.000000
vn 0.000000 -0.000000 -1.000000
vn 0.000000 -0.000000 -1.000000
vn 0.000000 0.000000 -1.000000
vn 0.000000 0.000000 -1.000000
vn 0.000000 -0.000000 -1.000000
vn 0.000000 0.000000 -1.000000
vn 0.000000 0.000000 -1.000000
vn 0.000000 0.000000 -1.000000
vn 0.000000 0.000000 -1.000000
vn 0.000000 -0.000000 -1.000000
vn 0.000000 0.000000 -1.000000
vn 0.000000 0.000000 -1.000000
vn 0.000000 0.000000 -1.000000
vn 0.000000 0.000000 -1.000000
vn 0.000000 0.000000 -1.000000
vn 0.000000 -0.000000 -1.000000
vn 0.000000 0.000000 -1.000000
vn 0.000000 0.000000 -1.000000
vn 0.000000 0.000000 -1.000000
vn 0.000000 0.000000 -1.000000
vn 0.000000 -0.000000 -1.000000
vn 0.000000 -0.000000 -1.000000
vn 0.000000 0.000000 -1.000000
vn 0.000000 0.000000 -1.000000
vn 0.000000 0.000000 -1.000000
vn 0.000000 0.000000 -1.000000
vn 0.000000 -0.000000 -1.000000
vn 0.000000 0.000000 -1.000000
vn 0.000000 0.000000 -1.000000
vn 0.000000 0.000000 -1.000000
vn 0.000000 0.000000 -1.000000
vn 0.000000 0.000000 -1.000000
vn 0.000000 0.000000 -1.000000
vn 0.000000 0.000000 -1.000000
vn 0.000000 0.000000 -1.000000
vn 0.000000 0.000000 -1.000000
vn 0.000000 -0.000000 -1.000000
vn 0.000000 0.000000 -1.000000
vn 0.000000 0.000000 -1.000000
vn 0.000000 0.000000 -1.000000
vn 0.000000 0.000000 1.000000
vn 0.000000 0.000000 1.000000
vn 0.000000 0.000000 1.000000
vn 0.000000 0.000000 1.000000
vn 0.000000 0.000000 1.000000
vn 0.000000 0.000000 1.000000
vn 0.000000 0.000000 1.000000
vn 0.000000 0.000000 1.000000
vn 0.000000 0.000000 1.000000
vn 0.000000 0.000000 1.000000
vn 0.000000 0.000000 1.000000
vn 0.000000 0.000000 1.000000
vn 0.000000 0.000000 1.000000
vn 0.000000 0.000000 1.000000
vn 0.000000 0.000000 1.000000
vn 0.000000 0.000000 1.000000
vn 0.000000 0.000000 1.000000
vn 0.000000 0.000000 1.000000
vn 0.000000 0.000000 1.000000
vn 0.000000 0.000000 1.000000
vn 0.000000 0.000000 1.000000
vn 0.000000 0.000000 1.000000
vn 0.000000 0.000000 1.000000
vn 0.000000 0.000000 1.000000
vn 0.000000 0.000000 1.000000
vn 0.000000 0.000000 1.000000
vn 0.000000 0.000000 1.000000
vn 0.000000 0.000000 1.000000
vn 0.000000 0.000000 1.000000
vn 0.000000 0.000000 1.000000
vn 0.000000 0.000000 1.000000
vn 0.000000 0.000000 1.000000
vn 0.000000 0.000000 1.000000
vn 0.000000 0.000000 1.000000
vn 0.000000 0.000000 1.000000
vn 0.000000 0.000000 1.000000
vn 0.000000 0.000000 1.000000
vn 0.000000 0.000000 1.000000
vn 0.000000 0.000000 1.000000
vn 0.000000 0.000000 1.000000
vn 0.000000 0.000000 1.000000
vn 0.000000 0.000000 1.000000
vn 0.000000 0.000000 1.000000
vn 0.000000 0.000000 1.000000
vn 0.000000 0.000000 1.000000
vn 0.000000 0.000000 1.000000
vn 0.000000 0.000000 1.000000
vn 0.000000 0.000000 1.000000
vn 0.000000 0.000000 1.000000
vn 0.000000 0.000000 1.000000
vn 0.000000 0.000000 1.000000
vn 0.000000 0.000000 1.000000
vn 0.000000 0.000000 1.000000
vn 0.000000 0.000000 1.000000
vn 0.000000 0.000000 1.000000
vn 0.000000 0.000000 1.000000
vn 0.000000 0.000000 1.000000
vn 0.000000 0.000000 1.000000
vn 0.000000 0.000000 1.000000
vn 0.000000 0.000000 1.000000
vn 0.000000 0.000000 1.000000
vn 0.000000 0.000000 1.000000
vn 0.000000 0.000000 1.000000
vn 0.000000 0.000000 1.000000
vn 0.000000 0.000000 1.000000
vn 0.000000 0.000000 1.000000
vn 0.000000 0.000000 1.000000
vn 0.000000 0.000000 1.000000
vn 0.000000 0.000000 1.000000
vn 0.000000 0.000000 1.000000
vn 0.000000 0.000000 1.000000
vn 0.000000 0.000000 1.000000
vn 0.000000 0.000000 1.000000
vn 0.000000 0.000000 1.000000
vn 0.000000 0.000000 1.000000
vn 0.000000 0.000000 1.000000
vn 0.000000 0.000000 1.000000
vn 0.000000 0.000000 1.000000
vn 0.000000 0.000000 1.000000
vn 0.000000 0.000000 1.000000
vn 0.000000 0.000000 1.000000
vn 0.000000 0.000000 1.000000
vn 0.000000 0.000000 1.000000
vn 0.000000 0.000000 1.000000
vn 0.000000 0.000000 1.000000
vn 0.000000 0.000000 1.000000
vn 0.000000 0.000000 1.000000
vn 0.000000 0.000000 1.000000
vn 0.000000 0.000000 1.000000
vn 0.000000 0.000000 1.000000
vn 0.000000 0.000000 1.000000
vn 0.000000 0.000000 1.000000
vn 0.000000 0.000000 1.000000
vn 0.000000 0.000000 1.000000
vn 0.000000 0.000000 1.000000
vn 0.000000 0.000000 1.000000
vn 0.000000 0.000000 1.000000
vn 0.000000 0.000000 1.000000
vn 0.000000 0.000000 1.000000
vn 0.000000 0.000000 1.000000
vn 0.000000 0.000000 1.000000
vn 0.000000 0.000000 1.000000
vn 0.000000 0.000000 1.000000
vn 0.000000 0.000000 1.000000
vn 0.000000 0.000000 1.000000
vn 0.000000 0.000000 1.000000
vn 0.000000 0.000000 1.000000
vn 0.000000 0.000000 1.000000
vn 0.000000 0.000000 1.000000
vn 0.000000 0.000000 1.000000
vn 0.000000 0.000000 1.000000
vn 0.000000 0.000000 1.000000
vn 0.000000 0.000000 1.000000
vn 0.000000 0.000000 1.000000
vn 0.000000 0.000000 1.000000
vn 0.000000 0.000000 1.000000
vn 0.000000 0.000000 1.000000
vn 0.000000 0.000000 1.000000
vn 0.000000 0.000000 1.000000
vn 0.000000 0.000000 1.000000
vn 0.000000 0.000000 1.000000
vn 0.000000 0.000000 1.000000
vn 0.000000 0.000000 1.000000
vn 0.000000 0.000000 1.000000
vn 0.000000 0.000000 1.000000
vn 0.000000 0.000000 1.000000
vn 0.000000 0.000000 1.000000
vn 0.000000 0.000000 1.000000
vn 0.000000 0.000000 1.000000
vn 0.000000 0.000000 1.000000
vn 0.000000 0.000000 1.000000
vn 0.000000 0.000000 1.000000
vn 0.000000 0.000000 1.000000
vn 0.000000 0.000000 1.000000
vn 0.000000 0.000000 1.000000
vn 0.000000 0.000000 1.000000
vn 0.000000 0.000000 1.000000
vn 0.000000 0.000000 1.000000
vn 0.000000 0.000000 1.000000
vn 0.000000 0.000000 1.000000
vn 0.000000 0.000000 1.000000
vn 0.000000 0.000000 1.000000
vn 0.000000 0.000000 1.000000
vn 0.000000 0.000000 1.000000
vn 0.000000 0.000000 1.000000
vn 0.000000 0.000000 1.000000
vn 0.000000 0.000000 1.000000
vn 0.000000 0.000000 1.000000
vn 0.000000 0.000000 1.000000
vn 0.000000 0.000000 1.000000
vn 0.000000 0.000000 1.000000
vn 0.000000 0.000000 1.000000
vn 0.000000 0.000000 1.000000
vn 0.000000 0.000000 1.000000
vn 0.000000 0.000000 1.000000
vn 0.000000 0.000000 1.000000
vn 0.000000 0.000000 1.000000
vn 0.000000 0.000000 1.000000
vn 0.000000 0.000000 1.000000
vn 0.000000 0.000000 1.000000
vn 0.000000 0.000000 1.000000
vn 0.000000 0.000000 1.000000
vn 0.000000 0.000000 1.000000
vn 0.000000 0.000000 1.000000
vn 0.000000 0.000000 1.000000
vn 0.000000 0.000000 1.000000
vn 0.000000 0.000000 1.000000
vn 0.000000 0.000000 1.000000
vn 0.000000 0.000000 1.000000
vn 0.000000 0.000000 1.000000
vn 0.000000 0.000000 1.000000
vn 0.000000 0.000000 1.000000
vn 0.000000 0.000000 1.000000
vn 0.000000 0.000000 1.000000
vn 0.000000 0.000000 1.000000
vn 0.000000 0.000000 1.000000
vn 0.000000 0.000000 1.000000
vn 0.000000 0.000000 1.000000
vn 0.000000 0.000000 1.000000
vn 0.000000 0.000000 1.000000
vn 0.000000 0.000000 1.000000
vn 0.000000 0.000000 1.000000
vn 0.000000 0.000000 1.000000
vn 0.000000 0.000000 1.000000
vn 0.000000 0.000000 1.000000
vn 0.000000 0.000000 1.000000
vn 0.000000 0.000000 1.000000
vn 0.000000 0.000000 1.000000
vn 0.000000 0.000000 1.000000
vn 0.000000 0.000000 1.000000
vn 0.000000 0.000000 1.000000
vn 0.000000 0.000000 1.000000
vn 0.000000 0.000000 1.000000
vn 0.000000 0.000000 1.000000
vn 0.000000 0.000000 1.000000
vn 0.000000 0.000000 1.000000
vn 0.000000 0.000000 1.000000
vn 0.000000 0.000000 1.000000
vn 0.000000 0.000000 1.000000
vn 0.000000 0.000000 1.000000
vn 0.000000 0.000000 1.000000
vn 0.000000 0.000000 1.000000
vn 0.000000 0.000000 1.000000
vn 0.000000 0.000000 1.000000
vn 0.000000 0.000000 1.000000
vn 0.000000 0.000000 1.000000
vn 0.000000 0.000000 1.000000
vn 0.000000 0.000000 1.000000
vn 0.000000 0.000000 1.000000
vn 0.000000 0.000000 1.000000
vn 0.000000 0.000000 1.000000
vn 0.000000 0.000000 1.000000
vn 0.000000 0.000000 1.000000
vn 0.000000 0.000000 1.000000
vn 0.000000 0.000000 1.000000
vn 0.000000 0.000000 1.000000
vn 0.000000 0.000000 1.000000
vn 0.000000 0.000000 1.000000
vn 0.000000 0.000000 1.000000
vn 0.000000 0.000000 1.000000
vn 0.000000 0.000000 1.000000
vn 0.000000 0.000000 1.000000
vn 0.000000 0.000000 1.000000
vn 0.000000 0.000000 1.000000
vn 0.000000 0.000000 1.000000
vn 0.000000 0.000000 1.000000
vn 0.000000 0.000000 1.000000
vn 0.000000 0.000000 1.000000
vn 0.000000 0.000000 1.000000
vn 0.000000 0.000000 1.000000
vn 0.000000 0.000000 1.000000
vn 0.000000 0.000000 1.000000
vn 0.000000 0.000000 1.000000
vn 0.000000 0.000000 1.000000
vn 0.000000 0.000000 1.000000
vn 0.000000 0.000000 1.000000
vn 0.000000 0.000000 1.000000
vn 0.000000 0.000000 1.000000
vn 0.000000 0.000000 1.000000
vn 0.000000 0.000000 1.000000
vn 0.000000 0.000000 1.000000
vn 0.000000 0.000000 1.000000
vn 0.000000 0.000000 1.000000
vn 0.000000 0.000000 1.000000
vn 0.000000 0.000000 1.000000
vn 0.000000 0.000000 1.000000
vn 0.000000 0.000000 1.000000
vn 0.000000 0.000000 1.000000
vn 0.000000 0.000000 1.000000
vn 0.000000 0.000000 1.000000
vn 0.000000 0.000000 1.000000
vn 0.000000 0.000000 1.000000
vn 0.000000 0.000000 1.000000
vn 0.000000 0.000000 1.000000
vn 0.000000 0.000000 1.000000
vn 0.000000 0.000000 1.000000
vn 0.000000 0.000000 1.000000
vn -0.097423 -0.995243 0.000000
vn -0.097423 -0.995243 0.000000
vn -0.097423 0.995243 0.000000
vn -0.097423 0.995243 0.000000
vn 0.986361 -0.164595 0.000000
vn 0.986361 -0.164595 0.000000
vn 0.986361 0.164595 -0.000000
vn 0.986361 0.164595 0.000000
vn 0.231010 0.972951 -0.000000
vn 0.231010 0.972951 0.000000
vn 0.231010 -0.972951 0.000000
vn 0.231010 -0.972951 0.000000
vn 0.700294 0.711679 0.055686
vn 0.685323 0.727948 0.020596
vn 0.731386 0.681964 0.000000
vn 0.589705 0.807213 0.025600
vn 0.636643 0.771117 -0.008052
vn 0.585087 0.810762 0.018400
vn 0.685468 0.728103 0.000000
vn 0.685468 0.728103 -0.000000
vn 0.487115 0.873256 0.011952
vn 0.531269 0.847183 -0.005855
vn 0.731386 0.681964 0.000000
vn 0.636663 0.771142 0.000000
vn 0.636663 0.771142 -0.000000
vn 0.475206 0.879869 0.003041
vn 0.369341 0.929148 0.016465
vn 0.417298 0.908768 -0.002000
vn 0.585186 0.810899 0.000000
vn 0.585186 0.810899 -0.000000
vn 0.685468 0.728103 0.000000
vn 0.685468 0.728103 -0.000000
vn 0.531279 0.847197 0.000000
vn 0.531279 0.847197 -0.000000
vn 0.731386 0.681964 0.000000
vn 0.636663 0.771142 0.000000
vn 0.636663 0.771142 -0.000000
vn 0.475208 0.879873 0.000000
vn 0.417299 0.908769 0.000000
vn 0.475208 0.879873 -0.000000
vn 0.335143 0.942167 0.000000
vn 0.417299 0.908769 0.000000
vn 0.585186 0.810899 0.000000
vn 0.585186 0.810899 -0.000000
vn 0.685468 0.728103 0.000000
vn 0.685468 0.728103 -0.000000
vn 0.531279 0.847197 0.000000
vn 0.531279 0.847197 -0.000000
vn 0.731386 0.681964 -0.000000
vn 0.731386 0.681964 0.000000
vn 0.636663 0.771142 -0.000000
vn 0.636663 0.771142 0.000000
vn 0.475208 0.879873 0.000000
vn 0.475208 0.879873 -0.000000
vn 0.335143 0.942167 0.000000
vn 0.417299 0.908769 0.000000
vn 0.417299 0.908769 -0.000000
vn 0.585186 0.810899 0.000000
vn 0.585186 0.810899 -0.000000
vn 0.685468 0.728103 0.000000
vn 0.685468 0.728103 -0.000000
vn 0.531279 0.847197 0.000000
vn 0.531279 0.847197 -0.000000
vn 0.731386 0.681964 0.000000
vn 0.636663 0.771142 0.000000
vn 0.636663 0.771142 -0.000000
vn 0.475208 0.879873 0.000000
vn 0.475208 0.879873 -0.000000
vn 0.417299 0.908769 -0.000000
vn 0.335143 0.942167 0.000000
vn 0.417299 0.908769 0.000000
vn 0.531279 0.847197 0.000000
vn 0.585186 0.810899 -0.000000
vn 0.585186 0.810899 0.000000
vn 0.685468 0.728103 -0.000000
vn 0.685468 0.728103 0.000000
vn 0.636663 0.771142 0.000000
vn 0.531279 0.847197 0.000000
vn 0.731386 0.681964 0.000000
vn 0.636663 0.771142 0.000000
vn 0.475208 0.879873 -0.000000
vn 0.475208 0.879873 0.000000
vn 0.417299 0.908769 -0.000000
vn 0.417299 0.908769 0.000000
vn 0.585186 0.810899 -0.000000
vn 0.585186 0.810899 0.000000
vn 0.685468 0.728103 -0.000000
vn 0.685468 0.728103 0.000000
vn 0.531279 0.847197 0.000000
vn 0.531279 0.847197 -0.000000
vn 0.475208 0.879873 0.000000
vn 0.731386 0.681964 0.000000
vn 0.636663 0.771142 0.000000
vn 0.636663 0.771142 -0.000000
vn 0.475208 0.879873 0.000000
vn 0.417299 0.908769 0.000000
vn 0.417299 0.908769 -0.000000
vn 0.585186 0.810899 0.000000
vn 0.585186 0.810899 -0.000000
vn 0.685468 0.728103 0.000000
vn 0.685468 0.728103 -0.000000
vn 0.531279 0.847197 -0.000000
vn 0.531279 0.847197 0.000000
vn 0.731386 0.681964 0.000000
vn 0.636663 0.771142 0.000000
vn 0.636663 0.771142 -0.000000
vn 0.475208 0.879873 0.000000
vn 0.475208 0.879873 -0.000000
vn 0.417299 0.908769 0.000000
vn 0.417299 0.908769 -0.000000
vn 0.700294 0.711679 -0.055686
vn 0.731386 0.681964 0.000000
vn 0.585186 0.810899 0.000000
vn 0.585186 0.810899 -0.000000
vn 0.531279 0.847197 0.000000
vn 0.293896 0.955837 0.000000
vn 0.344970 0.938613 0.000672
vn 0.358065 0.933697 -0.000000
vn 0.358065 0.933697 -0.000000
vn 0.358065 0.933697 -0.000000
vn 0.685468 0.728103 0.000000
vn 0.685468 0.728103 -0.000000
vn 0.531279 0.847197 0.000000
vn 0.685323 0.727948 -0.020596
vn 0.685468 0.728103 -0.000000
vn 0.685468 0.728103 0.000000
vn 0.636663 0.771142 0.000000
vn 0.636663 0.771142 -0.000000
vn 0.475208 0.879873 0.000000
vn 0.475208 0.879873 -0.000000
vn 0.417299 0.908769 0.000000
vn 0.358065 0.933697 0.000000
vn 0.417299 0.908769 -0.000000
vn 0.585186 0.810899 0.000000
vn 0.585186 0.810899 -0.000000
vn 0.293896 0.955837 0.000000
vn 0.358065 0.933697 0.000000
vn 0.589705 0.807213 -0.025600
vn 0.636643 0.771117 0.008052
vn 0.636663 0.771142 -0.000000
vn 0.636663 0.771142 0.000000
vn 0.531279 0.847197 -0.000000
vn 0.531279 0.847197 0.000000
vn 0.475208 0.879873 0.000000
vn 0.585186 0.810899 0.000000
vn 0.585186 0.810899 -0.000000
vn 0.531279 0.847197 0.000000
vn 0.585087 0.810762 -0.018400
vn 0.475208 0.879873 0.000000
vn 0.487115 0.873256 -0.011952
vn 0.531269 0.847183 0.005855
vn 0.531279 0.847197 0.000000
vn 0.417299 0.908769 0.000000
vn 0.417299 0.908769 -0.000000
vn 0.293896 0.955837 0.000000
vn 0.358065 0.933697 0.000000
vn 0.358065 0.933697 -0.000000
vn 0.475208 0.879873 0.000000
vn 0.475206 0.879869 -0.003041
vn 0.475208 0.879873 -0.000000
vn 0.369341 0.929148 -0.016465
vn 0.417299 0.908769 -0.000000
vn 0.417298 0.908768 0.002000
vn 0.417299 0.908769 0.000000
vn 0.293896 0.955837 0.000000
vn 0.358065 0.933697 0.000000
vn 0.358043 0.933640 -0.010996
vn 0.358065 0.933697 -0.000000
vn 0.359923 -0.932879 0.013879
vn 0.387801 -0.921742 0.001629
vn 0.492470 -0.870042 0.022373
vn 0.446459 -0.894803 -0.001466
vn 0.503464 -0.863946 0.010997
vn 0.314591 -0.949227 0.000000
vn 0.597295 -0.801777 0.019798
vn 0.558512 -0.829477 -0.005713
vn 0.387801 -0.921743 0.000000
vn 0.387801 -0.921743 0.000000
vn 0.446459 -0.894804 0.000000
vn 0.446459 -0.894804 0.000000
vn 0.611242 -0.791440 0.002346
vn 0.503494 -0.863999 0.000000
vn 0.503494 -0.863999 0.000000
vn 0.314591 -0.949227 0.000000
vn 0.558521 -0.829491 0.000000
vn 0.558521 -0.829491 0.000000
vn 0.700143 -0.712058 0.052657
vn 0.661412 -0.750020 -0.002144
vn 0.387801 -0.921743 0.000000
vn 0.387801 -0.921743 0.000000
vn 0.446459 -0.894804 0.000000
vn 0.446459 -0.894804 0.000000
vn 0.611243 -0.791443 0.000000
vn 0.611243 -0.791443 0.000000
vn 0.503494 -0.863999 0.000000
vn 0.503494 -0.863999 0.000000
vn 0.708434 -0.705041 0.032227
vn 0.314591 -0.949227 0.000000
vn 0.558521 -0.829491 0.000000
vn 0.558521 -0.829491 0.000000
vn 0.661413 -0.750022 0.000000
vn 0.661413 -0.750022 0.000000
vn 0.387801 -0.921743 0.000000
vn 0.387801 -0.921743 0.000000
vn 0.446459 -0.894804 0.000000
vn 0.446459 -0.894804 0.000000
vn 0.611243 -0.791443 0.000000
vn 0.611243 -0.791443 0.000000
vn 0.503494 -0.863999 0.000000
vn 0.503494 -0.863999 0.000000
vn 0.742095 -0.670294 0.000000
vn 0.708802 -0.705408 0.000000
vn 0.708802 -0.705408 0.000000
vn 0.314591 -0.949227 0.000000
vn 0.314591 -0.949227 0.000000
vn 0.558521 -0.829491 0.000000
vn 0.558521 -0.829491 0.000000
vn 0.661413 -0.750022 0.000000
vn 0.661413 -0.750022 0.000000
vn 0.387801 -0.921743 0.000000
vn 0.387801 -0.921743 0.000000
vn 0.446459 -0.894804 0.000000
vn 0.446459 -0.894804 0.000000
vn 0.611243 -0.791443 0.000000
vn 0.611243 -0.791443 0.000000
vn 0.503494 -0.863999 0.000000
vn 0.503494 -0.863999 0.000000
vn 0.742095 -0.670294 0.000000
vn 0.708802 -0.705408 0.000000
vn 0.708802 -0.705408 0.000000
vn 0.314591 -0.949227 0.000000
vn 0.558521 -0.829491 0.000000
vn 0.558521 -0.829491 0.000000
vn 0.661413 -0.750022 0.000000
vn 0.661413 -0.750022 0.000000
vn 0.387801 -0.921743 0.000000
vn 0.387801 -0.921743 0.000000
vn 0.446459 -0.894804 0.000000
vn 0.503494 -0.863999 0.000000
vn 0.446459 -0.894804 0.000000
vn 0.611243 -0.791443 0.000000
vn 0.611243 -0.791443 0.000000
vn 0.503494 -0.863999 0.000000
vn 0.708802 -0.705408 0.000000
vn 0.708802 -0.705408 0.000000
vn 0.742095 -0.670294 0.000000
vn 0.314591 -0.949227 0.000000
vn 0.558521 -0.829491 0.000000
vn 0.558521 -0.829491 0.000000
vn 0.661413 -0.750022 0.000000
vn 0.661413 -0.750022 0.000000
vn 0.387801 -0.921743 0.000000
vn 0.387801 -0.921743 0.000000
vn 0.446459 -0.894804 0.000000
vn 0.446459 -0.894804 0.000000
vn 0.611243 -0.791443 0.000000
vn 0.611243 -0.791443 0.000000
vn 0.503494 -0.863999 0.000000
vn 0.503494 -0.863999 0.000000
vn 0.742095 -0.670294 0.000000
vn 0.742095 -0.670294 0.000000
vn 0.708802 -0.705408 0.000000
vn 0.708802 -0.705408 0.000000
vn 0.314591 -0.949227 0.000000
vn 0.558521 -0.829491 0.000000
vn 0.558521 -0.829491 0.000000
vn 0.611243 -0.791443 0.000000
vn 0.661413 -0.750022 0.000000
vn 0.661413 -0.750022 0.000000
vn 0.708802 -0.705408 0.000000
vn 0.387801 -0.921743 0.000000
vn 0.387801 -0.921743 0.000000
vn 0.446459 -0.894804 0.000000
vn 0.446459 -0.894804 0.000000
vn 0.611243 -0.791443 0.000000
vn 0.503494 -0.863999 0.000000
vn 0.503494 -0.863999 0.000000
vn 0.742095 -0.670294 0.000000
vn 0.708802 -0.705408 0.000000
vn 0.314591 -0.949227 0.000000
vn 0.558521 -0.829491 0.000000
vn 0.558521 -0.829491 0.000000
vn 0.661413 -0.750022 0.000000
vn 0.661413 -0.750022 0.000000
vn 0.387801 -0.921743 0.000000
vn 0.387801 -0.921743 0.000000
vn 0.446459 -0.894804 0.000000
vn 0.503494 -0.863999 0.000000
vn 0.446459 -0.894804 0.000000
vn 0.359923 -0.932879 -0.013879
vn 0.314591 -0.949227 0.000000
vn 0.611243 -0.791443 0.000000
vn 0.611243 -0.791443 0.000000
vn 0.387801 -0.921742 -0.001629
vn 0.387801 -0.921743 0.000000
vn 0.387801 -0.921743 0.000000
vn 0.503494 -0.863999 0.000000
vn 0.742095 -0.670294 0.000000
vn 0.708802 -0.705408 0.000000
vn 0.708802 -0.705408 0.000000
vn 0.446459 -0.894804 0.000000
vn 0.446459 -0.894804 0.000000
vn 0.492470 -0.870042 -0.022373
vn 0.446458 -0.894803 0.001466
vn 0.503494 -0.863999 0.000000
vn 0.558521 -0.829491 0.000000
vn 0.558521 -0.829491 0.000000
vn 0.661413 -0.750022 0.000000
vn 0.661413 -0.750022 0.000000
vn 0.708802 -0.705408 0.000000
vn 0.503494 -0.863999 0.000000
vn 0.503464 -0.863946 -0.010997
vn 0.611243 -0.791443 0.000000
vn 0.611243 -0.791443 0.000000
vn 0.597295 -0.801777 -0.019799
vn 0.558512 -0.829477 0.005713
vn 0.558521 -0.829491 0.000000
vn 0.558521 -0.829491 0.000000
vn 0.742095 -0.670294 0.000000
vn 0.708802 -0.705408 0.000000
vn 0.611243 -0.791443 0.000000
vn 0.611243 -0.791443 0.000000
vn 0.611242 -0.791440 -0.002346
vn 0.661413 -0.750022 0.000000
vn 0.708802 -0.705408 0.000000
vn 0.661413 -0.750022 0.000000
vn 0.661413 -0.750022 0.000000
vn 0.661413 -0.750022 0.000000
vn 0.661412 -0.750020 0.002144
vn 0.700143 -0.712058 -0.052657
vn 0.742095 -0.670294 0.000000
vn 0.708802 -0.705408 0.000000
vn 0.708802 -0.705408 0.000000
vn 0.708434 -0.705041 -0.032227
vn 0.742095 -0.670294 0.000000
vn 0.708802 -0.705408 0.000000
vn 0.945817 -0.324699 0.000000
vn 0.945817 -0.324699 0.000000
vn 0.945817 0.324699 -0.000000
vn 0.945817 0.324699 0.000000
vn -0.288956 -0.957242 0.013879
vn -0.260117 -0.965576 0.001629
vn -0.145763 -0.989066 0.022373
vn -0.197281 -0.980346 -0.001466
vn -0.133342 -0.991009 0.010995
vn -0.334770 -0.942300 0.000000
vn -0.021111 -0.999581 0.019798
vn -0.068732 -0.997619 -0.005714
vn -0.260117 -0.965577 0.000000
vn -0.260117 -0.965577 0.000000
vn -0.197281 -0.980347 0.000000
vn -0.197281 -0.980347 0.000000
vn -0.003756 -0.999990 0.002344
vn -0.133350 -0.991069 0.000000
vn -0.133350 -0.991069 0.000000
vn -0.334770 -0.942300 0.000000
vn -0.068733 -0.997635 0.000000
vn -0.068733 -0.997635 0.000000
vn 0.115156 -0.991951 0.052656
vn 0.061275 -0.998119 -0.002146
vn -0.260117 -0.965577 0.000000
vn -0.260117 -0.965577 0.000000
vn -0.197281 -0.980347 0.000000
vn -0.197281 -0.980347 0.000000
vn -0.003756 -0.999993 0.000000
vn -0.003756 -0.999993 0.000000
vn -0.133350 -0.991069 0.000000
vn -0.133350 -0.991069 0.000000
vn 0.126007 -0.991506 0.032228
vn -0.334770 -0.942300 0.000000
vn -0.068733 -0.997635 0.000000
vn -0.068733 -0.997635 0.000000
vn 0.061275 -0.998121 0.000000
vn 0.061275 -0.998121 0.000000
vn -0.260117 -0.965577 0.000000
vn -0.260117 -0.965577 0.000000
vn -0.197281 -0.980347 0.000000
vn -0.197281 -0.980347 0.000000
vn -0.003756 -0.999993 0.000000
vn -0.003756 -0.999993 0.000000
vn -0.133350 -0.991069 0.000000
vn -0.133350 -0.991069 0.000000
vn 0.173914 -0.984761 0.000000
vn 0.126073 -0.992021 0.000000
vn 0.126073 -0.992021 0.000000
vn -0.334770 -0.942300 0.000000
vn -0.334770 -0.942300 0.000000
vn -0.068733 -0.997635 0.000000
vn -0.068733 -0.997635 0.000000
vn 0.061275 -0.998121 0.000000
vn 0.061275 -0.998121 0.000000
vn -0.260117 -0.965577 0.000000
vn -0.260117 -0.965577 0.000000
vn -0.197281 -0.980347 0.000000
vn -0.197281 -0.980347 0.000000
vn -0.003756 -0.999993 0.000000
vn -0.003756 -0.999993 0.000000
vn -0.133350 -0.991069 0.000000
vn -0.133350 -0.991069 0.000000
vn 0.173914 -0.984761 0.000000
vn 0.126073 -0.992021 0.000000
vn 0.126073 -0.992021 0.000000
vn -0.334770 -0.942300 0.000000
vn -0.068733 -0.997635 0.000000
vn -0.068733 -0.997635 0.000000
vn 0.061275 -0.998121 0.000000
vn 0.061275 -0.998121 0.000000
vn -0.260117 -0.965577 0.000000
vn -0.260117 -0.965577 0.000000
vn -0.197281 -0.980347 0.000000
vn -0.133350 -0.991069 -0.000000
vn -0.197281 -0.980347 0.000000
vn -0.003756 -0.999993 0.000000
vn -0.003756 -0.999993 0.000000
vn 0.061275 -0.998121 0.000000
vn -0.133350 -0.991069 0.000000
vn 0.126073 -0.992021 0.000000
vn 0.126073 -0.992021 0.000000
vn 0.173914 -0.984761 0.000000
vn -0.334770 -0.942300 0.000000
vn -0.068733 -0.997635 0.000000
vn -0.068733 -0.997635 0.000000
vn 0.061275 -0.998121 0.000000
vn -0.260117 -0.965577 0.000000
vn -0.260117 -0.965577 0.000000
vn -0.197281 -0.980347 0.000000
vn -0.197281 -0.980347 0.000000
vn -0.003756 -0.999993 0.000000
vn -0.003756 -0.999993 0.000000
vn -0.133350 -0.991069 0.000000
vn -0.133350 -0.991069 0.000000
vn 0.173914 -0.984761 0.000000
vn 0.173914 -0.984761 0.000000
vn 0.126073 -0.992021 0.000000
vn 0.126073 -0.992021 0.000000
vn -0.334770 -0.942300 0.000000
vn -0.068733 -0.997635 0.000000
vn -0.068733 -0.997635 0.000000
vn 0.061275 -0.998121 0.000000
vn 0.061275 -0.998121 0.000000
vn -0.260117 -0.965577 0.000000
vn -0.260117 -0.965577 0.000000
vn -0.197281 -0.980347 0.000000
vn -0.197281 -0.980347 0.000000
vn -0.133350 -0.991069 -0.000000
vn -0.003756 -0.999993 0.000000
vn -0.003756 -0.999993 0.000000
vn -0.133350 -0.991069 0.000000
vn 0.173914 -0.984761 0.000000
vn 0.126073 -0.992021 0.000000
vn 0.126073 -0.992021 0.000000
vn -0.334770 -0.942300 0.000000
vn -0.068733 -0.997635 0.000000
vn -0.068733 -0.997635 0.000000
vn -0.003756 -0.999993 -0.000000
vn 0.061275 -0.998121 0.000000
vn 0.061275 -0.998121 0.000000
vn -0.260117 -0.965577 0.000000
vn -0.260117 -0.965577 0.000000
vn -0.197281 -0.980347 0.000000
vn -0.197281 -0.980347 0.000000
vn -0.288956 -0.957242 -0.013879
vn -0.334770 -0.942300 0.000000
vn -0.003756 -0.999993 0.000000
vn -0.260117 -0.965576 -0.001629
vn -0.260117 -0.965577 0.000000
vn -0.260117 -0.965577 0.000000
vn -0.133350 -0.991069 0.000000
vn -0.133350 -0.991069 0.000000
vn 0.173914 -0.984761 0.000000
vn 0.126073 -0.992021 0.000000
vn 0.126073 -0.992021 0.000000
vn -0.197281 -0.980347 0.000000
vn -0.197281 -0.980347 0.000000
vn -0.145763 -0.989067 -0.022373
vn -0.197281 -0.980346 0.001466
vn -0.133350 -0.991069 -0.000000
vn -0.068733 -0.997635 0.000000
vn -0.068733 -0.997635 0.000000
vn 0.061275 -0.998121 0.000000
vn 0.061275 -0.998121 0.000000
vn -0.133342 -0.991009 -0.010995
vn -0.133350 -0.991069 0.000000
vn -0.003756 -0.999993 0.000000
vn -0.003756 -0.999993 0.000000
vn -0.068733 -0.997635 0.000000
vn -0.068733 -0.997635 0.000000
vn -0.021111 -0.999581 -0.019798
vn -0.068732 -0.997619 0.005714
vn 0.173914 -0.984761 0.000000
vn 0.126073 -0.992021 0.000000
vn 0.126073 -0.992021 0.000000
vn -0.003756 -0.999993 0.000000
vn -0.003756 -0.999990 -0.002344
vn -0.003756 -0.999993 0.000000
vn 0.061275 -0.998121 0.000000
vn 0.126073 -0.992021 0.000000
vn 0.061275 -0.998121 0.000000
vn 0.061275 -0.998119 0.002146
vn 0.115156 -0.991951 -0.052656
vn 0.061275 -0.998121 0.000000
vn 0.061275 -0.998121 0.000000
vn 0.173914 -0.984761 0.000000
vn 0.126073 -0.992021 0.000000
vn 0.126007 -0.991506 -0.032228
vn 0.126073 -0.992021 0.000000
vn 0.173914 -0.984761 0.000000
vn 0.126073 -0.992021 0.000000
vn 0.115508 0.991745 0.055686
vn 0.093700 0.995387 0.020596
vn 0.158296 0.987392 0.000000
vn -0.030440 0.999209 0.025600
vn 0.028771 0.999554 -0.008052
vn -0.036264 0.999173 0.018399
vn 0.093720 0.995599 0.000000
vn 0.093720 0.995599 -0.000000
vn -0.151962 0.988314 0.011952
vn -0.101103 0.994859 -0.005855
vn 0.158296 0.987392 0.000000
vn 0.028772 0.999586 0.000000
vn 0.028772 0.999586 -0.000000
vn -0.165424 0.986218 0.003039
vn -0.279234 0.960082 0.016464
vn -0.228868 0.973455 -0.002001
vn -0.036270 0.999342 0.000000
vn -0.036270 0.999342 0.000000
vn 0.093720 0.995599 0.000000
vn 0.093720 0.995599 -0.000000
vn -0.101105 0.994876 0.000000
vn -0.101105 0.994876 0.000000
vn 0.158296 0.987392 0.000000
vn 0.028772 0.999586 0.000000
vn 0.028772 0.999586 -0.000000
vn -0.165425 0.986222 0.000000
vn -0.165425 0.986222 0.000000
vn -0.314216 0.949351 0.000000
vn -0.228869 0.973457 0.000000
vn -0.228869 0.973457 0.000000
vn -0.036270 0.999342 0.000000
vn -0.036270 0.999342 0.000000
vn 0.093720 0.995599 0.000000
vn 0.093720 0.995599 -0.000000
vn -0.101105 0.994876 0.000000
vn -0.101105 0.994876 0.000000
vn -0.165425 0.986222 0.000000
vn 0.158296 0.987392 -0.000000
vn 0.158296 0.987392 0.000000
vn 0.028772 0.999586 -0.000000
vn 0.028772 0.999586 0.000000
vn -0.165425 0.986222 0.000000
vn -0.314216 0.949351 0.000000
vn -0.228869 0.973457 0.000000
vn -0.228869 0.973457 0.000000
vn -0.036270 0.999342 0.000000
vn -0.036270 0.999342 0.000000
vn 0.093720 0.995599 0.000000
vn 0.093720 0.995599 -0.000000
vn -0.101105 0.994876 0.000000
vn -0.165425 0.986222 0.000000
vn -0.101105 0.994876 0.000000
vn 0.158296 0.987392 0.000000
vn 0.028772 0.999586 0.000000
vn -0.036270 0.999342 0.000000
vn 0.028772 0.999586 -0.000000
vn -0.165425 0.986222 0.000000
vn -0.228869 0.973457 0.000000
vn -0.314216 0.949351 0.000000
vn -0.228869 0.973457 0.000000
vn -0.036270 0.999342 0.000000
vn 0.093720 0.995599 -0.000000
vn 0.093720 0.995599 0.000000
vn -0.101105 0.994876 0.000000
vn -0.101105 0.994876 0.000000
vn 0.158296 0.987392 0.000000
vn 0.028772 0.999586 -0.000000
vn 0.028772 0.999586 0.000000
vn -0.165425 0.986222 0.000000
vn -0.165425 0.986222 0.000000
vn -0.228869 0.973457 0.000000
vn -0.228869 0.973457 0.000000
vn -0.036270 0.999342 0.000000
vn -0.036270 0.999342 0.000000
vn 0.093720 0.995598 0.000000
vn 0.093720 0.995598 -0.000000
vn -0.101105 0.994876 0.000000
vn -0.101105 0.994876 0.000000
vn 0.093720 0.995598 0.000000
vn 0.158296 0.987392 0.000000
vn 0.028772 0.999586 0.000000
vn 0.028772 0.999586 -0.000000
vn -0.165425 0.986222 0.000000
vn -0.165425 0.986222 0.000000
vn -0.228869 0.973457 0.000000
vn -0.228869 0.973457 0.000000
vn -0.036270 0.999342 0.000000
vn -0.036270 0.999342 0.000000
vn 0.093720 0.995598 0.000000
vn -0.101105 0.994876 0.000000
vn -0.101105 0.994876 0.000000
vn 0.158296 0.987392 0.000000
vn 0.093720 0.995599 0.000000
vn 0.028772 0.999586 0.000000
vn 0.028772 0.999586 -0.000000
vn -0.165425 0.986222 0.000000
vn -0.165425 0.986222 0.000000
vn -0.228869 0.973457 0.000000
vn -0.228869 0.973457 0.000000
vn 0.115508 0.991744 -0.055686
vn 0.158296 0.987392 0.000000
vn -0.036270 0.999342 0.000000
vn -0.036270 0.999342 0.000000
vn -0.355163 0.934804 0.000000
vn -0.290925 0.956746 0.000000
vn -0.304278 0.952583 0.000672
vn -0.290925 0.956746 0.000000
vn -0.290925 0.956746 0.000000
vn 0.093720 0.995599 0.000000
vn -0.101105 0.994876 0.000000
vn -0.101105 0.994876 0.000000
vn 0.093700 0.995387 -0.020596
vn 0.093720 0.995599 -0.000000
vn 0.093720 0.995599 0.000000
vn 0.028772 0.999586 0.000000
vn 0.028772 0.999586 -0.000000
vn -0.165425 0.986222 0.000000
vn -0.165425 0.986222 0.000000
vn -0.228869 0.973457 0.000000
vn -0.290925 0.956746 0.000000
vn -0.228869 0.973457 0.000000
vn -0.036270 0.999342 0.000000
vn -0.036270 0.999342 0.000000
vn -0.355163 0.934804 0.000000
vn -0.290925 0.956746 0.000000
vn -0.030440 0.999209 -0.025600
vn 0.028771 0.999554 0.008052
vn 0.028772 0.999586 -0.000000
vn 0.028772 0.999586 0.000000
vn -0.101105 0.994876 0.000000
vn -0.101105 0.994876 0.000000
vn -0.036270 0.999342 0.000000
vn -0.036270 0.999342 0.000000
vn -0.036264 0.999173 -0.018399
vn -0.228869 0.973457 0.000000
vn -0.165425 0.986222 0.000000
vn -0.165425 0.986222 0.000000
vn -0.151962 0.988314 -0.011952
vn -0.101105 0.994876 0.000000
vn -0.101103 0.994859 0.005855
vn -0.165425 0.986222 0.000000
vn -0.101105 0.994876 0.000000
vn -0.228869 0.973457 0.000000
vn -0.355163 0.934804 0.000000
vn -0.290925 0.956746 0.000000
vn -0.290925 0.956746 0.000000
vn -0.165424 0.986218 -0.003039
vn -0.165425 0.986222 0.000000
vn -0.228869 0.973457 0.000000
vn -0.279234 0.960082 -0.016464
vn -0.228868 0.973455 0.002001
vn -0.228869 0.973457 0.000000
vn -0.355163 0.934804 0.000000
vn -0.290925 0.956746 0.000000
vn -0.290907 0.956688 -0.010996
vn -0.290925 0.956746 0.000000
vn -0.415299 -0.909685 0.000000
vn -0.415299 -0.909685 0.000000
vn -0.415299 0.909685 0.000000
vn -0.415299 0.909685 0.000000
vn 0.879474 -0.475948 0.000000
vn 0.879474 -0.475948 0.000000
vn 0.879474 0.475948 -0.000000
vn 0.879474 0.475948 0.000000
vn 0.534410 0.845226 -0.000000
vn 0.534410 0.845226 0.000000
vn 0.534410 -0.845226 0.000000
vn 0.534410 -0.845226 0.000000
vn 0.893432 0.445733 0.055684
vn 0.884555 0.465981 0.020595
vn 0.913190 0.407533 0.000000
vn 0.819855 0.571999 0.025598
vn 0.852528 0.522619 -0.008054
vn 0.816640 0.576854 0.018400
vn 0.884743 0.466080 0.000000
vn 0.884743 0.466080 -0.000000
vn 0.744268 0.667775 0.011954
vn 0.777566 0.628775 -0.005854
vn 0.913190 0.407533 0.000000
vn 0.852556 0.522636 0.000000
vn 0.852556 0.522636 -0.000000
vn 0.735148 0.677900 0.003040
vn 0.651025 0.758878 0.016465
vn 0.689767 0.724029 -0.002000
vn 0.816778 0.576952 0.000000
vn 0.816778 0.576952 -0.000000
vn 0.884743 0.466080 0.000000
vn 0.884743 0.466080 -0.000000
vn 0.777579 0.628785 0.000000
vn 0.777579 0.628785 -0.000000
vn 0.913190 0.407533 0.000000
vn 0.852556 0.522636 0.000000
vn 0.852556 0.522636 -0.000000
vn 0.735151 0.677903 0.000000
vn 0.735151 0.677903 -0.000000
vn 0.622907 0.782296 0.000000
vn 0.689768 0.724030 0.000000
vn 0.689768 0.724030 -0.000000
vn 0.816778 0.576952 0.000000
vn 0.816778 0.576952 -0.000000
vn 0.884743 0.466080 0.000000
vn 0.884743 0.466080 -0.000000
vn 0.777579 0.628785 0.000000
vn 0.777579 0.628785 -0.000000
vn 0.735151 0.677903 0.000000
vn 0.913190 0.407533 -0.000000
vn 0.913190 0.407533 0.000000
vn 0.852556 0.522636 -0.000000
vn 0.852556 0.522636 0.000000
vn 0.735151 0.677903 0.000000
vn 0.622907 0.782296 0.000000
vn 0.689768 0.724030 0.000000
vn 0.689768 0.724030 -0.000000
vn 0.816778 0.576952 0.000000
vn 0.816778 0.576952 -0.000000
vn 0.884743 0.466080 0.000000
vn 0.884743 0.466080 -0.000000
vn 0.777579 0.628785 0.000000
vn 0.777579 0.628785 -0.000000
vn 0.913190 0.407533 0.000000
vn 0.852556 0.522636 0.000000
vn 0.852556 0.522636 -0.000000
vn 0.735151 0.677903 0.000000
vn 0.689768 0.724030 0.000000
vn 0.735151 0.677903 -0.000000
vn 0.622907 0.782296 0.000000
vn 0.689768 0.724030 0.000000
vn 0.816778 0.576952 -0.000000
vn 0.816778 0.576952 0.000000
vn 0.884743 0.466080 -0.000000
vn 0.884743 0.466080 0.000000
vn 0.777579 0.628785 0.000000
vn 0.777579 0.628785 -0.000000
vn 0.735151 0.677903 0.000000
vn 0.913190 0.407533 0.000000
vn 0.852556 0.522636 -0.000000
vn 0.816778 0.576952 0.000000
vn 0.852556 0.522636 0.000000
vn 0.735151 0.677903 0.000000
vn 0.689768 0.724030 0.000000
vn 0.689768 0.724030 -0.000000
vn 0.816778 0.576952 0.000000
vn 0.884743 0.466080 -0.000000
vn 0.884743 0.466080 0.000000
vn 0.777579 0.628785 0.000000
vn 0.777579 0.628785 -0.000000
vn 0.913190 0.407533 0.000000
vn 0.852556 0.522636 0.000000
vn 0.852556 0.522636 -0.000000
vn 0.735151 0.677903 0.000000
vn 0.735151 0.677903 -0.000000
vn 0.689768 0.724030 0.000000
vn 0.689768 0.724030 -0.000000
vn 0.816778 0.576952 0.000000
vn 0.816778 0.576952 -0.000000
vn 0.884743 0.466080 0.000000
vn 0.884743 0.466080 -0.000000
vn 0.777579 0.628785 0.000000
vn 0.777579 0.628785 -0.000000
vn 0.913190 0.407533 0.000000
vn 0.852556 0.522636 -0.000000
vn 0.852556 0.522636 0.000000
vn 0.735151 0.677903 -0.000000
vn 0.735151 0.677903 0.000000
vn 0.689768 0.724030 0.000000
vn 0.689768 0.724030 -0.000000
vn 0.893432 0.445733 -0.055684
vn 0.913190 0.407533 0.000000
vn 0.816778 0.576952 0.000000
vn 0.816778 0.576952 -0.000000
vn 0.588332 0.808619 0.000000
vn 0.631047 0.775744 0.000672
vn 0.641836 0.766842 -0.000000
vn 0.641836 0.766842 -0.000000
vn 0.641836 0.766842 -0.000000
vn 0.884743 0.466080 0.000000
vn 0.884743 0.466080 -0.000000
vn 0.777579 0.628785 0.000000
vn 0.777579 0.628785 -0.000000
vn 0.884555 0.465981 -0.020595
vn 0.884743 0.466080 -0.000000
vn 0.884743 0.466080 0.000000
vn 0.852556 0.522636 0.000000
vn 0.852556 0.522636 -0.000000
vn 0.816778 0.576952 0.000000
vn 0.735151 0.677903 0.000000
vn 0.735151 0.677903 -0.000000
vn 0.689768 0.724030 0.000000
vn 0.689768 0.724030 0.000000
vn 0.816778 0.576952 0.000000
vn 0.641836 0.766842 -0.000000
vn 0.588332 0.808619 0.000000
vn 0.641836 0.766842 0.000000
vn 0.816778 0.576952 0.000000
vn 0.819855 0.571999 -0.025598
vn 0.852556 0.522636 0.000000
vn 0.852528 0.522619 0.008054
vn 0.852556 0.522636 -0.000000
vn 0.777579 0.628785 -0.000000
vn 0.777579 0.628785 0.000000
vn 0.735151 0.677903 0.000000
vn 0.816778 0.576952 0.000000
vn 0.816640 0.576854 -0.018400
vn 0.777579 0.628785 0.000000
vn 0.735151 0.677903 0.000000
vn 0.744268 0.667775 -0.011954
vn 0.777566 0.628775 0.005854
vn 0.777579 0.628785 0.000000
vn 0.689768 0.724030 0.000000
vn 0.689768 0.724030 -0.000000
vn 0.588332 0.808619 0.000000
vn 0.641836 0.766842 0.000000
vn 0.641836 0.766842 -0.000000
vn 0.735151 0.677903 0.000000
vn 0.735148 0.677900 -0.003040
vn 0.735151 0.677903 -0.000000
vn 0.651025 0.758878 -0.016465
vn 0.689767 0.724029 0.002000
vn 0.689768 0.724030 0.000000
vn 0.641836 0.766842 0.000000
vn 0.689768 0.724030 -0.000000
vn 0.641797 0.766796 -0.010997
vn 0.588332 0.808619 0.000000
vn 0.641836 0.766842 0.000000
vn 0.643328 -0.765465 0.013878
vn 0.666076 -0.745882 0.001629
vn 0.748290 -0.662995 0.022374
vn 0.712810 -0.701355 -0.001467
vn 0.756708 -0.653660 0.010997
vn 0.605765 -0.795643 0.000000
vn 0.825268 -0.564394 0.019799
vn 0.797580 -0.603186 -0.005713
vn 0.666077 -0.745883 0.000000
vn 0.666077 -0.745883 0.000000
vn 0.712811 -0.701356 0.000000
vn 0.712811 -0.701356 0.000000
vn 0.835103 -0.550088 0.002346
vn 0.756754 -0.653700 0.000000
vn 0.756754 -0.653700 0.000000
vn 0.605765 -0.795643 0.000000
vn 0.797593 -0.603196 0.000000
vn 0.797593 -0.603196 0.000000
vn 0.893412 -0.446141 0.052655
vn 0.869107 -0.494620 -0.002144
vn 0.666077 -0.745883 0.000000
vn 0.666077 -0.745883 0.000000
vn 0.712811 -0.701356 0.000000
vn 0.712811 -0.701356 0.000000
vn 0.835106 -0.550090 0.000000
vn 0.835106 -0.550090 0.000000
vn 0.756754 -0.653700 0.000000
vn 0.756754 -0.653700 0.000000
vn 0.898974 -0.436814 0.032228
vn 0.605765 -0.795643 0.000000
vn 0.797593 -0.603196 0.000000
vn 0.797593 -0.603196 0.000000
vn 0.869109 -0.494621 0.000000
vn 0.869109 -0.494621 0.000000
vn 0.666077 -0.745883 0.000000
vn 0.666077 -0.745883 0.000000
vn 0.712811 -0.701356 0.000000
vn 0.712811 -0.701356 0.000000
vn 0.835106 -0.550090 0.000000
vn 0.835106 -0.550090 0.000000
vn 0.756754 -0.653700 0.000000
vn 0.756754 -0.653700 0.000000
vn 0.919531 -0.393019 0.000000
vn 0.899442 -0.437041 0.000000
vn 0.899442 -0.437041 0.000000
vn 0.605765 -0.795643 0.000000
vn 0.605765 -0.795643 0.000000
vn 0.797593 -0.603196 0.000000
vn 0.797593 -0.603196 0.000000
vn 0.869109 -0.494621 0.000000
vn 0.869109 -0.494621 0.000000
vn 0.899442 -0.437041 0.000000
vn 0.666077 -0.745883 0.000000
vn 0.666077 -0.745883 0.000000
vn 0.712811 -0.701356 0.000000
vn 0.712811 -0.701356 0.000000
vn 0.835106 -0.550090 0.000000
vn 0.835106 -0.550090 0.000000
vn 0.756754 -0.653700 0.000000
vn 0.756754 -0.653700 0.000000
vn 0.899442 -0.437041 0.000000
vn 0.919531 -0.393019 0.000000
vn 0.605765 -0.795643 0.000000
vn 0.797593 -0.603196 0.000000
vn 0.797593 -0.603196 0.000000
vn 0.869109 -0.494621 0.000000
vn 0.869109 -0.494621 0.000000
vn 0.666077 -0.745883 0.000000
vn 0.666077 -0.745883 0.000000
vn 0.712811 -0.701356 0.000000
vn 0.712811 -0.701356 0.000000
vn 0.835106 -0.550090 0.000000
vn 0.835106 -0.550090 0.000000
vn 0.756754 -0.653700 0.000000
vn 0.756754 -0.653700 0.000000
vn 0.899442 -0.437041 0.000000
vn 0.919531 -0.393018 0.000000
vn 0.899442 -0.437041 0.000000
vn 0.605765 -0.795643 0.000000
vn 0.797593 -0.603196 0.000000
vn 0.797593 -0.603196 0.000000
vn 0.869109 -0.494621 0.000000
vn 0.869109 -0.494621 0.000000
vn 0.666077 -0.745883 0.000000
vn 0.666077 -0.745883 0.000000
vn 0.712811 -0.701356 0.000000
vn 0.712811 -0.701356 0.000000
vn 0.835106 -0.550090 0.000000
vn 0.835106 -0.550090 0.000000
vn 0.756754 -0.653700 0.000000
vn 0.756754 -0.653700 0.000000
vn 0.919531 -0.393019 0.000000
vn 0.919531 -0.393019 0.000000
vn 0.899442 -0.437041 0.000000
vn 0.899442 -0.437041 0.000000
vn 0.605765 -0.795643 0.000000
vn 0.797593 -0.603196 0.000000
vn 0.835106 -0.550090 0.000000
vn 0.797593 -0.603196 0.000000
vn 0.869109 -0.494621 0.000000
vn 0.869109 -0.494621 0.000000
vn 0.666077 -0.745883 0.000000
vn 0.666077 -0.745883 0.000000
vn 0.712811 -0.701356 0.000000
vn 0.712811 -0.701356 0.000000
vn 0.835106 -0.550090 0.000000
vn 0.756754 -0.653700 0.000000
vn 0.756754 -0.653700 0.000000
vn 0.919531 -0.393019 0.000000
vn 0.899442 -0.437041 0.000000
vn 0.899442 -0.437041 0.000000
vn 0.605765 -0.795643 0.000000
vn 0.797593 -0.603196 0.000000
vn 0.797593 -0.603196 0.000000
vn 0.869109 -0.494621 0.000000
vn 0.869109 -0.494621 0.000000
vn 0.666077 -0.745883 0.000000
vn 0.666077 -0.745883 0.000000
vn 0.712811 -0.701356 0.000000
vn 0.756754 -0.653700 0.000000
vn 0.712811 -0.701356 0.000000
vn 0.643328 -0.765465 -0.013878
vn 0.605765 -0.795643 0.000000
vn 0.835106 -0.550090 0.000000
vn 0.835106 -0.550090 0.000000
vn 0.666077 -0.745883 0.000000
vn 0.666076 -0.745882 -0.001629
vn 0.666077 -0.745883 0.000000
vn 0.756754 -0.653700 0.000000
vn 0.919531 -0.393019 0.000000
vn 0.899442 -0.437041 0.000000
vn 0.899442 -0.437041 0.000000
vn 0.712811 -0.701356 0.000000
vn 0.748290 -0.662995 -0.022374
vn 0.712810 -0.701355 0.001467
vn 0.756754 -0.653700 0.000000
vn 0.712811 -0.701356 0.000000
vn 0.797593 -0.603196 0.000000
vn 0.797593 -0.603196 0.000000
vn 0.869109 -0.494621 0.000000
vn 0.869109 -0.494621 0.000000
vn 0.756754 -0.653700 0.000000
vn 0.756708 -0.653660 -0.010997
vn 0.835106 -0.550090 0.000000
vn 0.835106 -0.550090 0.000000
vn 0.797580 -0.603186 0.005713
vn 0.825268 -0.564393 -0.019799
vn 0.797593 -0.603196 0.000000
vn 0.797593 -0.603196 0.000000
vn 0.919531 -0.393018 0.000000
vn 0.899442 -0.437041 0.000000
vn 0.899442 -0.437041 0.000000
vn 0.835106 -0.550090 0.000000
vn 0.835106 -0.550090 0.000000
vn 0.835103 -0.550088 -0.002346
vn 0.869109 -0.494621 0.000000
vn 0.869109 -0.494621 0.000000
vn 0.869109 -0.494621 0.000000
vn 0.893412 -0.446141 -0.052655
vn 0.869107 -0.494620 0.002144
vn 0.869109 -0.494621 0.000000
vn 0.899442 -0.437041 0.000000
vn 0.899442 -0.437041 0.000000
vn 0.919531 -0.393019 0.000000
vn 0.899442 -0.437041 0.000000
vn 0.898974 -0.436814 -0.032228
vn 0.899442 -0.437041 0.000000
vn 0.919531 -0.393019 0.000000
vn 0.789140 -0.614213 0.000000
vn 0.789140 -0.614213 0.000000
vn 0.789140 0.614213 -0.000000
vn 0.789140 0.614213 0.000000
vn -0.584115 -0.811552 0.013878
vn -0.559546 -0.828798 0.001629
vn -0.459014 -0.888147 0.022375
vn -0.504912 -0.863170 -0.001466
vn -0.447896 -0.894018 0.010996
vn -0.622593 -0.782546 0.000000
vn -0.344531 -0.938566 0.019797
vn -0.388932 -0.921249 -0.005714
vn -0.559546 -0.828799 0.000000
vn -0.559546 -0.828799 0.000000
vn -0.504912 -0.863171 0.000000
vn -0.504912 -0.863171 0.000000
vn -0.328251 -0.944588 0.002345
vn -0.447923 -0.894072 0.000000
vn -0.447923 -0.894072 0.000000
vn -0.622593 -0.782546 0.000000
vn -0.388939 -0.921264 0.000000
vn -0.388939 -0.921264 0.000000
vn -0.213169 -0.975595 0.052657
vn -0.266134 -0.963934 -0.002145
vn -0.559546 -0.828799 0.000000
vn -0.559546 -0.828799 0.000000
vn -0.504912 -0.863171 0.000000
vn -0.504912 -0.863171 0.000000
vn -0.328251 -0.944590 0.000000
vn -0.328251 -0.944590 0.000000
vn -0.447923 -0.894072 0.000000
vn -0.447923 -0.894072 0.000000
vn -0.202760 -0.978698 0.032227
vn -0.622593 -0.782546 0.000000
vn -0.388939 -0.921264 0.000000
vn -0.388939 -0.921264 0.000000
vn -0.266134 -0.963936 0.000000
vn -0.266134 -0.963936 0.000000
vn -0.559546 -0.828799 0.000000
vn -0.559546 -0.828799 0.000000
vn -0.504912 -0.863171 0.000000
vn -0.504912 -0.863171 0.000000
vn -0.328251 -0.944590 0.000000
vn -0.328251 -0.944590 0.000000
vn -0.447923 -0.894072 0.000000
vn -0.447923 -0.894072 0.000000
vn -0.155259 -0.987874 -0.000000
vn -0.202865 -0.979207 0.000000
vn -0.202865 -0.979207 0.000000
vn -0.622593 -0.782546 0.000000
vn -0.622593 -0.782546 0.000000
vn -0.388939 -0.921264 0.000000
vn -0.388939 -0.921264 0.000000
vn -0.266134 -0.963936 0.000000
vn -0.266134 -0.963936 0.000000
vn -0.559546 -0.828799 0.000000
vn -0.559546 -0.828799 0.000000
vn -0.504912 -0.863171 0.000000
vn -0.504912 -0.863171 0.000000
vn -0.328251 -0.944590 0.000000
vn -0.328251 -0.944590 0.000000
vn -0.447923 -0.894072 0.000000
vn -0.447923 -0.894072 0.000000
vn -0.155259 -0.987874 -0.000000
vn -0.202865 -0.979207 0.000000
vn -0.202865 -0.979207 0.000000
vn -0.622593 -0.782546 0.000000
vn -0.559546 -0.828799 -0.000000
vn -0.388939 -0.921264 0.000000
vn -0.328251 -0.944590 -0.000000
vn -0.388939 -0.921264 0.000000
vn -0.266134 -0.963936 0.000000
vn -0.202865 -0.979207 -0.000000
vn -0.266134 -0.963936 0.000000
vn -0.559546 -0.828799 0.000000
vn -0.504912 -0.863171 0.000000
vn -0.504912 -0.863171 0.000000
vn -0.328251 -0.944590 0.000000
vn -0.447923 -0.894072 0.000000
vn -0.447923 -0.894072 0.000000
vn -0.202865 -0.979207 0.000000
vn -0.155259 -0.987874 -0.000000
vn -0.622593 -0.782546 0.000000
vn -0.388939 -0.921264 0.000000
vn -0.328252 -0.944590 -0.000000
vn -0.388939 -0.921264 0.000000
vn -0.266134 -0.963936 0.000000
vn -0.266134 -0.963936 0.000000
vn -0.559546 -0.828799 0.000000
vn -0.559546 -0.828799 0.000000
vn -0.504912 -0.863171 0.000000
vn -0.504912 -0.863171 0.000000
vn -0.328252 -0.944590 0.000000
vn -0.447923 -0.894072 0.000000
vn -0.447923 -0.894072 0.000000
vn -0.155259 -0.987874 -0.000000
vn -0.155259 -0.987874 -0.000000
vn -0.202865 -0.979207 0.000000
vn -0.202865 -0.979207 0.000000
vn -0.622593 -0.782546 0.000000
vn -0.388939 -0.921264 0.000000
vn -0.388939 -0.921264 0.000000
vn -0.266134 -0.963936 0.000000
vn -0.266134 -0.963936 0.000000
vn -0.559546 -0.828799 0.000000
vn -0.559546 -0.828799 0.000000
vn -0.504912 -0.863171 0.000000
vn -0.504912 -0.863171 0.000000
vn -0.328251 -0.944590 0.000000
vn -0.328251 -0.944590 0.000000
vn -0.266134 -0.963936 -0.000000
vn -0.447923 -0.894072 0.000000
vn -0.447923 -0.894072 0.000000
vn -0.155259 -0.987874 -0.000000
vn -0.202865 -0.979207 0.000000
vn -0.202865 -0.979207 0.000000
vn -0.622593 -0.782546 0.000000
vn -0.388939 -0.921264 0.000000
vn -0.388939 -0.921264 0.000000
vn -0.266134 -0.963936 0.000000
vn -0.559546 -0.828799 0.000000
vn -0.559546 -0.828799 0.000000
vn -0.504912 -0.863171 0.000000
vn -0.504912 -0.863171 0.000000
vn -0.447923 -0.894072 -0.000000
vn -0.584116 -0.811552 -0.013878
vn -0.622593 -0.782546 0.000000
vn -0.328252 -0.944590 0.000000
vn -0.328252 -0.944590 0.000000
vn -0.559546 -0.828798 -0.001629
vn -0.559546 -0.828799 0.000000
vn -0.559546 -0.828799 0.000000
vn -0.447923 -0.894072 0.000000
vn -0.155259 -0.987874 -0.000000
vn -0.202865 -0.979207 0.000000
vn -0.202865 -0.979207 0.000000
vn -0.504912 -0.863171 0.000000
vn -0.504912 -0.863171 0.000000
vn -0.459014 -0.888147 -0.022375
vn -0.504912 -0.863170 0.001466
vn -0.447923 -0.894072 -0.000000
vn -0.388939 -0.921264 0.000000
vn -0.388939 -0.921264 0.000000
vn -0.266134 -0.963936 0.000000
vn -0.266134 -0.963936 0.000000
vn -0.447923 -0.894072 0.000000
vn -0.447896 -0.894018 -0.010996
vn -0.328251 -0.944590 0.000000
vn -0.328251 -0.944590 0.000000
vn -0.344531 -0.938566 -0.019797
vn -0.388932 -0.921249 0.005714
vn -0.388939 -0.921264 0.000000
vn -0.388939 -0.921264 0.000000
vn -0.155259 -0.987874 -0.000000
vn -0.202865 -0.979207 0.000000
vn -0.202865 -0.979207 0.000000
vn -0.328251 -0.944590 0.000000
vn -0.328251 -0.944590 0.000000
vn -0.328251 -0.944588 -0.002345
vn -0.266134 -0.963936 0.000000
vn -0.266134 -0.963936 0.000000
vn -0.266134 -0.963934 0.002145
vn -0.213169 -0.975595 -0.052657
vn -0.266134 -0.963936 0.000000
vn -0.266134 -0.963936 0.000000
vn -0.155259 -0.987874 -0.000000
vn -0.202865 -0.979207 0.000000
vn -0.202865 -0.979207 0.000000
vn -0.155259 -0.987874 -0.000000
vn -0.202760 -0.978698 -0.032227
vn -0.202865 -0.979207 0.000000
vn -0.202865 -0.979207 0.000000
vn -0.212769 0.975514 0.055686
vn -0.234576 0.971879 0.020598
vn -0.170886 0.985291 0.000000
vn -0.353233 0.935185 0.025599
vn -0.297345 0.954736 -0.008052
vn -0.358728 0.933261 0.018401
vn -0.234626 0.972086 0.000000
vn -0.234626 0.972086 0.000000
vn -0.464633 0.885423 0.011953
vn -0.418656 0.908126 -0.005854
vn -0.170886 0.985291 0.000000
vn -0.297355 0.954767 0.000000
vn -0.297355 0.954767 0.000000
vn -0.476684 0.879069 0.003041
vn -0.575841 0.817396 0.016464
vn -0.532552 0.846395 -0.002000
vn -0.358789 0.933419 0.000000
vn -0.358789 0.933419 0.000000
vn -0.234626 0.972086 0.000000
vn -0.234626 0.972086 0.000000
vn -0.418663 0.908142 0.000000
vn -0.418663 0.908142 0.000000
vn -0.170886 0.985291 0.000000
vn -0.297355 0.954767 0.000000
vn -0.297355 0.954767 0.000000
vn -0.476686 0.879073 0.000000
vn -0.476686 0.879073 0.000000
vn -0.605442 0.795889 0.000000
vn -0.532553 0.846397 0.000000
vn -0.532553 0.846397 0.000000
vn -0.358789 0.933419 0.000000
vn -0.358789 0.933419 0.000000
vn -0.234626 0.972086 0.000000
vn -0.234626 0.972086 0.000000
vn -0.418663 0.908142 0.000000
vn -0.418663 0.908142 0.000000
vn -0.170886 0.985291 0.000000
vn -0.170886 0.985291 0.000000
vn -0.234626 0.972086 0.000000
vn -0.297355 0.954767 0.000000
vn -0.297355 0.954767 0.000000
vn -0.476686 0.879073 0.000000
vn -0.476686 0.879073 0.000000
vn -0.605442 0.795889 0.000000
vn -0.532553 0.846397 0.000000
vn -0.532553 0.846397 0.000000
vn -0.358789 0.933419 0.000000
vn -0.358789 0.933419 0.000000
vn -0.234626 0.972086 0.000000
vn -0.418663 0.908142 0.000000
vn -0.418663 0.908142 0.000000
vn -0.170886 0.985291 0.000000
vn -0.297355 0.954767 0.000000
vn -0.297355 0.954767 0.000000
vn -0.476686 0.879073 0.000000
vn -0.476686 0.879073 0.000000
vn -0.532553 0.846397 0.000000
vn -0.605442 0.795889 0.000000
vn -0.532553 0.846397 0.000000
vn -0.358789 0.933419 0.000000
vn -0.358789 0.933419 0.000000
vn -0.234626 0.972086 0.000000
vn -0.234626 0.972086 0.000000
vn -0.418663 0.908142 0.000000
vn -0.418663 0.908142 0.000000
vn -0.476686 0.879073 0.000000
vn -0.170886 0.985291 0.000000
vn -0.297355 0.954767 0.000000
vn -0.297355 0.954767 0.000000
vn -0.476686 0.879073 0.000000
vn -0.532553 0.846397 0.000000
vn -0.532553 0.846397 0.000000
vn -0.418663 0.908142 0.000000
vn -0.358789 0.933419 0.000000
vn -0.358789 0.933419 0.000000
vn -0.234626 0.972086 0.000000
vn -0.234626 0.972086 0.000000
vn -0.418663 0.908142 0.000000
vn -0.170886 0.985291 0.000000
vn -0.297355 0.954767 0.000000
vn -0.297355 0.954767 0.000000
vn -0.476686 0.879074 0.000000
vn -0.476686 0.879074 0.000000
vn -0.532553 0.846397 0.000000
vn -0.532553 0.846397 0.000000
vn -0.358789 0.933419 0.000000
vn -0.358789 0.933419 0.000000
vn -0.234626 0.972086 0.000000
vn -0.234626 0.972086 0.000000
vn -0.418663 0.908142 0.000000
vn -0.418663 0.908142 0.000000
vn -0.170886 0.985291 0.000000
vn -0.234626 0.972086 0.000000
vn -0.297355 0.954767 0.000000
vn -0.297355 0.954767 0.000000
vn -0.476686 0.879074 0.000000
vn -0.476686 0.879074 0.000000
vn -0.532553 0.846397 0.000000
vn -0.532553 0.846397 0.000000
vn -0.212769 0.975514 -0.055686
vn -0.170886 0.985291 0.000000
vn -0.358789 0.933419 0.000000
vn -0.358789 0.933419 0.000000
vn -0.639446 0.768836 0.000000
vn -0.597092 0.802172 0.000672
vn -0.585814 0.810445 0.000000
vn -0.585814 0.810445 0.000000
vn -0.585814 0.810445 0.000000
vn -0.234626 0.972086 0.000000
vn -0.418663 0.908142 0.000000
vn -0.418663 0.908142 0.000000
vn -0.234576 0.971879 -0.020598
vn -0.234626 0.972086 0.000000
vn -0.234626 0.972086 0.000000
vn -0.297355 0.954767 0.000000
vn -0.297355 0.954767 0.000000
vn -0.476686 0.879073 0.000000
vn -0.476686 0.879073 0.000000
vn -0.532553 0.846397 0.000000
vn -0.532553 0.846397 0.000000
vn -0.358789 0.933419 0.000000
vn -0.358789 0.933419 0.000000
vn -0.585814 0.810445 0.000000
vn -0.639446 0.768836 0.000000
vn -0.585814 0.810445 0.000000
vn -0.353233 0.935185 -0.025599
vn -0.297355 0.954767 0.000000
vn -0.297345 0.954736 0.008052
vn -0.297355 0.954767 0.000000
vn -0.418663 0.908142 0.000000
vn -0.418663 0.908142 0.000000
vn -0.358789 0.933419 0.000000
vn -0.358728 0.933261 -0.018401
vn -0.358789 0.933419 0.000000
vn -0.532553 0.846397 0.000000
vn -0.476686 0.879073 0.000000
vn -0.476686 0.879073 0.000000
vn -0.464633 0.885423 -0.011953
vn -0.418656 0.908126 0.005854
vn -0.418663 0.908142 0.000000
vn -0.418663 0.908142 0.000000
vn -0.532553 0.846397 0.000000
vn -0.639447 0.768836 0.000000
vn -0.585814 0.810445 0.000000
vn -0.585814 0.810445 0.000000
vn -0.476684 0.879069 -0.003041
vn -0.476686 0.879073 0.000000
vn -0.476686 0.879073 0.000000
vn -0.575841 0.817396 -0.016464
vn -0.532551 0.846395 0.002000
vn -0.585814 0.810445 0.000000
vn -0.532553 0.846397 0.000000
vn -0.532553 0.846397 0.000000
vn -0.639447 0.768836 0.000000
vn -0.585779 0.810396 -0.010996
vn -0.585814 0.810445 0.000000
vn -0.688172 -0.725548 0.000000
vn -0.688172 -0.725548 0.000000
vn -0.688172 0.725548 0.000000
vn -0.688172 0.725548 0.000000
vn 0.677282 -0.735724 0.000000
vn 0.677282 -0.735724 0.000000
vn 0.677282 0.735724 -0.000000
vn 0.677282 0.735724 0.000000
vn 0.779899 0.625906 -0.000000
vn 0.779899 0.625906 0.000000
vn 0.779899 -0.625906 0.000000
vn 0.779899 -0.625906 0.000000
vn 0.989753 0.131486 0.055687
vn 0.987931 0.153520 0.020596
vn 0.996037 0.088938 0.000000
vn 0.961161 0.274799 0.025600
vn 0.976030 0.217486 -0.008052
vn 0.959696 0.280437 0.018399
vn 0.988140 0.153553 0.000000
vn 0.988140 0.153553 -0.000000
vn 0.920767 0.389929 0.011952
vn 0.939597 0.342233 -0.005856
vn 0.996037 0.088938 0.000000
vn 0.976062 0.217493 0.000000
vn 0.976062 0.217493 -0.000000
vn 0.915431 0.402464 0.003040
vn 0.862156 0.506376 0.016463
vn 0.887483 0.460836 -0.002001
vn 0.959859 0.280484 0.000000
vn 0.959859 0.280484 -0.000000
vn 0.988140 0.153553 0.000000
vn 0.988140 0.153553 -0.000000
vn 0.939613 0.342239 0.000000
vn 0.939613 0.342239 -0.000000
vn 0.996037 0.088938 0.000000
vn 0.976062 0.217493 0.000000
vn 0.976062 0.217493 -0.000000
vn 0.915435 0.402466 0.000000
vn 0.887485 0.460837 0.000000
vn 0.915435 0.402466 -0.000000
vn 0.843167 0.537652 0.000000
vn 0.887485 0.460837 0.000000
vn 0.959859 0.280484 0.000000
vn 0.959859 0.280484 -0.000000
vn 0.988140 0.153553 0.000000
vn 0.988140 0.153553 -0.000000
vn 0.939613 0.342239 0.000000
vn 0.939613 0.342239 -0.000000
vn 0.996037 0.088938 -0.000000
vn 0.996037 0.088938 0.000000
vn 0.976062 0.217493 -0.000000
vn 0.976062 0.217493 0.000000
vn 0.915435 0.402466 0.000000
vn 0.887485 0.460837 0.000000
vn 0.915435 0.402466 -0.000000
vn 0.843167 0.537652 0.000000
vn 0.887485 0.460837 0.000000
vn 0.959859 0.280484 0.000000
vn 0.959859 0.280484 -0.000000
vn 0.988140 0.153553 0.000000
vn 0.988140 0.153553 -0.000000
vn 0.939613 0.342239 0.000000
vn 0.939613 0.342239 -0.000000
vn 0.988140 0.153553 0.000000
vn 0.996037 0.088938 0.000000
vn 0.976062 0.217493 0.000000
vn 0.959859 0.280484 0.000000
vn 0.976062 0.217493 -0.000000
vn 0.915435 0.402466 0.000000
vn 0.915435 0.402466 -0.000000
vn 0.887485 0.460837 -0.000000
vn 0.843167 0.537652 0.000000
vn 0.887485 0.460837 0.000000
vn 0.959859 0.280484 0.000000
vn 0.988140 0.153553 0.000000
vn 0.939613 0.342239 0.000000
vn 0.939613 0.342239 -0.000000
vn 0.988140 0.153553 0.000000
vn 0.996037 0.088938 0.000000
vn 0.976062 0.217493 -0.000000
vn 0.976062 0.217493 0.000000
vn 0.915435 0.402466 -0.000000
vn 0.915435 0.402466 0.000000
vn 0.887485 0.460837 -0.000000
vn 0.887485 0.460837 0.000000
vn 0.959859 0.280484 0.000000
vn 0.959859 0.280484 -0.000000
vn 0.988140 0.153553 0.000000
vn 0.939613 0.342239 0.000000
vn 0.939613 0.342239 -0.000000
vn 0.996037 0.088938 0.000000
vn 0.976062 0.217493 0.000000
vn 0.976062 0.217493 -0.000000
vn 0.915435 0.402466 -0.000000
vn 0.915435 0.402466 0.000000
vn 0.887485 0.460837 0.000000
vn 0.887485 0.460837 -0.000000
vn 0.959859 0.280484 0.000000
vn 0.959859 0.280484 -0.000000
vn 0.988141 0.153553 0.000000
vn 0.988141 0.153553 -0.000000
vn 0.915435 0.402466 0.000000
vn 0.939613 0.342239 -0.000000
vn 0.939613 0.342239 0.000000
vn 0.996037 0.088938 0.000000
vn 0.976062 0.217493 0.000000
vn 0.976062 0.217493 -0.000000
vn 0.915435 0.402466 0.000000
vn 0.887485 0.460837 0.000000
vn 0.887485 0.460837 -0.000000
vn 0.989753 0.131486 -0.055687
vn 0.996037 0.088938 0.000000
vn 0.959859 0.280484 0.000000
vn 0.959859 0.280484 -0.000000
vn 0.819010 0.573779 0.000000
vn 0.848740 0.528811 0.000672
vn 0.856054 0.516886 -0.000000
vn 0.856054 0.516886 -0.000000
vn 0.856054 0.516886 -0.000000
vn 0.988140 0.153553 0.000000
vn 0.988140 0.153553 -0.000000
vn 0.939613 0.342239 -0.000000
vn 0.939613 0.342239 0.000000
vn 0.915435 0.402466 0.000000
vn 0.987931 0.153520 -0.020596
vn 0.988140 0.153553 -0.000000
vn 0.988140 0.153553 0.000000
vn 0.976062 0.217493 0.000000
vn 0.976062 0.217493 -0.000000
vn 0.915435 0.402466 0.000000
vn 0.887485 0.460837 0.000000
vn 0.887485 0.460837 -0.000000
vn 0.959859 0.280484 0.000000
vn 0.959859 0.280484 -0.000000
vn 0.856054 0.516886 -0.000000
vn 0.819010 0.573779 0.000000
vn 0.856054 0.516886 0.000000
vn 0.961161 0.274799 -0.025600
vn 0.976030 0.217486 0.008052
vn 0.976062 0.217493 -0.000000
vn 0.976062 0.217493 0.000000
vn 0.939613 0.342239 -0.000000
vn 0.939613 0.342239 0.000000
vn 0.959859 0.280484 0.000000
vn 0.959859 0.280484 -0.000000
vn 0.959696 0.280437 -0.018399
vn 0.915435 0.402466 -0.000000
vn 0.915435 0.402466 0.000000
vn 0.920767 0.389929 -0.011952
vn 0.939613 0.342239 -0.000000
vn 0.939597 0.342233 0.005856
vn 0.939613 0.342239 0.000000
vn 0.887485 0.460837 0.000000
vn 0.887485 0.460837 -0.000000
vn 0.819010 0.573779 0.000000
vn 0.856054 0.516886 -0.000000
vn 0.856054 0.516886 0.000000
vn 0.915435 0.402466 0.000000
vn 0.915431 0.402464 -0.003040
vn 0.915435 0.402466 -0.000000
vn 0.862156 0.506376 -0.016463
vn 0.887483 0.460836 0.002001
vn 0.887485 0.460837 0.000000
vn 0.856054 0.516886 0.000000
vn 0.887485 0.460837 -0.000000
vn 0.856002 0.516855 -0.010998
vn 0.819010 0.573779 0.000000
vn 0.856054 0.516886 0.000000
vn 0.857015 -0.515104 0.013879
vn 0.872174 -0.489193 0.001628
vn 0.923019 -0.384103 0.022374
vn 0.901918 -0.431906 -0.001467
vn 0.927951 -0.372539 0.010995
vn 0.831284 -0.555847 0.000000
vn 0.963811 -0.265849 0.019798
vn 0.950219 -0.311530 -0.005714
vn 0.872175 -0.489193 0.000000
vn 0.872175 -0.489193 0.000000
vn 0.901919 -0.431906 0.000000
vn 0.901919 -0.431906 0.000000
vn 0.968468 -0.249125 0.002345
vn 0.928007 -0.372562 0.000000
vn 0.928007 -0.372562 0.000000
vn 0.831284 -0.555847 0.000000
vn 0.950235 -0.311535 0.000000
vn 0.950235 -0.311535 0.000000
vn 0.989867 -0.131877 0.052656
vn 0.982619 -0.185624 -0.002145
vn 0.872175 -0.489193 0.000000
vn 0.872175 -0.489193 0.000000
vn 0.901919 -0.431906 0.000000
vn 0.901919 -0.431906 0.000000
vn 0.968471 -0.249126 0.000000
vn 0.968471 -0.249126 0.000000
vn 0.928007 -0.372562 0.000000
vn 0.928007 -0.372562 0.000000
vn 0.992099 -0.121248 0.032228
vn 0.831284 -0.555847 0.000000
vn 0.950235 -0.311535 0.000000
vn 0.950235 -0.311535 0.000000
vn 0.982621 -0.185624 0.000000
vn 0.982621 -0.185624 0.000000
vn 0.872175 -0.489193 0.000000
vn 0.872175 -0.489193 0.000000
vn 0.901919 -0.431906 0.000000
vn 0.901919 -0.431906 0.000000
vn 0.968471 -0.249126 0.000000
vn 0.968471 -0.249126 0.000000
vn 0.928007 -0.372562 0.000000
vn 0.928007 -0.372562 0.000000
vn 0.997321 -0.073151 0.000000
vn 0.992615 -0.121311 0.000000
vn 0.992615 -0.121311 0.000000
vn 0.831284 -0.555847 0.000000
vn 0.831284 -0.555848 0.000000
vn 0.950235 -0.311535 0.000000
vn 0.950235 -0.311535 0.000000
vn 0.982621 -0.185624 0.000000
vn 0.982621 -0.185624 0.000000
vn 0.872175 -0.489193 0.000000
vn 0.872175 -0.489193 0.000000
vn 0.901919 -0.431906 0.000000
vn 0.901919 -0.431906 0.000000
vn 0.968471 -0.249126 0.000000
vn 0.968471 -0.249126 0.000000
vn 0.928007 -0.372562 0.000000
vn 0.928007 -0.372562 0.000000
vn 0.997321 -0.073151 0.000000
vn 0.992615 -0.121311 0.000000
vn 0.992615 -0.121311 0.000000
vn 0.831284 -0.555847 0.000000
vn 0.950235 -0.311535 0.000000
vn 0.950235 -0.311535 0.000000
vn 0.982621 -0.185624 0.000000
vn 0.982621 -0.185624 0.000000
vn 0.872175 -0.489193 0.000000
vn 0.872175 -0.489193 0.000000
vn 0.901919 -0.431906 0.000000
vn 0.901919 -0.431906 0.000000
vn 0.968471 -0.249126 0.000000
vn 0.968471 -0.249126 0.000000
vn 0.950235 -0.311535 0.000000
vn 0.928007 -0.372562 0.000000
vn 0.928007 -0.372562 0.000000
vn 0.992615 -0.121311 0.000000
vn 0.992615 -0.121311 0.000000
vn 0.997321 -0.073151 0.000000
vn 0.831284 -0.555847 0.000000
vn 0.950235 -0.311535 0.000000
vn 0.982621 -0.185624 0.000000
vn 0.982621 -0.185624 0.000000
vn 0.872175 -0.489193 0.000000
vn 0.872175 -0.489193 0.000000
vn 0.901919 -0.431906 0.000000
vn 0.901919 -0.431906 0.000000
vn 0.968471 -0.249126 0.000000
vn 0.968471 -0.249126 0.000000
vn 0.928007 -0.372562 0.000000
vn 0.928007 -0.372562 0.000000
vn 0.950235 -0.311535 0.000000
vn 0.997321 -0.073151 0.000000
vn 0.997321 -0.073151 0.000000
vn 0.992615 -0.121311 0.000000
vn 0.992615 -0.121311 0.000000
vn 0.831284 -0.555847 0.000000
vn 0.950235 -0.311535 0.000000
vn 0.982621 -0.185624 0.000000
vn 0.982621 -0.185624 0.000000
vn 0.992615 -0.121311 0.000000
vn 0.872175 -0.489193 0.000000
vn 0.872175 -0.489193 0.000000
vn 0.901919 -0.431906 0.000000
vn 0.901919 -0.431906 0.000000
vn 0.968471 -0.249126 0.000000
vn 0.968471 -0.249126 0.000000
vn 0.928007 -0.372562 0.000000
vn 0.928007 -0.372562 0.000000
vn 0.997321 -0.073151 0.000000
vn 0.992615 -0.121311 0.000000
vn 0.831284 -0.555847 0.000000
vn 0.950235 -0.311535 0.000000
vn 0.950235 -0.311535 0.000000
vn 0.982621 -0.185624 0.000000
vn 0.982621 -0.185624 0.000000
vn 0.992615 -0.121311 0.000000
vn 0.872175 -0.489193 0.000000
vn 0.872175 -0.489193 0.000000
vn 0.901919 -0.431906 0.000000
vn 0.928007 -0.372562 0.000000
vn 0.901919 -0.431906 0.000000
vn 0.857015 -0.515104 -0.013879
vn 0.831284 -0.555847 0.000000
vn 0.968471 -0.249126 0.000000
vn 0.982621 -0.185624 0.000000
vn 0.968471 -0.249126 0.000000
vn 0.872174 -0.489193 -0.001629
vn 0.872175 -0.489193 0.000000
vn 0.872175 -0.489193 0.000000
vn 0.928007 -0.372562 0.000000
vn 0.997321 -0.073151 0.000000
vn 0.992615 -0.121311 0.000000
vn 0.901919 -0.431906 0.000000
vn 0.901919 -0.431906 0.000000
vn 0.923019 -0.384103 -0.022374
vn 0.901918 -0.431906 0.001467
vn 0.950235 -0.311535 0.000000
vn 0.950235 -0.311535 0.000000
vn 0.982621 -0.185624 0.000000
vn 0.928007 -0.372562 0.000000
vn 0.927951 -0.372539 -0.010995
vn 0.928007 -0.372562 0.000000
vn 0.968471 -0.249126 0.000000
vn 0.982621 -0.185624 0.000000
vn 0.968471 -0.249126 0.000000
vn 0.963811 -0.265849 -0.019798
vn 0.950219 -0.311530 0.005714
vn 0.950235 -0.311535 0.000000
vn 0.950235 -0.311535 0.000000
vn 0.992615 -0.121311 0.000000
vn 0.997321 -0.073151 0.000000
vn 0.992615 -0.121311 0.000000
vn 0.968471 -0.249126 0.000000
vn 0.968471 -0.249126 0.000000
vn 0.968468 -0.249125 -0.002345
vn 0.982621 -0.185624 0.000000
vn 0.982621 -0.185624 0.000000
vn 0.989867 -0.131877 -0.052656
vn 0.982619 -0.185624 0.002145
vn 0.982621 -0.185624 0.000000
vn 0.997321 -0.073151 0.000000
vn 0.992615 -0.121311 0.000000
vn 0.992615 -0.121311 0.000000
vn 0.997321 -0.073151 0.000000
vn 0.992099 -0.121248 -0.032228
vn 0.992615 -0.121311 0.000000
vn 0.992615 -0.121311 0.000000
vn 0.546948 -0.837166 0.000000
vn 0.546948 -0.837166 0.000000
vn 0.546948 0.837166 -0.000000
vn 0.546948 0.837166 0.000000
vn -0.815977 -0.577918 0.013881
vn -0.798338 -0.602207 0.001631
vn -0.722525 -0.690983 0.022374
vn -0.757822 -0.652460 -0.001465
vn -0.713916 -0.700145 0.010996
vn -0.842956 -0.537983 0.000000
vn -0.630616 -0.775843 0.019797
vn -0.666988 -0.745046 -0.005714
vn -0.798339 -0.602208 0.000000
vn -0.798339 -0.602208 0.000000
vn -0.757823 -0.652461 0.000000
vn -0.757823 -0.652461 0.000000
vn -0.617172 -0.786825 0.002345
vn -0.713959 -0.700188 0.000000
vn -0.713959 -0.700188 0.000000
vn -0.842956 -0.537983 0.000000
vn -0.666999 -0.745058 0.000000
vn -0.666999 -0.745058 0.000000
vn -0.518395 -0.853519 0.052657
vn -0.564703 -0.825291 -0.002145
vn -0.798339 -0.602208 0.000000
vn -0.798339 -0.602208 0.000000
vn -0.757823 -0.652461 0.000000
vn -0.757823 -0.652461 0.000000
vn -0.617173 -0.786827 0.000000
vn -0.617173 -0.786827 0.000000
vn -0.713959 -0.700188 0.000000
vn -0.713959 -0.700188 0.000000
vn -0.509558 -0.859833 0.032228
vn -0.842956 -0.537983 0.000000
vn -0.666999 -0.745058 0.000000
vn -0.666999 -0.745058 0.000000
vn -0.564704 -0.825293 0.000000
vn -0.564704 -0.825293 0.000000
vn -0.798339 -0.602208 0.000000
vn -0.798339 -0.602208 0.000000
vn -0.757823 -0.652460 0.000000
vn -0.757823 -0.652460 0.000000
vn -0.617173 -0.786827 0.000000
vn -0.617173 -0.786827 0.000000
vn -0.713959 -0.700188 0.000000
vn -0.713959 -0.700188 0.000000
vn -0.467609 -0.883935 -0.000000
vn -0.509822 -0.860280 0.000000
vn -0.509822 -0.860280 0.000000
vn -0.842956 -0.537983 0.000000
vn -0.842956 -0.537983 0.000000
vn -0.666999 -0.745058 0.000000
vn -0.666999 -0.745058 0.000000
vn -0.564704 -0.825293 0.000000
vn -0.564704 -0.825293 0.000000
vn -0.798339 -0.602208 0.000000
vn -0.798339 -0.602208 0.000000
vn -0.757823 -0.652461 0.000000
vn -0.757823 -0.652461 0.000000
vn -0.617174 -0.786827 0.000000
vn -0.617174 -0.786827 0.000000
vn -0.713959 -0.700188 0.000000
vn -0.713959 -0.700188 0.000000
vn -0.467609 -0.883935 -0.000000
vn -0.509822 -0.860280 0.000000
vn -0.509822 -0.860280 0.000000
vn -0.842956 -0.537983 0.000000
vn -0.666999 -0.745058 0.000000
vn -0.666999 -0.745058 0.000000
vn -0.564704 -0.825293 0.000000
vn -0.564704 -0.825293 0.000000
vn -0.798339 -0.602208 0.000000
vn -0.798339 -0.602208 0.000000
vn -0.757823 -0.652460 0.000000
vn -0.757823 -0.652460 0.000000
vn -0.617173 -0.786827 0.000000
vn -0.617173 -0.786827 0.000000
vn -0.713959 -0.700188 0.000000
vn -0.713959 -0.700188 0.000000
vn -0.509822 -0.860280 0.000000
vn -0.509822 -0.860280 0.000000
vn -0.467609 -0.883935 -0.000000
vn -0.842956 -0.537983 0.000000
vn -0.666999 -0.745058 0.000000
vn -0.666999 -0.745058 0.000000
vn -0.564704 -0.825293 0.000000
vn -0.564704 -0.825293 0.000000
vn -0.798339 -0.602208 0.000000
vn -0.798339 -0.602208 0.000000
vn -0.757823 -0.652461 0.000000
vn -0.757823 -0.652461 0.000000
vn -0.617173 -0.786827 0.000000
vn -0.617173 -0.786827 0.000000
vn -0.713959 -0.700188 0.000000
vn -0.713959 -0.700188 0.000000
vn -0.467609 -0.883935 -0.000000
vn -0.467609 -0.883935 -0.000000
vn -0.509822 -0.860280 0.000000
vn -0.509822 -0.860280 0.000000
vn -0.842956 -0.537983 0.000000
vn -0.666999 -0.745058 0.000000
vn -0.666999 -0.745058 0.000000
vn -0.564705 -0.825293 0.000000
vn -0.564705 -0.825293 0.000000
vn -0.509822 -0.860280 -0.000000
vn -0.798339 -0.602208 0.000000
vn -0.798339 -0.602208 0.000000
vn -0.757823 -0.652460 0.000000
vn -0.757823 -0.652460 0.000000
vn -0.713959 -0.700188 -0.000000
vn -0.617173 -0.786827 0.000000
vn -0.617173 -0.786827 0.000000
vn -0.564704 -0.825293 -0.000000
vn -0.713959 -0.700188 0.000000
vn -0.467609 -0.883935 -0.000000
vn -0.509822 -0.860280 0.000000
vn -0.842956 -0.537983 0.000000
vn -0.666999 -0.745058 0.000000
vn -0.666999 -0.745058 0.000000
vn -0.564704 -0.825293 0.000000
vn -0.798339 -0.602208 0.000000
vn -0.798339 -0.602208 0.000000
vn -0.757823 -0.652461 0.000000
vn -0.713959 -0.700188 -0.000000
vn -0.757823 -0.652461 0.000000
vn -0.815977 -0.577918 -0.013881
vn -0.842956 -0.537983 0.000000
vn -0.617173 -0.786827 0.000000
vn -0.617173 -0.786827 0.000000
vn -0.798338 -0.602207 -0.001631
vn -0.798339 -0.602208 0.000000
vn -0.798339 -0.602208 0.000000
vn -0.713959 -0.700188 0.000000
vn -0.467609 -0.883935 -0.000000
vn -0.509822 -0.860280 0.000000
vn -0.509822 -0.860280 0.000000
vn -0.757823 -0.652461 0.000000
vn -0.757823 -0.652461 0.000000
vn -0.722525 -0.690983 -0.022374
vn -0.757822 -0.652460 0.001465
vn -0.713959 -0.700188 -0.000000
vn -0.666999 -0.745058 0.000000
vn -0.666999 -0.745058 0.000000
vn -0.564705 -0.825293 0.000000
vn -0.564705 -0.825293 0.000000
vn -0.509822 -0.860280 -0.000000
vn -0.713959 -0.700188 0.000000
vn -0.713916 -0.700145 -0.010996
vn -0.617173 -0.786827 0.000000
vn -0.617173 -0.786827 0.000000
vn -0.630616 -0.775843 -0.019797
vn -0.666988 -0.745046 0.005714
vn -0.666999 -0.745058 0.000000
vn -0.617173 -0.786827 -0.000000
vn -0.666999 -0.745058 0.000000
vn -0.467609 -0.883935 -0.000000
vn -0.509822 -0.860280 0.000000
vn -0.617173 -0.786827 0.000000
vn -0.617172 -0.786825 -0.002345
vn -0.564704 -0.825293 0.000000
vn -0.564704 -0.825293 0.000000
vn -0.518395 -0.853519 -0.052657
vn -0.564704 -0.825293 0.000000
vn -0.564704 -0.825293 0.000000
vn -0.564703 -0.825291 0.002145
vn -0.467609 -0.883935 -0.000000
vn -0.509822 -0.860280 0.000000
vn -0.509822 -0.860280 0.000000
vn -0.509822 -0.860280 0.000000
vn -0.509558 -0.859833 -0.032228
vn -0.467609 -0.883935 -0.000000
vn -0.509822 -0.860280 0.000000
vn -0.517990 0.853572 0.055686
vn -0.537436 0.843053 0.020597
vn -0.481551 0.876418 0.000000
vn -0.637748 0.769820 0.025600
vn -0.591235 0.806459 -0.008052
vn -0.642323 0.766213 0.018397
vn -0.537550 0.843232 0.000000
vn -0.537550 0.843232 0.000000
vn -0.726956 0.686580 0.011953
vn -0.690838 0.722986 -0.005856
vn -0.481551 0.876418 0.000000
vn -0.591254 0.806485 0.000000
vn -0.591254 0.806485 0.000000
vn -0.736289 0.676660 0.003043
vn -0.810048 0.586132 0.016465
vn -0.778521 0.627615 -0.001998
vn -0.642432 0.766343 0.000000
vn -0.642432 0.766343 0.000000
vn -0.537550 0.843232 0.000000
vn -0.537550 0.843232 0.000000
vn -0.690850 0.722998 0.000000
vn -0.690850 0.722998 0.000000
vn -0.481551 0.876418 0.000000
vn -0.591254 0.806485 0.000000
vn -0.591254 0.806485 0.000000
vn -0.736293 0.676663 0.000000
vn -0.778523 0.627616 0.000000
vn -0.736293 0.676663 0.000000
vn -0.831064 0.556177 0.000000
vn -0.778523 0.627616 0.000000
vn -0.642432 0.766343 0.000000
vn -0.642432 0.766343 0.000000
vn -0.537550 0.843232 0.000000
vn -0.537550 0.843232 0.000000
vn -0.690850 0.722998 0.000000
vn -0.690850 0.722998 0.000000
vn -0.481551 0.876418 0.000000
vn -0.481551 0.876418 0.000000
vn -0.537550 0.843232 0.000000
vn -0.591254 0.806485 0.000000
vn -0.591254 0.806485 0.000000
vn -0.736293 0.676663 0.000000
vn -0.736293 0.676663 0.000000
vn -0.831064 0.556177 0.000000
vn -0.778523 0.627616 0.000000
vn -0.778523 0.627616 0.000000
vn -0.642432 0.766343 0.000000
vn -0.642432 0.766343 0.000000
vn -0.537550 0.843232 0.000000
vn -0.690850 0.722998 0.000000
vn -0.690850 0.722998 0.000000
vn -0.481551 0.876418 0.000000
vn -0.591254 0.806485 0.000000
vn -0.591254 0.806485 0.000000
vn -0.736293 0.676663 0.000000
vn -0.736293 0.676663 0.000000
vn -0.778523 0.627616 0.000000
vn -0.831064 0.556177 0.000000
vn -0.778523 0.627616 0.000000
vn -0.642432 0.766343 0.000000
vn -0.642432 0.766343 0.000000
vn -0.537550 0.843232 0.000000
vn -0.537550 0.843232 0.000000
vn -0.690850 0.722998 0.000000
vn -0.690850 0.722998 0.000000
vn -0.481551 0.876418 0.000000
vn -0.591254 0.806485 0.000000
vn -0.642432 0.766343 0.000000
vn -0.591254 0.806485 0.000000
vn -0.736293 0.676663 0.000000
vn -0.736293 0.676663 0.000000
vn -0.778523 0.627616 0.000000
vn -0.778523 0.627616 0.000000
vn -0.642432 0.766343 0.000000
vn -0.537550 0.843232 0.000000
vn -0.537550 0.843232 0.000000
vn -0.690850 0.722998 0.000000
vn -0.690850 0.722998 0.000000
vn -0.481551 0.876418 0.000000
vn -0.591254 0.806485 0.000000
vn -0.591254 0.806485 0.000000
vn -0.736293 0.676663 0.000000
vn -0.736293 0.676663 0.000000
vn -0.778523 0.627616 0.000000
vn -0.778523 0.627616 0.000000
vn -0.642432 0.766343 0.000000
vn -0.642432 0.766343 0.000000
vn -0.537550 0.843232 0.000000
vn -0.537550 0.843232 0.000000
vn -0.690850 0.722998 0.000000
vn -0.690850 0.722998 0.000000
vn -0.481551 0.876418 0.000000
vn -0.591254 0.806485 0.000000
vn -0.591254 0.806485 0.000000
vn -0.736293 0.676663 0.000000
vn -0.736293 0.676663 0.000000
vn -0.778523 0.627616 0.000000
vn -0.778523 0.627616 0.000000
vn -0.517990 0.853572 -0.055686
vn -0.481551 0.876418 0.000000
vn -0.642432 0.766343 0.000000
vn -0.642432 0.766343 0.000000
vn -0.690850 0.722998 0.000000
vn -0.854443 0.519544 0.000000
vn -0.825206 0.564831 0.000672
vn -0.817225 0.576319 0.000000
vn -0.817225 0.576319 0.000000
vn -0.817225 0.576319 0.000000
vn -0.591254 0.806485 0.000000
vn -0.537550 0.843232 0.000000
vn -0.537550 0.843232 0.000000
vn -0.690850 0.722998 0.000000
vn -0.537436 0.843053 -0.020597
vn -0.537550 0.843232 0.000000
vn -0.537550 0.843232 0.000000
vn -0.591254 0.806485 0.000000
vn -0.736293 0.676663 0.000000
vn -0.736293 0.676663 0.000000
vn -0.778523 0.627616 0.000000
vn -0.778523 0.627616 0.000000
vn -0.642432 0.766343 0.000000
vn -0.642432 0.766343 0.000000
vn -0.817225 0.576319 0.000000
vn -0.854443 0.519544 0.000000
vn -0.817225 0.576319 0.000000
vn -0.637748 0.769820 -0.025600
vn -0.591235 0.806459 0.008052
vn -0.591254 0.806485 0.000000
vn -0.591254 0.806485 0.000000
vn -0.690850 0.722998 0.000000
vn -0.690850 0.722998 0.000000
vn -0.642432 0.766343 0.000000
vn -0.642323 0.766213 -0.018397
vn -0.642432 0.766343 0.000000
vn -0.736293 0.676663 0.000000
vn -0.736293 0.676663 0.000000
vn -0.726956 0.686580 -0.011953
vn -0.690838 0.722986 0.005856
vn -0.690850 0.722998 0.000000
vn -0.690850 0.722998 0.000000
vn -0.778523 0.627616 0.000000
vn -0.778523 0.627616 0.000000
vn -0.854443 0.519544 0.000000
vn -0.817225 0.576319 0.000000
vn -0.817225 0.576319 0.000000
vn -0.736289 0.676660 -0.003043
vn -0.736293 0.676663 0.000000
vn -0.736293 0.676663 0.000000
vn -0.778521 0.627615 0.001998
vn -0.810048 0.586132 -0.016465
vn -0.778523 0.627616 0.000000
vn -0.778523 0.627616 0.000000
vn -0.854443 0.519544 0.000000
vn -0.817225 0.576319 0.000000
vn -0.817175 0.576284 -0.010997
vn -0.817225 0.576319 0.000000
vn -0.886469 -0.462787 0.000000
vn -0.886469 -0.462787 0.000000
vn -0.886469 0.462787 0.000000
vn -0.886469 0.462787 0.000000
vn 0.401696 -0.915773 0.000000
vn 0.401696 -0.915773 0.000000
vn 0.401696 0.915773 -0.000000
vn 0.401696 0.915773 0.000000
vn 0.940873 0.338760 -0.000000
vn 0.940873 0.338760 0.000000
vn 0.940873 -0.338760 0.000000
vn 0.940873 -0.338760 0.000000
vn 0.978819 -0.197011 0.055686
vn 0.984250 -0.175579 0.020596
vn 0.970947 -0.239294 0.000000
vn 0.998310 -0.052178 0.025599
vn 0.993764 -0.111214 -0.008053
vn 0.998755 -0.046372 0.018399
vn 0.984459 -0.175617 0.000000
vn 0.984459 -0.175617 0.000000
vn 0.997487 0.069830 0.011952
vn 0.999810 0.018604 -0.005856
vn 0.970947 -0.239294 0.000000
vn 0.993796 -0.111217 0.000000
vn 0.993796 -0.111217 0.000000
vn 0.996510 0.083417 0.003041
vn 0.979862 0.198996 0.016465
vn 0.989030 0.147700 -0.002000
vn 0.998924 -0.046380 0.000000
vn 0.998924 -0.046380 0.000000
vn 0.984459 -0.175617 0.000000
vn 0.984459 -0.175617 0.000000
vn 0.999827 0.018604 0.000000
vn 0.999827 0.018604 -0.000000
vn 0.970947 -0.239294 0.000000
vn 0.993796 -0.111217 0.000000
vn 0.993796 -0.111217 0.000000
vn 0.996515 0.083417 0.000000
vn 0.996515 0.083417 -0.000000
vn 0.972056 0.234747 0.000000
vn 0.989032 0.147700 0.000000
vn 0.989032 0.147700 -0.000000
vn 0.998924 -0.046380 0.000000
vn 0.998924 -0.046380 0.000000
vn 0.984459 -0.175617 0.000000
vn 0.984459 -0.175617 0.000000
vn 0.999827 0.018604 0.000000
vn 0.999827 0.018604 -0.000000
vn 0.996515 0.083417 0.000000
vn 0.970947 -0.239294 0.000000
vn 0.970947 -0.239294 0.000000
vn 0.993796 -0.111217 0.000000
vn 0.993796 -0.111217 0.000000
vn 0.996515 0.083417 0.000000
vn 0.972056 0.234747 0.000000
vn 0.989032 0.147700 0.000000
vn 0.989032 0.147700 -0.000000
vn 0.998924 -0.046380 0.000000
vn 0.998924 -0.046380 0.000000
vn 0.984459 -0.175617 0.000000
vn 0.984459 -0.175617 0.000000
vn 0.999827 0.018604 0.000000
vn 0.999827 0.018604 -0.000000
vn 0.970947 -0.239294 0.000000
vn 0.993796 -0.111217 0.000000
vn 0.993796 -0.111217 0.000000
vn 0.996515 0.083417 0.000000
vn 0.989032 0.147700 0.000000
vn 0.996515 0.083417 -0.000000
vn 0.972056 0.234747 0.000000
vn 0.989032 0.147700 0.000000
vn 0.998924 -0.046380 0.000000
vn 0.998924 -0.046380 0.000000
vn 0.984459 -0.175617 0.000000
vn 0.984459 -0.175617 0.000000
vn 0.999827 0.018604 0.000000
vn 0.999827 0.018604 -0.000000
vn 0.970947 -0.239294 0.000000
vn 0.984459 -0.175617 0.000000
vn 0.993796 -0.111217 0.000000
vn 0.998924 -0.046380 0.000000
vn 0.993796 -0.111217 0.000000
vn 0.996515 0.083417 -0.000000
vn 0.996515 0.083417 0.000000
vn 0.989032 0.147700 0.000000
vn 0.989032 0.147700 -0.000000
vn 0.998924 -0.046380 0.000000
vn 0.984459 -0.175617 0.000000
vn 0.999827 0.018604 0.000000
vn 0.999827 0.018604 -0.000000
vn 0.970947 -0.239294 0.000000
vn 0.993796 -0.111217 0.000000
vn 0.998924 -0.046380 0.000000
vn 0.993796 -0.111217 0.000000
vn 0.989032 0.147700 0.000000
vn 0.996515 0.083417 -0.000000
vn 0.996515 0.083417 0.000000
vn 0.989032 0.147700 0.000000
vn 0.999827 0.018604 0.000000
vn 0.998924 -0.046380 0.000000
vn 0.984459 -0.175617 0.000000
vn 0.984459 -0.175617 0.000000
vn 0.999827 0.018604 0.000000
vn 0.970947 -0.239294 0.000000
vn 0.993796 -0.111217 0.000000
vn 0.993796 -0.111217 0.000000
vn 0.996515 0.083417 0.000000
vn 0.996515 0.083417 -0.000000
vn 0.989032 0.147700 0.000000
vn 0.989032 0.147700 -0.000000
vn 0.978819 -0.197011 -0.055686
vn 0.970947 -0.239294 0.000000
vn 0.998924 -0.046380 0.000000
vn 0.998924 -0.046380 0.000000
vn 0.999827 0.018604 0.000000
vn 0.960940 0.276755 0.000000
vn 0.974456 0.224577 0.000672
vn 0.977502 0.210925 -0.000000
vn 0.977502 0.210925 -0.000000
vn 0.977502 0.210925 -0.000000
vn 0.984459 -0.175617 0.000000
vn 0.984459 -0.175617 0.000000
vn 0.999827 0.018604 0.000000
vn 0.984250 -0.175579 -0.020596
vn 0.984459 -0.175617 0.000000
vn 0.984459 -0.175617 0.000000
vn 0.993796 -0.111217 0.000000
vn 0.993796 -0.111217 0.000000
vn 0.996515 0.083417 0.000000
vn 0.996515 0.083417 -0.000000
vn 0.989032 0.147700 0.000000
vn 0.989032 0.147700 -0.000000
vn 0.998924 -0.046380 0.000000
vn 0.998924 -0.046380 0.000000
vn 0.977502 0.210925 -0.000000
vn 0.960940 0.276755 0.000000
vn 0.977502 0.210925 0.000000
vn 0.998310 -0.052178 -0.025599
vn 0.993764 -0.111214 0.008053
vn 0.993796 -0.111217 0.000000
vn 0.993796 -0.111217 0.000000
vn 0.999827 0.018604 -0.000000
vn 0.999827 0.018604 0.000000
vn 0.998924 -0.046380 0.000000
vn 0.998924 -0.046380 0.000000
vn 0.999827 0.018604 0.000000
vn 0.998755 -0.046372 -0.018399
vn 0.989032 0.147700 0.000000
vn 0.996515 0.083417 -0.000000
vn 0.996515 0.083417 0.000000
vn 0.997487 0.069830 -0.011952
vn 0.999810 0.018604 0.005856
vn 0.999827 0.018604 0.000000
vn 0.989032 0.147700 0.000000
vn 0.960940 0.276755 0.000000
vn 0.977502 0.210925 -0.000000
vn 0.977502 0.210925 0.000000
vn 0.996515 0.083417 0.000000
vn 0.996510 0.083417 -0.003041
vn 0.996515 0.083417 -0.000000
vn 0.989032 0.147700 0.000000
vn 0.979862 0.198996 -0.016465
vn 0.989030 0.147700 0.002000
vn 0.989032 0.147700 0.000000
vn 0.960940 0.276755 0.000000
vn 0.977502 0.210925 0.000000
vn 0.977443 0.210912 -0.010997
vn 0.977502 0.210925 -0.000000
vn 0.977834 -0.208921 0.013879
vn 0.983758 -0.179494 0.001630
vn 0.997725 -0.063588 0.022375
vn 0.993289 -0.115652 -0.001466
vn 0.998636 -0.051049 0.010996
vn 0.966727 -0.255811 0.000000
vn 0.997910 0.061505 0.019798
vn 0.999887 0.013887 -0.005713
vn 0.983759 -0.179494 0.000000
vn 0.983759 -0.179494 0.000000
vn 0.993290 -0.115652 0.000000
vn 0.993290 -0.115652 0.000000
vn 0.996885 0.078834 0.002344
vn 0.998696 -0.051052 0.000000
vn 0.998696 -0.051052 0.000000
vn 0.966727 -0.255811 0.000000
vn 0.999904 0.013887 -0.000000
vn 0.999904 0.013887 0.000000
vn 0.979053 0.196678 0.052656
vn 0.989650 0.143490 -0.002146
vn 0.983759 -0.179494 0.000000
vn 0.983759 -0.179494 0.000000
vn 0.993290 -0.115652 0.000000
vn 0.993290 -0.115652 0.000000
vn 0.996888 0.078835 0.000000
vn 0.996888 0.078835 -0.000000
vn 0.998696 -0.051052 0.000000
vn 0.998696 -0.051052 0.000000
vn 0.977714 0.207455 0.032228
vn 0.966727 -0.255811 0.000000
vn 0.999904 0.013887 0.000000
vn 0.999904 0.013887 -0.000000
vn 0.989652 0.143490 -0.000000
vn 0.989652 0.143490 0.000000
vn 0.983759 -0.179494 0.000000
vn 0.983759 -0.179494 0.000000
vn 0.993290 -0.115652 0.000000
vn 0.993290 -0.115652 0.000000
vn 0.996888 0.078835 -0.000000
vn 0.996888 0.078835 0.000000
vn 0.998696 -0.051052 0.000000
vn 0.998696 -0.051052 0.000000
vn 0.967035 0.254642 0.000000
vn 0.978222 0.207563 0.000000
vn 0.978222 0.207563 -0.000000
vn 0.966727 -0.255811 0.000000
vn 0.966727 -0.255811 0.000000
vn 0.999904 0.013887 0.000000
vn 0.999904 0.013887 -0.000000
vn 0.989652 0.143490 0.000000
vn 0.989652 0.143490 -0.000000
vn 0.983759 -0.179494 0.000000
vn 0.983759 -0.179494 0.000000
vn 0.993290 -0.115652 0.000000
vn 0.993290 -0.115652 0.000000
vn 0.996888 0.078835 0.000000
vn 0.996888 0.078835 -0.000000
vn 0.998696 -0.051052 0.000000
vn 0.998696 -0.051052 0.000000
vn 0.967035 0.254642 0.000000
vn 0.978222 0.207563 0.000000
vn 0.978222 0.207563 -0.000000
vn 0.966727 -0.255811 0.000000
vn 0.983759 -0.179494 0.000000
vn 0.999904 0.013887 0.000000
vn 0.999904 0.013887 -0.000000
vn 0.989652 0.143490 -0.000000
vn 0.989652 0.143490 0.000000
vn 0.983759 -0.179494 0.000000
vn 0.993290 -0.115652 0.000000
vn 0.993290 -0.115652 0.000000
vn 0.996888 0.078835 0.000000
vn 0.996888 0.078835 -0.000000
vn 0.998696 -0.051052 0.000000
vn 0.998696 -0.051052 0.000000
vn 0.978222 0.207563 0.000000
vn 0.978222 0.207563 -0.000000
vn 0.967035 0.254642 0.000000
vn 0.966727 -0.255811 0.000000
vn 0.999904 0.013887 0.000000
vn 0.999904 0.013887 -0.000000
vn 0.989652 0.143490 0.000000
vn 0.989652 0.143490 -0.000000
vn 0.978222 0.207563 0.000000
vn 0.983759 -0.179494 0.000000
vn 0.983759 -0.179494 0.000000
vn 0.993290 -0.115652 0.000000
vn 0.993290 -0.115652 0.000000
vn 0.996888 0.078835 0.000000
vn 0.996888 0.078835 -0.000000
vn 0.998696 -0.051052 0.000000
vn 0.998696 -0.051052 0.000000
vn 0.967035 0.254642 0.000000
vn 0.967035 0.254642 0.000000
vn 0.978222 0.207563 0.000000
vn 0.966727 -0.255811 0.000000
vn 0.999904 0.013887 -0.000000
vn 0.999904 0.013887 0.000000
vn 0.989652 0.143490 0.000000
vn 0.989652 0.143490 -0.000000
vn 0.983759 -0.179494 0.000000
vn 0.983759 -0.179494 0.000000
vn 0.993290 -0.115652 0.000000
vn 0.993290 -0.115652 0.000000
vn 0.998696 -0.051052 0.000000
vn 0.996888 0.078835 0.000000
vn 0.996888 0.078835 -0.000000
vn 0.998696 -0.051052 0.000000
vn 0.967035 0.254642 0.000000
vn 0.978222 0.207563 -0.000000
vn 0.978222 0.207563 0.000000
vn 0.966727 -0.255811 0.000000
vn 0.999904 0.013887 0.000000
vn 0.999904 0.013887 -0.000000
vn 0.996888 0.078835 0.000000
vn 0.989652 0.143490 0.000000
vn 0.989652 0.143490 -0.000000
vn 0.983759 -0.179494 0.000000
vn 0.983759 -0.179494 0.000000
vn 0.993290 -0.115652 0.000000
vn 0.993290 -0.115652 0.000000
vn 0.977834 -0.208921 -0.013879
vn 0.966727 -0.255811 0.000000
vn 0.996888 0.078835 0.000000
vn 0.983758 -0.179494 -0.001630
vn 0.983759 -0.179494 0.000000
vn 0.983759 -0.179494 0.000000
vn 0.998696 -0.051052 0.000000
vn 0.998696 -0.051052 0.000000
vn 0.978222 0.207563 -0.000000
vn 0.978222 0.207563 0.000000
vn 0.967035 0.254642 0.000000
vn 0.993290 -0.115652 0.000000
vn 0.993290 -0.115652 0.000000
vn 0.997725 -0.063588 -0.022375
vn 0.993289 -0.115652 0.001466
vn 0.998696 -0.051052 0.000000
vn 0.999904 0.013887 -0.000000
vn 0.999904 0.013887 0.000000
vn 0.989652 0.143490 -0.000000
vn 0.989652 0.143490 0.000000
vn 0.998696 -0.051052 0.000000
vn 0.998636 -0.051049 -0.010996
vn 0.996888 0.078835 -0.000000
vn 0.996888 0.078835 0.000000
vn 0.999904 0.013887 0.000000
vn 0.999904 0.013887 -0.000000
vn 0.997910 0.061505 -0.019798
vn 0.999887 0.013887 0.005713
vn 0.996888 0.078835 0.000000
vn 0.967035 0.254642 0.000000
vn 0.978222 0.207563 -0.000000
vn 0.978222 0.207563 0.000000
vn 0.996888 0.078835 0.000000
vn 0.996885 0.078834 -0.002344
vn 0.989652 0.143490 -0.000000
vn 0.989652 0.143490 0.000000
vn 0.979053 0.196678 -0.052656
vn 0.989652 0.143490 0.000000
vn 0.989650 0.143490 0.002146
vn 0.989652 0.143490 -0.000000
vn 0.967035 0.254642 0.000000
vn 0.978222 0.207563 0.000000
vn 0.978222 0.207563 -0.000000
vn 0.977713 0.207455 -0.032228
vn 0.967035 0.254642 0.000000
vn 0.978222 0.207563 -0.000000
vn 0.978222 0.207563 0.000000
vn 0.245486 -0.969400 0.000000
vn 0.245486 -0.969400 0.000000
vn 0.245486 0.969400 -0.000000
vn 0.245486 0.969400 0.000000
vn -0.959415 -0.281657 0.013879
vn -0.950618 -0.310358 0.001629
vn -0.907738 -0.418941 0.022374
vn -0.928616 -0.371040 -0.001466
vn -0.902570 -0.430403 0.010995
vn -0.971964 -0.235131 0.000000
vn -0.848363 -0.529045 0.019798
vn -0.872766 -0.488106 -0.005714
vn -0.950620 -0.310358 0.000000
vn -0.950620 -0.310358 0.000000
vn -0.928617 -0.371040 0.000000
vn -0.928617 -0.371040 0.000000
vn -0.839213 -0.543798 0.002344
vn -0.902625 -0.430429 0.000000
vn -0.902625 -0.430429 0.000000
vn -0.971964 -0.235131 0.000000
vn -0.872780 -0.488114 0.000000
vn -0.872780 -0.488114 0.000000
vn -0.767443 -0.638951 0.052655
vn -0.802077 -0.597217 -0.002146
vn -0.950620 -0.310358 0.000000
vn -0.950620 -0.310358 0.000000
vn -0.928617 -0.371040 0.000000
vn -0.928617 -0.371040 0.000000
vn -0.839215 -0.543799 0.000000
vn -0.839215 -0.543799 0.000000
vn -0.902625 -0.430429 0.000000
vn -0.902625 -0.430429 0.000000
vn -0.761136 -0.647792 0.032228
vn -0.971964 -0.235131 0.000000
vn -0.872780 -0.488114 0.000000
vn -0.872780 -0.488114 0.000000
vn -0.802079 -0.597219 0.000000
vn -0.802079 -0.597219 0.000000
vn -0.950620 -0.310358 0.000000
vn -0.950620 -0.310358 0.000000
vn -0.928617 -0.371040 0.000000
vn -0.928617 -0.371040 0.000000
vn -0.839215 -0.543799 0.000000
vn -0.839215 -0.543799 0.000000
vn -0.902625 -0.430429 0.000000
vn -0.902625 -0.430429 0.000000
vn -0.729286 -0.684209 -0.000000
vn -0.761531 -0.648128 0.000000
vn -0.761531 -0.648128 0.000000
vn -0.971964 -0.235131 0.000000
vn -0.971964 -0.235131 0.000000
vn -0.872780 -0.488114 0.000000
vn -0.872780 -0.488114 0.000000
vn -0.802079 -0.597219 0.000000
vn -0.802079 -0.597219 0.000000
vn -0.950620 -0.310358 0.000000
vn -0.950620 -0.310358 0.000000
vn -0.928617 -0.371040 0.000000
vn -0.928617 -0.371040 0.000000
vn -0.839215 -0.543799 0.000000
vn -0.839215 -0.543799 0.000000
vn -0.902625 -0.430429 0.000000
vn -0.902625 -0.430429 0.000000
vn -0.729286 -0.684209 -0.000000
vn -0.761531 -0.648128 0.000000
vn -0.761531 -0.648128 0.000000
vn -0.971964 -0.235131 0.000000
vn -0.872780 -0.488114 0.000000
vn -0.872780 -0.488114 0.000000
vn -0.802079 -0.597219 0.000000
vn -0.802079 -0.597219 0.000000
vn -0.950620 -0.310358 0.000000
vn -0.950620 -0.310358 0.000000
vn -0.928617 -0.371040 0.000000
vn -0.902624 -0.430429 -0.000000
vn -0.928617 -0.371040 0.000000
vn -0.839215 -0.543799 0.000000
vn -0.839215 -0.543799 0.000000
vn -0.902624 -0.430429 0.000000
vn -0.761531 -0.648128 0.000000
vn -0.761531 -0.648128 0.000000
vn -0.729286 -0.684209 -0.000000
vn -0.971964 -0.235131 0.000000
vn -0.872780 -0.488114 0.000000
vn -0.872780 -0.488114 0.000000
vn -0.802079 -0.597219 0.000000
vn -0.802079 -0.597219 0.000000
vn -0.950620 -0.310358 0.000000
vn -0.950620 -0.310358 0.000000
vn -0.928617 -0.371040 0.000000
vn -0.928617 -0.371040 0.000000
vn -0.839215 -0.543799 0.000000
vn -0.839215 -0.543799 0.000000
vn -0.902625 -0.430429 0.000000
vn -0.902625 -0.430429 0.000000
vn -0.729286 -0.684209 -0.000000
vn -0.729286 -0.684209 -0.000000
vn -0.761531 -0.648128 0.000000
vn -0.761531 -0.648128 0.000000
vn -0.971964 -0.235131 0.000000
vn -0.872780 -0.488114 0.000000
vn -0.872780 -0.488114 0.000000
vn -0.839215 -0.543799 -0.000000
vn -0.802079 -0.597219 0.000000
vn -0.802079 -0.597219 0.000000
vn -0.761531 -0.648128 -0.000000
vn -0.950620 -0.310358 0.000000
vn -0.950620 -0.310358 0.000000
vn -0.928617 -0.371040 0.000000
vn -0.928617 -0.371040 0.000000
vn -0.839215 -0.543799 0.000000
vn -0.902625 -0.430429 0.000000
vn -0.902625 -0.430429 0.000000
vn -0.729286 -0.684209 -0.000000
vn -0.761531 -0.648128 0.000000
vn -0.971964 -0.235131 0.000000
vn -0.872780 -0.488114 0.000000
vn -0.872780 -0.488114 0.000000
vn -0.802078 -0.597219 0.000000
vn -0.802078 -0.597219 0.000000
vn -0.950620 -0.310358 0.000000
vn -0.950620 -0.310358 0.000000
vn -0.928617 -0.371040 0.000000
vn -0.902625 -0.430429 -0.000000
vn -0.928617 -0.371040 0.000000
vn -0.959415 -0.281657 -0.013879
vn -0.971964 -0.235131 0.000000
vn -0.839215 -0.543799 0.000000
vn -0.839215 -0.543799 0.000000
vn -0.950618 -0.310358 -0.001629
vn -0.950620 -0.310358 0.000000
vn -0.950620 -0.310358 0.000000
vn -0.902625 -0.430429 0.000000
vn -0.729286 -0.684209 -0.000000
vn -0.761531 -0.648128 0.000000
vn -0.761531 -0.648128 0.000000
vn -0.928617 -0.371040 0.000000
vn -0.928617 -0.371040 0.000000
vn -0.907738 -0.418941 -0.022374
vn -0.928616 -0.371040 0.001466
vn -0.902625 -0.430429 -0.000000
vn -0.872780 -0.488114 0.000000
vn -0.872780 -0.488114 0.000000
vn -0.802078 -0.597219 0.000000
vn -0.802078 -0.597219 0.000000
vn -0.761531 -0.648128 -0.000000
vn -0.902625 -0.430429 0.000000
vn -0.902570 -0.430403 -0.010995
vn -0.839215 -0.543799 0.000000
vn -0.839215 -0.543799 0.000000
vn -0.848363 -0.529045 -0.019798
vn -0.872766 -0.488106 0.005714
vn -0.872780 -0.488114 0.000000
vn -0.872780 -0.488114 0.000000
vn -0.729286 -0.684209 -0.000000
vn -0.761531 -0.648128 0.000000
vn -0.839215 -0.543799 0.000000
vn -0.839215 -0.543799 0.000000
vn -0.839213 -0.543798 -0.002344
vn -0.802079 -0.597219 0.000000
vn -0.761531 -0.648128 -0.000000
vn -0.802079 -0.597219 0.000000
vn -0.802079 -0.597219 0.000000
vn -0.802079 -0.597219 0.000000
vn -0.802077 -0.597217 0.002146
vn -0.767443 -0.638951 -0.052655
vn -0.729286 -0.684209 -0.000000
vn -0.761531 -0.648128 0.000000
vn -0.761531 -0.648128 0.000000
vn -0.761136 -0.647791 -0.032228
vn -0.729286 -0.684209 -0.000000
vn -0.761531 -0.648128 0.000000
vn -0.767078 0.639133 0.055686
vn -0.782055 0.622869 0.020597
vn -0.740031 0.672573 0.000000
vn -0.853153 0.521032 0.025599
vn -0.821058 0.570788 -0.008053
vn -0.856308 0.516137 0.018398
vn -0.782221 0.623001 0.000000
vn -0.782221 0.623001 0.000000
vn -0.910499 0.413338 0.011952
vn -0.888161 0.459496 -0.005856
vn -0.740031 0.672573 0.000000
vn -0.821085 0.570807 0.000000
vn -0.821085 0.570807 0.000000
vn -0.916107 0.400923 0.003041
vn -0.956474 0.291351 0.016464
vn -0.940124 0.340826 -0.002000
vn -0.856453 0.516225 0.000000
vn -0.856453 0.516225 0.000000
vn -0.782221 0.623001 0.000000
vn -0.782221 0.623001 0.000000
vn -0.888176 0.459504 0.000000
vn -0.888176 0.459504 0.000000
vn -0.740031 0.672573 0.000000
vn -0.821085 0.570807 0.000000
vn -0.856453 0.516225 0.000000
vn -0.821085 0.570807 0.000000
vn -0.916111 0.400925 0.000000
vn -0.916111 0.400925 0.000000
vn -0.966625 0.256196 0.000000
vn -0.940126 0.340827 0.000000
vn -0.940126 0.340827 0.000000
vn -0.856453 0.516225 0.000000
vn -0.782221 0.623001 0.000000
vn -0.782221 0.623001 0.000000
vn -0.888176 0.459504 0.000000
vn -0.888176 0.459504 0.000000
vn -0.740031 0.672573 0.000000
vn -0.740031 0.672573 0.000000
vn -0.821084 0.570807 0.000000
vn -0.821084 0.570807 0.000000
vn -0.916111 0.400925 0.000000
vn -0.916111 0.400925 0.000000
vn -0.966625 0.256196 0.000000
vn -0.940126 0.340827 0.000000
vn -0.940126 0.340827 0.000000
vn -0.856453 0.516225 0.000000
vn -0.856453 0.516225 0.000000
vn -0.782221 0.623001 0.000000
vn -0.782221 0.623001 0.000000
vn -0.888176 0.459504 0.000000
vn -0.888176 0.459504 0.000000
vn -0.740031 0.672573 0.000000
vn -0.821085 0.570807 0.000000
vn -0.821085 0.570807 0.000000
vn -0.916111 0.400925 0.000000
vn -0.916111 0.400925 0.000000
vn -0.940126 0.340827 0.000000
vn -0.966625 0.256196 0.000000
vn -0.940126 0.340827 0.000000
vn -0.856453 0.516225 0.000000
vn -0.856453 0.516225 0.000000
vn -0.821084 0.570807 0.000000
vn -0.782221 0.623001 0.000000
vn -0.782221 0.623001 0.000000
vn -0.888176 0.459504 0.000000
vn -0.888176 0.459504 0.000000
vn -0.740031 0.672573 0.000000
vn -0.821084 0.570807 0.000000
vn -0.916111 0.400925 0.000000
vn -0.916111 0.400925 0.000000
vn -0.940126 0.340827 0.000000
vn -0.940126 0.340827 0.000000
vn -0.856453 0.516225 0.000000
vn -0.856453 0.516225 0.000000
vn -0.782221 0.623001 0.000000
vn -0.821085 0.570807 0.000000
vn -0.782221 0.623001 0.000000
vn -0.888176 0.459504 0.000000
vn -0.888176 0.459504 0.000000
vn -0.740031 0.672573 0.000000
vn -0.821085 0.570807 0.000000
vn -0.916111 0.400925 0.000000
vn -0.916111 0.400925 0.000000
vn -0.940126 0.340827 0.000000
vn -0.940126 0.340827 0.000000
vn -0.856453 0.516225 0.000000
vn -0.856453 0.516225 0.000000
vn -0.782221 0.623001 0.000000
vn -0.782221 0.623001 0.000000
vn -0.888176 0.459504 0.000000
vn -0.888176 0.459504 0.000000
vn -0.740031 0.672573 0.000000
vn -0.782221 0.623001 0.000000
vn -0.821085 0.570807 0.000000
vn -0.821085 0.570807 0.000000
vn -0.916111 0.400925 0.000000
vn -0.916111 0.400925 0.000000
vn -0.940126 0.340827 0.000000
vn -0.940126 0.340827 0.000000
vn -0.767078 0.639133 -0.055686
vn -0.740031 0.672573 0.000000
vn -0.856453 0.516225 0.000000
vn -0.856453 0.516225 0.000000
vn -0.960075 0.279741 0.000000
vn -0.976843 0.213957 0.000000
vn -0.963894 0.266284 0.000672
vn -0.960075 0.279741 0.000000
vn -0.960075 0.279741 0.000000
vn -0.782221 0.623001 0.000000
vn -0.888176 0.459504 0.000000
vn -0.888176 0.459504 0.000000
vn -0.782221 0.623001 0.000000
vn -0.782055 0.622869 -0.020597
vn -0.782221 0.623001 0.000000
vn -0.821085 0.570807 0.000000
vn -0.821085 0.570807 0.000000
vn -0.856453 0.516225 0.000000
vn -0.916111 0.400925 0.000000
vn -0.916111 0.400925 0.000000
vn -0.940126 0.340827 0.000000
vn -0.940126 0.340827 0.000000
vn -0.856453 0.516225 0.000000
vn -0.960075 0.279741 0.000000
vn -0.976843 0.213957 0.000000
vn -0.960075 0.279741 0.000000
vn -0.856453 0.516225 0.000000
vn -0.853153 0.521032 -0.025599
vn -0.821058 0.570788 0.008053
vn -0.821085 0.570807 0.000000
vn -0.821085 0.570807 0.000000
vn -0.888176 0.459504 0.000000
vn -0.888176 0.459504 0.000000
vn -0.856453 0.516225 0.000000
vn -0.856308 0.516137 -0.018398
vn -0.940126 0.340827 0.000000
vn -0.916111 0.400925 0.000000
vn -0.916111 0.400925 0.000000
vn -0.910499 0.413338 -0.011952
vn -0.888161 0.459496 0.005856
vn -0.888176 0.459504 0.000000
vn -0.888176 0.459504 0.000000
vn -0.940126 0.340827 0.000000
vn -0.976843 0.213957 0.000000
vn -0.960075 0.279741 0.000000
vn -0.960075 0.279741 0.000000
vn -0.916111 0.400925 0.000000
vn -0.916107 0.400923 -0.003041
vn -0.916111 0.400925 0.000000
vn -0.956475 0.291351 -0.016464
vn -0.940126 0.340827 0.000000
vn -0.940124 0.340826 0.002000
vn -0.940126 0.340827 0.000000
vn -0.976843 0.213957 0.000000
vn -0.960075 0.279741 0.000000
vn -0.960017 0.279724 -0.010997
vn -0.960075 0.279741 0.000000
vn -0.988705 -0.149876 0.000000
vn -0.988705 -0.149876 0.000000
vn -0.988705 0.149876 0.000000
vn -0.988705 0.149876 0.000000
vn 0.082579 -0.996585 0.000000
vn 0.082579 -0.996585 0.000000
vn 0.082579 0.996585 -0.000000
vn 0.082579 0.996585 0.000000
vn 0.999889 0.014904 -0.000000
vn 0.999889 0.014904 0.000000
vn 0.999889 -0.014904 0.000000
vn 0.999889 -0.014904 0.000000
vn 0.861814 -0.504158 0.055686
vn 0.873910 -0.485652 0.020596
vn 0.840640 -0.541594 0.000000
vn 0.927276 -0.373502 0.025599
vn 0.903808 -0.427863 -0.008052
vn 0.929583 -0.368154 0.018398
vn 0.874095 -0.485755 0.000000
vn 0.874095 -0.485755 0.000000
vn 0.966114 -0.257838 0.011952
vn 0.951678 -0.307043 -0.005856
vn 0.840640 -0.541594 0.000000
vn 0.903837 -0.427876 0.000000
vn 0.903837 -0.427876 0.000000
vn 0.969602 -0.244669 0.003040
vn 0.991384 -0.129946 0.016464
vn 0.983400 -0.181439 -0.002000
vn 0.929740 -0.368216 0.000000
vn 0.929740 -0.368216 0.000000
vn 0.874095 -0.485755 0.000000
vn 0.874095 -0.485755 0.000000
vn 0.951694 -0.307048 0.000000
vn 0.951694 -0.307048 0.000000
vn 0.840640 -0.541594 0.000000
vn 0.903837 -0.427876 0.000000
vn 0.903837 -0.427876 0.000000
vn 0.969606 -0.244670 0.000000
vn 0.983402 -0.181440 0.000000
vn 0.969606 -0.244670 0.000000
vn 0.995610 -0.093600 0.000000
vn 0.983402 -0.181440 0.000000
vn 0.929740 -0.368216 0.000000
vn 0.929740 -0.368216 0.000000
vn 0.874095 -0.485755 0.000000
vn 0.874095 -0.485755 0.000000
vn 0.951694 -0.307048 0.000000
vn 0.951694 -0.307048 0.000000
vn 0.840640 -0.541594 0.000000
vn 0.840640 -0.541594 0.000000
vn 0.903837 -0.427876 0.000000
vn 0.903837 -0.427876 0.000000
vn 0.969606 -0.244670 0.000000
vn 0.983402 -0.181440 0.000000
vn 0.969606 -0.244670 0.000000
vn 0.995610 -0.093600 0.000000
vn 0.983402 -0.181440 0.000000
vn 0.929740 -0.368216 0.000000
vn 0.929740 -0.368216 0.000000
vn 0.874095 -0.485755 0.000000
vn 0.874095 -0.485755 0.000000
vn 0.951694 -0.307048 0.000000
vn 0.951694 -0.307048 0.000000
vn 0.874095 -0.485755 0.000000
vn 0.840640 -0.541594 0.000000
vn 0.903837 -0.427876 0.000000
vn 0.929740 -0.368216 0.000000
vn 0.903837 -0.427876 0.000000
vn 0.969606 -0.244670 0.000000
vn 0.969606 -0.244670 0.000000
vn 0.983402 -0.181440 0.000000
vn 0.995610 -0.093599 0.000000
vn 0.983402 -0.181440 0.000000
vn 0.929740 -0.368216 0.000000
vn 0.874095 -0.485755 0.000000
vn 0.951694 -0.307048 0.000000
vn 0.951694 -0.307048 0.000000
vn 0.874095 -0.485755 0.000000
vn 0.840640 -0.541594 0.000000
vn 0.903837 -0.427876 0.000000
vn 0.903837 -0.427876 0.000000
vn 0.969606 -0.244670 0.000000
vn 0.969606 -0.244670 0.000000
vn 0.983402 -0.181440 0.000000
vn 0.983402 -0.181440 0.000000
vn 0.929740 -0.368216 0.000000
vn 0.929740 -0.368216 0.000000
vn 0.874095 -0.485755 0.000000
vn 0.951694 -0.307048 0.000000
vn 0.951694 -0.307048 0.000000
vn 0.840640 -0.541594 0.000000
vn 0.903837 -0.427876 0.000000
vn 0.903837 -0.427876 0.000000
vn 0.969606 -0.244670 0.000000
vn 0.969606 -0.244670 0.000000
vn 0.983402 -0.181440 0.000000
vn 0.983402 -0.181440 0.000000
vn 0.929740 -0.368216 0.000000
vn 0.929740 -0.368216 0.000000
vn 0.874095 -0.485755 0.000000
vn 0.874095 -0.485755 0.000000
vn 0.969606 -0.244670 0.000000
vn 0.951694 -0.307048 0.000000
vn 0.951694 -0.307048 0.000000
vn 0.840640 -0.541594 0.000000
vn 0.903837 -0.427876 0.000000
vn 0.903837 -0.427876 0.000000
vn 0.969606 -0.244670 0.000000
vn 0.983402 -0.181440 0.000000
vn 0.983402 -0.181440 0.000000
vn 0.861814 -0.504158 -0.055686
vn 0.840640 -0.541594 0.000000
vn 0.929740 -0.368216 0.000000
vn 0.929740 -0.368216 0.000000
vn 0.998736 -0.050257 0.000000
vn 0.994577 -0.103998 0.000672
vn 0.993025 -0.117900 0.000000
vn 0.993025 -0.117900 0.000000
vn 0.993025 -0.117900 0.000000
vn 0.874095 -0.485755 0.000000
vn 0.874095 -0.485755 0.000000
vn 0.951694 -0.307048 0.000000
vn 0.951694 -0.307048 0.000000
vn 0.969606 -0.244670 0.000000
vn 0.873910 -0.485652 -0.020596
vn 0.874095 -0.485755 0.000000
vn 0.874095 -0.485755 0.000000
vn 0.903837 -0.427876 0.000000
vn 0.903837 -0.427876 0.000000
vn 0.969606 -0.244670 0.000000
vn 0.983402 -0.181440 0.000000
vn 0.983402 -0.181440 0.000000
vn 0.929740 -0.368216 0.000000
vn 0.929740 -0.368216 0.000000
vn 0.993025 -0.117900 0.000000
vn 0.998736 -0.050257 0.000000
vn 0.993025 -0.117900 0.000000
vn 0.927276 -0.373502 -0.025599
vn 0.903808 -0.427862 0.008052
vn 0.903837 -0.427876 0.000000
vn 0.903837 -0.427876 0.000000
vn 0.951694 -0.307048 0.000000
vn 0.951694 -0.307048 0.000000
vn 0.929740 -0.368216 0.000000
vn 0.929740 -0.368216 0.000000
vn 0.929583 -0.368153 -0.018398
vn 0.969606 -0.244670 0.000000
vn 0.969606 -0.244670 0.000000
vn 0.966114 -0.257838 -0.011952
vn 0.951694 -0.307048 0.000000
vn 0.951678 -0.307043 0.005856
vn 0.951694 -0.307048 0.000000
vn 0.983402 -0.181440 0.000000
vn 0.983402 -0.181440 0.000000
vn 0.998736 -0.050257 0.000000
vn 0.993025 -0.117900 0.000000
vn 0.993025 -0.117900 0.000000
vn 0.969606 -0.244670 0.000000
vn 0.969602 -0.244669 -0.003040
vn 0.969606 -0.244670 0.000000
vn 0.991384 -0.129946 -0.016464
vn 0.983400 -0.181439 0.002000
vn 0.983402 -0.181440 0.000000
vn 0.993025 -0.117900 0.000000
vn 0.983402 -0.181440 0.000000
vn 0.992965 -0.117893 -0.010997
vn 0.998736 -0.050257 0.000000
vn 0.993025 -0.117900 0.000000
vn 0.992689 0.119901 0.013879
vn 0.988737 0.149658 0.001630
vn 0.964313 0.263818 0.022375
vn 0.977022 0.213135 -0.001466
vn 0.961102 0.275974 0.010996
vn 0.997409 0.071944 0.000000
vn 0.923870 0.382193 0.019798
vn 0.941202 0.337797 -0.005713
vn 0.988738 0.149658 -0.000000
vn 0.988738 0.149658 0.000000
vn 0.977023 0.213135 0.000000
vn 0.977023 0.213135 -0.000000
vn 0.917274 0.398251 0.002345
vn 0.961160 0.275990 0.000000
vn 0.961160 0.275990 -0.000000
vn 0.997409 0.071944 0.000000
vn 0.941217 0.337803 -0.000000
vn 0.941217 0.337803 0.000000
vn 0.862144 0.503919 0.052657
vn 0.889437 0.457053 -0.002145
vn 0.988738 0.149658 -0.000000
vn 0.988738 0.149658 0.000000
vn 0.977023 0.213135 -0.000000
vn 0.977023 0.213135 0.000000
vn 0.917276 0.398252 0.000000
vn 0.917276 0.398252 -0.000000
vn 0.961160 0.275990 0.000000
vn 0.961160 0.275990 -0.000000
vn 0.857377 0.513678 0.032228
vn 0.997409 0.071944 0.000000
vn 0.941217 0.337803 0.000000
vn 0.941217 0.337803 -0.000000
vn 0.889439 0.457054 -0.000000
vn 0.889439 0.457054 0.000000
vn 0.988738 0.149658 -0.000000
vn 0.988738 0.149658 0.000000
vn 0.977023 0.213135 0.000000
vn 0.977023 0.213135 -0.000000
vn 0.917276 0.398252 -0.000000
vn 0.917276 0.398252 0.000000
vn 0.961160 0.275990 0.000000
vn 0.961160 0.275990 -0.000000
vn 0.831957 0.554841 0.000000
vn 0.857823 0.513945 0.000000
vn 0.857823 0.513945 -0.000000
vn 0.997409 0.071944 -0.000000
vn 0.997409 0.071944 0.000000
vn 0.941217 0.337803 0.000000
vn 0.941217 0.337803 -0.000000
vn 0.889439 0.457054 0.000000
vn 0.889439 0.457054 -0.000000
vn 0.857823 0.513945 0.000000
vn 0.988738 0.149658 -0.000000
vn 0.988738 0.149658 0.000000
vn 0.977023 0.213135 -0.000000
vn 0.977023 0.213135 0.000000
vn 0.917276 0.398252 0.000000
vn 0.917276 0.398252 -0.000000
vn 0.961160 0.275990 -0.000000
vn 0.961160 0.275990 0.000000
vn 0.857823 0.513945 0.000000
vn 0.831957 0.554841 0.000000
vn 0.997409 0.071944 0.000000
vn 0.941217 0.337803 0.000000
vn 0.941217 0.337803 -0.000000
vn 0.889439 0.457054 -0.000000
vn 0.889439 0.457054 0.000000
vn 0.988738 0.149658 -0.000000
vn 0.988738 0.149658 0.000000
vn 0.977023 0.213135 -0.000000
vn 0.977023 0.213135 0.000000
vn 0.917276 0.398252 0.000000
vn 0.917276 0.398252 -0.000000
vn 0.961160 0.275990 -0.000000
vn 0.961160 0.275990 0.000000
vn 0.857823 0.513945 0.000000
vn 0.831957 0.554841 0.000000
vn 0.857823 0.513945 -0.000000
vn 0.997409 0.071944 0.000000
vn 0.941217 0.337803 0.000000
vn 0.941217 0.337803 -0.000000
vn 0.889439 0.457054 -0.000000
vn 0.889439 0.457054 0.000000
vn 0.988738 0.149658 -0.000000
vn 0.988738 0.149658 0.000000
vn 0.977023 0.213135 0.000000
vn 0.977023 0.213135 -0.000000
vn 0.917276 0.398252 0.000000
vn 0.917276 0.398252 -0.000000
vn 0.961160 0.275990 -0.000000
vn 0.961160 0.275990 0.000000
vn 0.831957 0.554841 0.000000
vn 0.831957 0.554841 0.000000
vn 0.857823 0.513945 0.000000
vn 0.857823 0.513945 -0.000000
vn 0.997409 0.071944 0.000000
vn 0.941217 0.337803 0.000000
vn 0.917276 0.398252 0.000000
vn 0.941217 0.337803 -0.000000
vn 0.889439 0.457054 0.000000
vn 0.889439 0.457054 -0.000000
vn 0.988738 0.149658 0.000000
vn 0.988738 0.149658 -0.000000
vn 0.977023 0.213135 0.000000
vn 0.977023 0.213135 -0.000000
vn 0.917276 0.398252 0.000000
vn 0.961160 0.275990 0.000000
vn 0.961160 0.275990 -0.000000
vn 0.831957 0.554841 0.000000
vn 0.857823 0.513945 -0.000000
vn 0.857823 0.513945 0.000000
vn 0.997409 0.071944 0.000000
vn 0.941217 0.337803 -0.000000
vn 0.941217 0.337803 0.000000
vn 0.889439 0.457054 0.000000
vn 0.889439 0.457054 -0.000000
vn 0.988738 0.149658 0.000000
vn 0.988738 0.149658 -0.000000
vn 0.977023 0.213135 0.000000
vn 0.961160 0.275990 0.000000
vn 0.977023 0.213135 -0.000000
vn 0.992689 0.119901 -0.013879
vn 0.997409 0.071944 0.000000
vn 0.917276 0.398252 0.000000
vn 0.917276 0.398252 -0.000000
vn 0.988738 0.149658 0.000000
vn 0.988737 0.149658 -0.001630
vn 0.988738 0.149658 -0.000000
vn 0.961160 0.275990 0.000000
vn 0.831957 0.554841 0.000000
vn 0.857823 0.513945 0.000000
vn 0.857823 0.513945 -0.000000
vn 0.977023 0.213135 0.000000
vn 0.964313 0.263818 -0.022375
vn 0.977022 0.213135 0.001466
vn 0.961160 0.275990 0.000000
vn 0.977023 0.213135 -0.000000
vn 0.941217 0.337803 -0.000000
vn 0.941217 0.337803 0.000000
vn 0.889439 0.457054 0.000000
vn 0.889439 0.457054 -0.000000
vn 0.961160 0.275990 0.000000
vn 0.961102 0.275974 -0.010996
vn 0.917276 0.398252 0.000000
vn 0.917276 0.398252 -0.000000
vn 0.941202 0.337797 0.005713
vn 0.923870 0.382193 -0.019798
vn 0.941217 0.337803 0.000000
vn 0.941217 0.337803 -0.000000
vn 0.831957 0.554841 0.000000
vn 0.857823 0.513945 -0.000000
vn 0.857823 0.513945 0.000000
vn 0.917276 0.398252 0.000000
vn 0.917276 0.398252 -0.000000
vn 0.917274 0.398251 -0.002345
vn 0.889439 0.457054 0.000000
vn 0.889439 0.457054 -0.000000
vn 0.889439 0.457054 -0.000000
vn 0.862144 0.503919 -0.052657
vn 0.889437 0.457053 0.002145
vn 0.889439 0.457054 0.000000
vn 0.857823 0.513945 -0.000000
vn 0.857823 0.513945 0.000000
vn 0.831957 0.554841 0.000000
vn 0.857823 0.513945 0.000000
vn 0.857377 0.513678 -0.032228
vn 0.857823 0.513945 -0.000000
vn 0.831957 0.554841 0.000000
vn -0.082579 -0.996584 0.000000
vn -0.082579 -0.996584 0.000000
vn -0.082579 0.996584 0.000000
vn -0.082579 0.996584 0.000000
vn -0.998885 0.045126 0.013879
vn -0.999884 0.015124 0.001629
vn -0.994584 -0.101500 0.022374
vn -0.998777 -0.049415 -0.001466
vn -0.993418 -0.114017 0.010996
vn -0.995647 0.093204 0.000000
vn -0.974177 -0.224917 0.019798
vn -0.983964 -0.178273 -0.005713
vn -0.999886 0.015124 0.000000
vn -0.999886 0.015124 0.000000
vn -0.998778 -0.049415 0.000000
vn -0.998778 -0.049415 0.000000
vn -0.970313 -0.241842 0.002344
vn -0.993478 -0.114024 0.000000
vn -0.993478 -0.114024 0.000000
vn -0.995647 0.093204 0.000000
vn -0.983980 -0.178276 0.000000
vn -0.983980 -0.178276 0.000000
vn -0.933328 -0.355142 0.052656
vn -0.952534 -0.304423 -0.002146
vn -0.999886 0.015124 0.000000
vn -0.999886 0.015124 0.000000
vn -0.998778 -0.049415 0.000000
vn -0.998778 -0.049415 0.000000
vn -0.970316 -0.241842 0.000000
vn -0.970316 -0.241842 0.000000
vn -0.993478 -0.114024 0.000000
vn -0.993478 -0.114024 0.000000
vn -0.930233 -0.365553 0.032227
vn -0.995647 0.093204 0.000000
vn -0.983980 -0.178276 0.000000
vn -0.983980 -0.178276 0.000000
vn -0.952537 -0.304424 0.000000
vn -0.952537 -0.304424 0.000000
vn -0.999886 0.015124 0.000000
vn -0.999886 0.015124 0.000000
vn -0.998778 -0.049415 0.000000
vn -0.998778 -0.049415 0.000000
vn -0.970316 -0.241842 0.000000
vn -0.970316 -0.241842 0.000000
vn -0.993478 -0.114024 0.000000
vn -0.993478 -0.114024 0.000000
vn -0.911934 -0.410336 -0.000000
vn -0.930716 -0.365743 0.000000
vn -0.930716 -0.365743 0.000000
vn -0.995647 0.093204 0.000000
vn -0.995647 0.093204 0.000000
vn -0.983980 -0.178276 0.000000
vn -0.983980 -0.178276 0.000000
vn -0.952537 -0.304424 0.000000
vn -0.952537 -0.304424 0.000000
vn -0.930716 -0.365743 -0.000000
vn -0.999886 0.015124 0.000000
vn -0.999886 0.015124 0.000000
vn -0.998778 -0.049415 0.000000
vn -0.998778 -0.049415 0.000000
vn -0.970316 -0.241842 0.000000
vn -0.970316 -0.241842 0.000000
vn -0.993478 -0.114024 0.000000
vn -0.993478 -0.114024 0.000000
vn -0.930716 -0.365743 0.000000
vn -0.911934 -0.410336 -0.000000
vn -0.995647 0.093204 0.000000
vn -0.999886 0.015124 0.000000
vn -0.983980 -0.178276 0.000000
vn -0.970316 -0.241842 -0.000000
vn -0.983980 -0.178276 0.000000
vn -0.952537 -0.304424 0.000000
vn -0.952537 -0.304424 0.000000
vn -0.999886 0.015124 0.000000
vn -0.998778 -0.049415 0.000000
vn -0.998778 -0.049415 0.000000
vn -0.970316 -0.241842 0.000000
vn -0.983980 -0.178276 -0.000000
vn -0.993478 -0.114024 0.000000
vn -0.993478 -0.114024 0.000000
vn -0.930716 -0.365743 0.000000
vn -0.911934 -0.410336 -0.000000
vn -0.930716 -0.365743 0.000000
vn -0.995647 0.093204 0.000000
vn -0.983980 -0.178276 0.000000
vn -0.952537 -0.304424 0.000000
vn -0.952537 -0.304424 0.000000
vn -0.999886 0.015124 0.000000
vn -0.999886 0.015124 0.000000
vn -0.998778 -0.049415 0.000000
vn -0.998778 -0.049415 0.000000
vn -0.970316 -0.241842 0.000000
vn -0.970316 -0.241842 0.000000
vn -0.993478 -0.114024 0.000000
vn -0.993478 -0.114024 0.000000
vn -0.983980 -0.178276 -0.000000
vn -0.911934 -0.410336 -0.000000
vn -0.911934 -0.410336 -0.000000
vn -0.930716 -0.365743 0.000000
vn -0.930716 -0.365743 0.000000
vn -0.995647 0.093204 0.000000
vn -0.983980 -0.178276 0.000000
vn -0.952537 -0.304424 0.000000
vn -0.952537 -0.304424 0.000000
vn -0.930716 -0.365743 -0.000000
vn -0.999886 0.015124 0.000000
vn -0.999886 0.015124 0.000000
vn -0.998778 -0.049415 0.000000
vn -0.998778 -0.049415 0.000000
vn -0.970316 -0.241842 0.000000
vn -0.970316 -0.241842 0.000000
vn -0.993478 -0.114024 0.000000
vn -0.993478 -0.114024 0.000000
vn -0.911934 -0.410336 -0.000000
vn -0.930716 -0.365743 0.000000
vn -0.995647 0.093204 0.000000
vn -0.983980 -0.178276 0.000000
vn -0.983980 -0.178276 0.000000
vn -0.952537 -0.304424 0.000000
vn -0.952537 -0.304424 0.000000
vn -0.999886 0.015124 0.000000
vn -0.999886 0.015124 0.000000
vn -0.998778 -0.049415 0.000000
vn -0.998778 -0.049415 0.000000
vn -0.998885 0.045126 -0.013879
vn -0.995647 0.093204 0.000000
vn -0.970316 -0.241842 0.000000
vn -0.970316 -0.241842 0.000000
vn -0.999884 0.015124 -0.001629
vn -0.999886 0.015124 0.000000
vn -0.999886 0.015124 0.000000
vn -0.993478 -0.114024 0.000000
vn -0.993478 -0.114024 0.000000
vn -0.911934 -0.410336 -0.000000
vn -0.930716 -0.365743 0.000000
vn -0.930716 -0.365743 0.000000
vn -0.993478 -0.114024 -0.000000
vn -0.998778 -0.049415 0.000000
vn -0.998778 -0.049415 0.000000
vn -0.994584 -0.101500 -0.022374
vn -0.998777 -0.049415 0.001466
vn -0.983980 -0.178276 0.000000
vn -0.983980 -0.178276 0.000000
vn -0.952537 -0.304424 0.000000
vn -0.952537 -0.304424 0.000000
vn -0.993478 -0.114024 0.000000
vn -0.993418 -0.114017 -0.010996
vn -0.970316 -0.241842 0.000000
vn -0.970316 -0.241842 0.000000
vn -0.974177 -0.224917 -0.019798
vn -0.983980 -0.178276 0.000000
vn -0.970316 -0.241842 -0.000000
vn -0.983964 -0.178273 0.005713
vn -0.983980 -0.178276 0.000000
vn -0.911934 -0.410336 -0.000000
vn -0.930716 -0.365743 0.000000
vn -0.930716 -0.365743 0.000000
vn -0.970316 -0.241842 0.000000
vn -0.970313 -0.241841 -0.002344
vn -0.952537 -0.304424 0.000000
vn -0.952537 -0.304424 0.000000
vn -0.933328 -0.355142 -0.052656
vn -0.952537 -0.304424 0.000000
vn -0.952534 -0.304423 0.002146
vn -0.952537 -0.304424 0.000000
vn -0.911934 -0.410336 -0.000000
vn -0.930716 -0.365743 0.000000
vn -0.930716 -0.365743 0.000000
vn -0.930233 -0.365553 -0.032227
vn -0.911934 -0.410336 -0.000000
vn -0.930716 -0.365743 0.000000
vn -0.930716 -0.365743 0.000000
vn -0.933042 0.355432 0.055685
vn -0.941926 0.335187 0.020597
vn -0.918319 0.395842 0.000000
vn -0.976106 0.215783 0.025600
vn -0.961905 0.273265 -0.008052
vn -0.977501 0.210129 0.018399
vn -0.942126 0.335259 0.000000
vn -0.942126 0.335259 0.000000
vn -0.995376 0.095304 0.011952
vn -0.989236 0.146214 -0.005855
vn -0.918319 0.395842 0.000000
vn -0.961936 0.273274 0.000000
vn -0.961936 0.273274 0.000000
vn -0.996649 0.081741 0.003040
vn -0.999252 -0.035002 0.016464
vn -0.999852 0.017103 -0.002000
vn -0.977666 0.210164 0.000000
vn -0.977666 0.210164 0.000000
vn -0.942126 0.335259 0.000000
vn -0.942126 0.335259 0.000000
vn -0.989253 0.146216 0.000000
vn -0.989253 0.146216 0.000000
vn -0.918319 0.395842 0.000000
vn -0.961936 0.273274 0.000000
vn -0.961936 0.273274 0.000000
vn -0.996654 0.081741 0.000000
vn -0.996654 0.081741 0.000000
vn -0.997437 -0.071549 -0.000000
vn -0.999854 0.017103 0.000000
vn -0.999854 0.017103 0.000000
vn -0.977666 0.210164 0.000000
vn -0.977666 0.210164 0.000000
vn -0.942126 0.335259 0.000000
vn -0.942126 0.335259 0.000000
vn -0.989253 0.146216 0.000000
vn -0.989253 0.146216 0.000000
vn -0.918319 0.395842 0.000000
vn -0.918319 0.395842 0.000000
vn -0.961936 0.273274 0.000000
vn -0.961936 0.273274 0.000000
vn -0.996654 0.081741 0.000000
vn -0.996654 0.081741 0.000000
vn -0.997437 -0.071549 -0.000000
vn -0.999854 0.017103 0.000000
vn -0.999854 0.017103 0.000000
vn -0.977666 0.210164 0.000000
vn -0.977666 0.210164 0.000000
vn -0.942126 0.335259 0.000000
vn -0.942126 0.335259 0.000000
vn -0.989253 0.146216 0.000000
vn -0.989253 0.146216 0.000000
vn -0.918319 0.395842 0.000000
vn -0.961936 0.273274 0.000000
vn -0.961936 0.273274 0.000000
vn -0.996654 0.081741 0.000000
vn -0.999854 0.017103 0.000000
vn -0.996654 0.081741 0.000000
vn -0.997437 -0.071549 -0.000000
vn -0.999854 0.017103 0.000000
vn -0.977666 0.210164 0.000000
vn -0.977666 0.210164 0.000000
vn -0.942126 0.335258 0.000000
vn -0.942126 0.335258 0.000000
vn -0.989253 0.146216 0.000000
vn -0.989253 0.146216 0.000000
vn -0.918319 0.395842 0.000000
vn -0.961936 0.273274 0.000000
vn -0.961936 0.273274 0.000000
vn -0.999854 0.017103 0.000000
vn -0.996654 0.081741 0.000000
vn -0.996654 0.081741 0.000000
vn -0.999854 0.017103 0.000000
vn -0.977666 0.210164 0.000000
vn -0.977666 0.210164 0.000000
vn -0.942126 0.335259 0.000000
vn -0.942126 0.335259 0.000000
vn -0.989253 0.146216 0.000000
vn -0.989253 0.146216 0.000000
vn -0.918319 0.395842 0.000000
vn -0.977666 0.210164 0.000000
vn -0.961936 0.273274 0.000000
vn -0.961936 0.273274 0.000000
vn -0.996654 0.081741 0.000000
vn -0.996654 0.081741 0.000000
vn -0.999854 0.017103 0.000000
vn -0.999854 0.017103 0.000000
vn -0.977666 0.210164 0.000000
vn -0.942126 0.335259 0.000000
vn -0.942126 0.335259 0.000000
vn -0.989253 0.146216 0.000000
vn -0.989253 0.146216 0.000000
vn -0.918319 0.395842 0.000000
vn -0.942126 0.335259 0.000000
vn -0.961936 0.273274 0.000000
vn -0.961936 0.273274 0.000000
vn -0.996654 0.081741 0.000000
vn -0.996654 0.081741 0.000000
vn -0.999854 0.017103 0.000000
vn -0.999854 0.017103 0.000000
vn -0.933042 0.355432 -0.055686
vn -0.918319 0.395842 0.000000
vn -0.977666 0.210164 0.000000
vn -0.977666 0.210164 0.000000
vn -0.993387 -0.114816 -0.000000
vn -0.998130 -0.061121 0.000672
vn -0.998888 -0.047154 0.000000
vn -0.998888 -0.047154 0.000000
vn -0.998888 -0.047154 0.000000
vn -0.942126 0.335259 0.000000
vn -0.989253 0.146216 0.000000
vn -0.989253 0.146216 0.000000
vn -0.941926 0.335187 -0.020597
vn -0.942126 0.335259 0.000000
vn -0.942126 0.335259 0.000000
vn -0.961936 0.273274 0.000000
vn -0.961936 0.273274 0.000000
vn -0.961936 0.273274 0.000000
vn -0.996654 0.081741 0.000000
vn -0.996654 0.081741 0.000000
vn -0.999854 0.017103 0.000000
vn -0.999854 0.017103 0.000000
vn -0.977666 0.210164 0.000000
vn -0.977666 0.210164 0.000000
vn -0.998888 -0.047154 0.000000
vn -0.993387 -0.114816 -0.000000
vn -0.998888 -0.047154 0.000000
vn -0.976106 0.215783 -0.025600
vn -0.961905 0.273265 0.008052
vn -0.961936 0.273274 0.000000
vn -0.989253 0.146216 0.000000
vn -0.989253 0.146216 0.000000
vn -0.977666 0.210164 0.000000
vn -0.977501 0.210129 -0.018399
vn -0.977666 0.210164 0.000000
vn -0.999854 0.017103 0.000000
vn -0.996654 0.081741 0.000000
vn -0.996654 0.081741 0.000000
vn -0.995376 0.095304 -0.011952
vn -0.989236 0.146214 0.005855
vn -0.989253 0.146216 0.000000
vn -0.989253 0.146216 0.000000
vn -0.999854 0.017103 0.000000
vn -0.993387 -0.114816 -0.000000
vn -0.998888 -0.047154 0.000000
vn -0.998888 -0.047154 0.000000
vn -0.996649 0.081741 -0.003040
vn -0.996654 0.081741 0.000000
vn -0.996654 0.081741 0.000000
vn -0.999252 -0.035002 -0.016464
vn -0.999852 0.017103 0.002000
vn -0.999854 0.017103 0.000000
vn -0.999854 0.017103 0.000000
vn -0.993387 -0.114816 -0.000000
vn -0.998888 -0.047154 0.000000
vn -0.998827 -0.047151 -0.010997
vn -0.998888 -0.047154 0.000000
vn -0.983799 0.179277 0.000000
vn -0.983799 0.179277 0.000000
vn -0.983799 -0.179277 0.000000
vn -0.983799 -0.179277 0.000000
vn -0.245486 -0.969400 0.000000
vn -0.245486 -0.969400 0.000000
vn -0.245486 0.969400 0.000000
vn -0.245486 0.969400 0.000000
vn 0.950551 -0.310567 0.000000
vn 0.950551 -0.310567 0.000000
vn 0.950551 0.310567 -0.000000
vn 0.950551 0.310567 0.000000
vn 0.651418 -0.756673 0.055685
vn 0.668867 -0.743097 0.020598
vn 0.619237 -0.785204 0.000000
vn 0.755758 -0.654351 0.025598
vn 0.715912 -0.698144 -0.008053
vn 0.759676 -0.650042 0.018398
vn 0.669009 -0.743254 0.000000
vn 0.669009 -0.743254 0.000000
vn 0.830048 -0.557563 0.011951
vn 0.800417 -0.599415 -0.005857
vn 0.619237 -0.785204 0.000000
vn 0.715935 -0.698167 0.000000
vn 0.715935 -0.698167 0.000000
vn 0.837623 -0.546241 0.003040
vn 0.895475 -0.444807 0.016466
vn 0.871202 -0.490921 -0.002000
vn 0.759804 -0.650152 0.000000
vn 0.759804 -0.650152 0.000000
vn 0.669009 -0.743254 0.000000
vn 0.669009 -0.743254 0.000000
vn 0.800431 -0.599425 0.000000
vn 0.800431 -0.599425 0.000000
vn 0.619237 -0.785205 0.000000
vn 0.715935 -0.698167 0.000000
vn 0.715935 -0.698167 0.000000
vn 0.837626 -0.546244 0.000000
vn 0.837626 -0.546244 0.000000
vn 0.911274 -0.411800 0.000000
vn 0.871203 -0.490922 0.000000
vn 0.871203 -0.490922 0.000000
vn 0.759804 -0.650152 0.000000
vn 0.759804 -0.650152 0.000000
vn 0.669009 -0.743255 0.000000
vn 0.669009 -0.743255 0.000000
vn 0.800431 -0.599425 0.000000
vn 0.800431 -0.599425 0.000000
vn 0.619237 -0.785204 0.000000
vn 0.619237 -0.785205 0.000000
vn 0.669009 -0.743254 0.000000
vn 0.715935 -0.698167 0.000000
vn 0.715935 -0.698167 0.000000
vn 0.837626 -0.546244 0.000000
vn 0.837626 -0.546244 0.000000
vn 0.911274 -0.411800 0.000000
vn 0.871203 -0.490922 0.000000
vn 0.871203 -0.490922 0.000000
vn 0.759804 -0.650152 0.000000
vn 0.759804 -0.650152 0.000000
vn 0.669009 -0.743254 0.000000
vn 0.800431 -0.599425 0.000000
vn 0.800431 -0.599425 0.000000
vn 0.619237 -0.785204 0.000000
vn 0.715935 -0.698167 0.000000
vn 0.715935 -0.698167 0.000000
vn 0.837626 -0.546243 0.000000
vn 0.871203 -0.490922 0.000000
vn 0.837626 -0.546243 0.000000
vn 0.911274 -0.411800 0.000000
vn 0.871203 -0.490922 0.000000
vn 0.759804 -0.650152 0.000000
vn 0.759804 -0.650152 0.000000
vn 0.669009 -0.743255 0.000000
vn 0.669009 -0.743255 0.000000
vn 0.800431 -0.599425 0.000000
vn 0.800431 -0.599425 0.000000
vn 0.669009 -0.743254 0.000000
vn 0.619237 -0.785205 0.000000
vn 0.715935 -0.698167 0.000000
vn 0.715935 -0.698167 0.000000
vn 0.837626 -0.546244 0.000000
vn 0.837626 -0.546244 0.000000
vn 0.871203 -0.490922 0.000000
vn 0.871203 -0.490922 0.000000
vn 0.800431 -0.599425 0.000000
vn 0.759804 -0.650152 0.000000
vn 0.759804 -0.650152 0.000000
vn 0.669009 -0.743254 0.000000
vn 0.800431 -0.599425 0.000000
vn 0.619237 -0.785204 0.000000
vn 0.715935 -0.698167 0.000000
vn 0.715935 -0.698167 0.000000
vn 0.837626 -0.546244 0.000000
vn 0.837626 -0.546244 0.000000
vn 0.871203 -0.490922 0.000000
vn 0.871203 -0.490922 0.000000
vn 0.800431 -0.599425 0.000000
vn 0.759804 -0.650152 0.000000
vn 0.759804 -0.650152 0.000000
vn 0.669009 -0.743254 0.000000
vn 0.669009 -0.743254 0.000000
vn 0.800431 -0.599425 0.000000
vn 0.619237 -0.785204 0.000000
vn 0.715935 -0.698167 0.000000
vn 0.715935 -0.698167 0.000000
vn 0.837626 -0.546243 0.000000
vn 0.837626 -0.546243 0.000000
vn 0.871203 -0.490922 0.000000
vn 0.871203 -0.490922 0.000000
vn 0.651418 -0.756673 -0.055685
vn 0.619237 -0.785204 0.000000
vn 0.800431 -0.599425 0.000000
vn 0.759804 -0.650152 0.000000
vn 0.759804 -0.650152 0.000000
vn 0.928303 -0.371823 0.000000
vn 0.906921 -0.421299 0.000672
vn 0.900940 -0.433943 0.000000
vn 0.900940 -0.433943 0.000000
vn 0.900940 -0.433943 0.000000
vn 0.669009 -0.743254 0.000000
vn 0.669009 -0.743254 0.000000
vn 0.800431 -0.599425 0.000000
vn 0.668867 -0.743097 -0.020598
vn 0.669009 -0.743254 0.000000
vn 0.669009 -0.743254 0.000000
vn 0.715935 -0.698167 0.000000
vn 0.715935 -0.698167 0.000000
vn 0.837626 -0.546244 0.000000
vn 0.837626 -0.546244 0.000000
vn 0.871203 -0.490922 0.000000
vn 0.871203 -0.490922 0.000000
vn 0.759804 -0.650152 0.000000
vn 0.759804 -0.650152 0.000000
vn 0.800431 -0.599425 0.000000
vn 0.928303 -0.371823 0.000000
vn 0.900940 -0.433943 0.000000
vn 0.900940 -0.433943 0.000000
vn 0.755758 -0.654351 -0.025598
vn 0.715935 -0.698167 0.000000
vn 0.715912 -0.698144 0.008053
vn 0.715935 -0.698167 0.000000
vn 0.800431 -0.599425 0.000000
vn 0.759804 -0.650152 0.000000
vn 0.759804 -0.650152 0.000000
vn 0.759676 -0.650042 -0.018398
vn 0.837626 -0.546244 0.000000
vn 0.837626 -0.546244 0.000000
vn 0.830048 -0.557563 -0.011951
vn 0.800417 -0.599415 0.005857
vn 0.800431 -0.599425 0.000000
vn 0.800431 -0.599425 0.000000
vn 0.871203 -0.490922 0.000000
vn 0.900940 -0.433943 0.000000
vn 0.871203 -0.490922 0.000000
vn 0.900940 -0.433943 0.000000
vn 0.928303 -0.371823 0.000000
vn 0.837623 -0.546241 -0.003040
vn 0.837626 -0.546244 0.000000
vn 0.837626 -0.546244 0.000000
vn 0.895475 -0.444807 -0.016466
vn 0.871202 -0.490921 0.002000
vn 0.871203 -0.490922 0.000000
vn 0.900940 -0.433943 0.000000
vn 0.871203 -0.490922 0.000000
vn 0.928303 -0.371823 0.000000
vn 0.900886 -0.433917 -0.010996
vn 0.900940 -0.433943 0.000000
vn 0.899971 0.435729 0.013879
vn 0.886571 0.462589 0.001630
vn 0.826402 0.562636 0.022374
vn 0.854878 0.518827 -0.001465
vn 0.819419 0.573090 0.010996
vn 0.920007 0.391903 0.000000
vn 0.749715 0.661465 0.019797
vn 0.780522 0.625102 -0.005714
vn 0.886572 0.462590 -0.000000
vn 0.886572 0.462590 0.000000
vn 0.854879 0.518827 0.000000
vn 0.854879 0.518827 -0.000000
vn 0.738262 0.674510 0.002345
vn 0.819468 0.573124 0.000000
vn 0.819468 0.573124 -0.000000
vn 0.920006 0.391903 0.000000
vn 0.780535 0.625112 -0.000000
vn 0.780535 0.625112 0.000000
vn 0.651808 0.756554 0.052654
vn 0.692838 0.721090 -0.002146
vn 0.886572 0.462590 -0.000000
vn 0.886572 0.462590 0.000000
vn 0.854879 0.518827 -0.000000
vn 0.854879 0.518827 0.000000
vn 0.738264 0.674512 0.000000
vn 0.738264 0.674512 -0.000000
vn 0.819468 0.573124 0.000000
vn 0.819468 0.573124 -0.000000
vn 0.644133 0.764234 0.032230
vn 0.920006 0.391903 0.000000
vn 0.780535 0.625112 0.000000
vn 0.780535 0.625112 -0.000000
vn 0.692840 0.721092 -0.000000
vn 0.692840 0.721092 0.000000
vn 0.886572 0.462590 -0.000000
vn 0.886572 0.462590 0.000000
vn 0.854879 0.518827 0.000000
vn 0.854879 0.518827 -0.000000
vn 0.738264 0.674512 -0.000000
vn 0.738264 0.674512 0.000000
vn 0.819468 0.573124 0.000000
vn 0.819468 0.573124 -0.000000
vn 0.606721 0.794915 0.000000
vn 0.644468 0.764631 0.000000
vn 0.644468 0.764631 -0.000000
vn 0.920006 0.391903 -0.000000
vn 0.920007 0.391903 0.000000
vn 0.780535 0.625112 0.000000
vn 0.780535 0.625112 -0.000000
vn 0.692840 0.721092 0.000000
vn 0.692840 0.721092 -0.000000
vn 0.644468 0.764631 0.000000
vn 0.886572 0.462590 -0.000000
vn 0.886572 0.462590 0.000000
vn 0.854879 0.518827 -0.000000
vn 0.854879 0.518827 0.000000
vn 0.738264 0.674512 0.000000
vn 0.738264 0.674512 -0.000000
vn 0.819468 0.573124 -0.000000
vn 0.819468 0.573124 0.000000
vn 0.644468 0.764631 0.000000
vn 0.606721 0.794915 0.000000
vn 0.920006 0.391903 0.000000
vn 0.886572 0.462590 0.000000
vn 0.780535 0.625112 0.000000
vn 0.738264 0.674512 0.000000
vn 0.780535 0.625112 -0.000000
vn 0.692840 0.721092 -0.000000
vn 0.692840 0.721092 0.000000
vn 0.886572 0.462590 0.000000
vn 0.854879 0.518827 -0.000000
vn 0.854879 0.518827 0.000000
vn 0.738264 0.674512 0.000000
vn 0.780535 0.625112 0.000000
vn 0.819468 0.573124 -0.000000
vn 0.819468 0.573124 0.000000
vn 0.644468 0.764631 0.000000
vn 0.606721 0.794915 0.000000
vn 0.644468 0.764631 -0.000000
vn 0.920007 0.391903 0.000000
vn 0.780535 0.625112 0.000000
vn 0.692840 0.721092 -0.000000
vn 0.692840 0.721092 0.000000
vn 0.886572 0.462590 0.000000
vn 0.886572 0.462590 -0.000000
vn 0.854879 0.518827 0.000000
vn 0.854879 0.518827 -0.000000
vn 0.738264 0.674512 0.000000
vn 0.738264 0.674512 -0.000000
vn 0.819468 0.573124 -0.000000
vn 0.819468 0.573124 0.000000
vn 0.780535 0.625112 0.000000
vn 0.606721 0.794915 0.000000
vn 0.606721 0.794915 0.000000
vn 0.644468 0.764631 -0.000000
vn 0.644468 0.764631 0.000000
vn 0.920006 0.391903 0.000000
vn 0.780535 0.625112 0.000000
vn 0.692840 0.721092 -0.000000
vn 0.692840 0.721092 0.000000
vn 0.644468 0.764631 0.000000
vn 0.886572 0.462590 0.000000
vn 0.886572 0.462590 -0.000000
vn 0.854879 0.518827 -0.000000
vn 0.854879 0.518827 0.000000
vn 0.738264 0.674512 0.000000
vn 0.738264 0.674512 -0.000000
vn 0.819468 0.573124 0.000000
vn 0.819468 0.573124 -0.000000
vn 0.606721 0.794915 0.000000
vn 0.644468 0.764631 0.000000
vn 0.920007 0.391903 0.000000
vn 0.780535 0.625112 0.000000
vn 0.780535 0.625112 -0.000000
vn 0.692840 0.721092 0.000000
vn 0.692840 0.721092 -0.000000
vn 0.886572 0.462590 0.000000
vn 0.886572 0.462590 -0.000000
vn 0.854879 0.518827 0.000000
vn 0.854879 0.518827 -0.000000
vn 0.899971 0.435729 -0.013879
vn 0.920007 0.391903 0.000000
vn 0.738264 0.674512 -0.000000
vn 0.738264 0.674512 0.000000
vn 0.886571 0.462589 -0.001630
vn 0.886572 0.462590 -0.000000
vn 0.886572 0.462590 0.000000
vn 0.819468 0.573124 -0.000000
vn 0.819468 0.573124 0.000000
vn 0.606721 0.794915 0.000000
vn 0.644468 0.764631 -0.000000
vn 0.644468 0.764631 0.000000
vn 0.819468 0.573124 0.000000
vn 0.854879 0.518827 -0.000000
vn 0.854879 0.518827 0.000000
vn 0.826402 0.562636 -0.022374
vn 0.854878 0.518827 0.001465
vn 0.780535 0.625112 -0.000000
vn 0.780535 0.625112 0.000000
vn 0.692840 0.721092 -0.000000
vn 0.692840 0.721092 0.000000
vn 0.819468 0.573124 0.000000
vn 0.819419 0.573090 -0.010996
vn 0.738264 0.674512 -0.000000
vn 0.738264 0.674512 0.000000
vn 0.749715 0.661465 -0.019797
vn 0.780535 0.625112 -0.000000
vn 0.738264 0.674512 0.000000
vn 0.780522 0.625102 0.005714
vn 0.780535 0.625112 0.000000
vn 0.606721 0.794915 0.000000
vn 0.644468 0.764631 -0.000000
vn 0.644468 0.764631 0.000000
vn 0.738264 0.674512 0.000000
vn 0.738262 0.674510 -0.002345
vn 0.692840 0.721092 -0.000000
vn 0.692840 0.721092 0.000000
vn 0.651808 0.756554 -0.052655
vn 0.692840 0.721092 0.000000
vn 0.692838 0.721090 0.002146
vn 0.692840 0.721092 -0.000000
vn 0.606721 0.794915 0.000000
vn 0.644468 0.764631 0.000000
vn 0.644468 0.764631 -0.000000
vn 0.644133 0.764234 -0.032230
vn 0.606721 0.794915 0.000000
vn 0.644468 0.764631 -0.000000
vn 0.644468 0.764631 0.000000
vn -0.401695 -0.915774 0.000000
vn -0.401695 -0.915774 0.000000
vn -0.401695 0.915774 0.000000
vn -0.401695 0.915774 0.000000
vn -0.930110 0.367018 0.013880
vn -0.940798 0.338963 0.001629
vn -0.973651 0.226942 0.022374
vn -0.960706 0.277566 -0.001466
vn -0.976613 0.214724 0.010996
vn -0.911436 0.411443 0.000000
vn -0.994424 0.103584 0.019797
vn -0.988536 0.150878 -0.005714
vn -0.940799 0.338964 0.000000
vn -0.940799 0.338964 0.000000
vn -0.960707 0.277566 0.000000
vn -0.960707 0.277566 0.000000
vn -0.996264 0.086323 0.002345
vn -0.976672 0.214737 0.000000
vn -0.976672 0.214737 0.000000
vn -0.911436 0.411443 0.000000
vn -0.988552 0.150880 0.000000
vn -0.988552 0.150880 0.000000
vn -0.998072 -0.032849 0.052657
vn -0.999770 0.021358 -0.002145
vn -0.940799 0.338964 0.000000
vn -0.940799 0.338964 0.000000
vn -0.960707 0.277566 0.000000
vn -0.960707 0.277566 0.000000
vn -0.996267 0.086324 0.000000
vn -0.996267 0.086324 0.000000
vn -0.976672 0.214737 0.000000
vn -0.976672 0.214737 0.000000
vn -0.998525 -0.043699 0.032229
vn -0.911436 0.411443 0.000000
vn -0.988552 0.150880 0.000000
vn -0.988552 0.150880 0.000000
vn -0.999772 0.021358 0.000000
vn -0.999772 0.021358 0.000000
vn -0.940799 0.338964 0.000000
vn -0.940799 0.338964 0.000000
vn -0.960707 0.277566 0.000000
vn -0.960707 0.277566 0.000000
vn -0.996267 0.086324 0.000000
vn -0.996267 0.086324 0.000000
vn -0.976672 0.214737 0.000000
vn -0.976672 0.214737 0.000000
vn -0.995759 -0.092001 -0.000000
vn -0.999044 -0.043722 0.000000
vn -0.999044 -0.043722 0.000000
vn -0.911436 0.411443 0.000000
vn -0.911436 0.411443 0.000000
vn -0.988552 0.150880 0.000000
vn -0.988552 0.150880 0.000000
vn -0.999772 0.021358 0.000000
vn -0.999772 0.021358 0.000000
vn -0.940799 0.338964 0.000000
vn -0.940799 0.338964 0.000000
vn -0.960707 0.277566 0.000000
vn -0.960707 0.277566 0.000000
vn -0.996267 0.086324 0.000000
vn -0.996267 0.086324 0.000000
vn -0.976672 0.214737 0.000000
vn -0.976672 0.214737 0.000000
vn -0.995759 -0.092001 -0.000000
vn -0.999044 -0.043722 0.000000
vn -0.999044 -0.043722 0.000000
vn -0.911436 0.411443 0.000000
vn -0.940799 0.338964 0.000000
vn -0.988552 0.150880 0.000000
vn -0.988552 0.150880 0.000000
vn -0.999772 0.021358 0.000000
vn -0.999772 0.021358 0.000000
vn -0.940799 0.338964 0.000000
vn -0.960706 0.277566 0.000000
vn -0.960706 0.277566 0.000000
vn -0.996267 0.086324 0.000000
vn -0.996267 0.086324 0.000000
vn -0.976672 0.214737 0.000000
vn -0.976672 0.214737 0.000000
vn -0.999044 -0.043722 0.000000
vn -0.999044 -0.043722 0.000000
vn -0.995759 -0.092001 -0.000000
vn -0.911436 0.411443 0.000000
vn -0.988552 0.150880 0.000000
vn -0.988552 0.150880 0.000000
vn -0.999772 0.021358 0.000000
vn -0.999772 0.021358 0.000000
vn -0.940799 0.338964 0.000000
vn -0.940799 0.338964 0.000000
vn -0.960707 0.277566 0.000000
vn -0.960707 0.277566 0.000000
vn -0.996267 0.086324 0.000000
vn -0.996267 0.086324 0.000000
vn -0.976672 0.214737 0.000000
vn -0.976672 0.214737 0.000000
vn -0.988552 0.150880 0.000000
vn -0.995759 -0.092001 -0.000000
vn -0.995759 -0.092001 -0.000000
vn -0.999044 -0.043722 0.000000
vn -0.999044 -0.043722 0.000000
vn -0.911436 0.411443 0.000000
vn -0.988552 0.150880 0.000000
vn -0.999772 0.021358 0.000000
vn -0.999772 0.021358 0.000000
vn -0.940799 0.338964 0.000000
vn -0.940799 0.338964 0.000000
vn -0.960707 0.277566 0.000000
vn -0.960707 0.277566 0.000000
vn -0.996267 0.086324 0.000000
vn -0.996267 0.086324 0.000000
vn -0.976672 0.214737 0.000000
vn -0.976672 0.214737 0.000000
vn -0.995759 -0.092001 -0.000000
vn -0.999044 -0.043722 0.000000
vn -0.999044 -0.043722 0.000000
vn -0.911436 0.411443 0.000000
vn -0.988552 0.150880 0.000000
vn -0.988552 0.150880 0.000000
vn -0.999772 0.021358 0.000000
vn -0.999772 0.021358 0.000000
vn -0.940799 0.338964 0.000000
vn -0.940799 0.338964 0.000000
vn -0.960707 0.277566 0.000000
vn -0.960707 0.277566 0.000000
vn -0.976672 0.214737 0.000000
vn -0.930110 0.367018 -0.013880
vn -0.911436 0.411443 0.000000
vn -0.999772 0.021358 0.000000
vn -0.996267 0.086324 0.000000
vn -0.996267 0.086324 0.000000
vn -0.940798 0.338963 -0.001629
vn -0.940799 0.338964 0.000000
vn -0.940799 0.338964 0.000000
vn -0.976672 0.214737 0.000000
vn -0.995759 -0.092001 -0.000000
vn -0.999044 -0.043722 0.000000
vn -0.999044 -0.043722 0.000000
vn -0.960707 0.277566 0.000000
vn -0.960707 0.277566 0.000000
vn -0.973651 0.226942 -0.022374
vn -0.960706 0.277566 0.001466
vn -0.976672 0.214737 0.000000
vn -0.988552 0.150880 0.000000
vn -0.988552 0.150880 0.000000
vn -0.999772 0.021358 0.000000
vn -0.976672 0.214737 0.000000
vn -0.976613 0.214724 -0.010996
vn -0.996267 0.086324 0.000000
vn -0.996267 0.086324 0.000000
vn -0.994424 0.103584 -0.019797
vn -0.988536 0.150878 0.005714
vn -0.988552 0.150880 0.000000
vn -0.988552 0.150880 0.000000
vn -0.995759 -0.092001 -0.000000
vn -0.999044 -0.043722 0.000000
vn -0.999044 -0.043722 0.000000
vn -0.996267 0.086324 0.000000
vn -0.996267 0.086324 0.000000
vn -0.996264 0.086323 -0.002345
vn -0.999772 0.021358 0.000000
vn -0.999772 0.021358 0.000000
vn -0.999772 0.021358 0.000000
vn -0.998072 -0.032849 -0.052657
vn -0.999770 0.021358 0.002145
vn -0.999772 0.021358 0.000000
vn -0.995759 -0.092001 -0.000000
vn -0.999044 -0.043722 0.000000
vn -0.999044 -0.043722 0.000000
vn -0.995759 -0.092001 -0.000000
vn -0.998525 -0.043699 -0.032229
vn -0.999044 -0.043722 0.000000
vn -0.999044 -0.043722 0.000000
vn -0.997896 0.033216 0.055686
vn -0.999725 0.011182 0.020595
vn -0.997091 0.076217 0.000000
vn -0.993282 -0.112850 0.025599
vn -0.998515 -0.053871 -0.008053
vn -0.992765 -0.118652 0.018397
vn -0.999937 0.011185 0.000000
vn -0.999937 0.011185 0.000000
vn -0.972389 -0.233058 0.011952
vn -0.983112 -0.182911 -0.005856
vn -0.997091 0.076217 0.000000
vn -0.998548 -0.053872 0.000000
vn -0.998548 -0.053872 0.000000
vn -0.969189 -0.246300 0.003041
vn -0.933744 -0.357563 0.016464
vn -0.951230 -0.308476 -0.002000
vn -0.992934 -0.118672 0.000000
vn -0.992934 -0.118672 0.000000
vn -0.999937 0.011185 0.000000
vn -0.999937 0.011185 0.000000
vn -0.983129 -0.182914 0.000000
vn -0.983129 -0.182914 0.000000
vn -0.997091 0.076217 0.000000
vn -0.998548 -0.053872 0.000000
vn -0.992934 -0.118672 -0.000000
vn -0.998548 -0.053872 0.000000
vn -0.969193 -0.246301 0.000000
vn -0.969193 -0.246301 0.000000
vn -0.920161 -0.391540 -0.000000
vn -0.951232 -0.308477 0.000000
vn -0.951232 -0.308477 0.000000
vn -0.992934 -0.118672 0.000000
vn -0.999937 0.011185 0.000000
vn -0.999937 0.011185 0.000000
vn -0.983129 -0.182914 0.000000
vn -0.983129 -0.182914 0.000000
vn -0.997091 0.076217 0.000000
vn -0.997091 0.076217 0.000000
vn -0.998548 -0.053872 0.000000
vn -0.998548 -0.053872 0.000000
vn -0.969193 -0.246301 0.000000
vn -0.969193 -0.246301 0.000000
vn -0.920161 -0.391540 -0.000000
vn -0.951232 -0.308477 0.000000
vn -0.951232 -0.308477 0.000000
vn -0.992934 -0.118672 0.000000
vn -0.992934 -0.118672 0.000000
vn -0.999937 0.011185 0.000000
vn -0.999937 0.011185 0.000000
vn -0.983129 -0.182914 0.000000
vn -0.983129 -0.182914 0.000000
vn -0.997091 0.076217 0.000000
vn -0.998548 -0.053872 0.000000
vn -0.998548 -0.053872 0.000000
vn -0.969193 -0.246301 0.000000
vn -0.969193 -0.246301 0.000000
vn -0.951232 -0.308477 0.000000
vn -0.920161 -0.391540 -0.000000
vn -0.951232 -0.308477 0.000000
vn -0.992934 -0.118672 0.000000
vn -0.992934 -0.118672 0.000000
vn -0.998548 -0.053872 -0.000000
vn -0.999937 0.011185 0.000000
vn -0.999937 0.011185 0.000000
vn -0.983129 -0.182914 0.000000
vn -0.983129 -0.182914 0.000000
vn -0.997091 0.076217 0.000000
vn -0.998548 -0.053872 0.000000
vn -0.969193 -0.246301 0.000000
vn -0.969193 -0.246301 0.000000
vn -0.951232 -0.308477 0.000000
vn -0.951232 -0.308477 0.000000
vn -0.992934 -0.118672 0.000000
vn -0.992934 -0.118672 0.000000
vn -0.999937 0.011185 0.000000
vn -0.998548 -0.053872 -0.000000
vn -0.999937 0.011185 0.000000
vn -0.983129 -0.182914 0.000000
vn -0.983129 -0.182914 0.000000
vn -0.997091 0.076217 0.000000
vn -0.998548 -0.053872 0.000000
vn -0.969193 -0.246301 0.000000
vn -0.969193 -0.246301 0.000000
vn -0.951232 -0.308477 0.000000
vn -0.951232 -0.308477 0.000000
vn -0.992934 -0.118672 0.000000
vn -0.992934 -0.118672 0.000000
vn -0.999937 0.011185 0.000000
vn -0.999937 0.011185 0.000000
vn -0.983129 -0.182914 0.000000
vn -0.983129 -0.182914 0.000000
vn -0.997091 0.076217 0.000000
vn -0.999937 0.011185 0.000000
vn -0.998548 -0.053872 0.000000
vn -0.998548 -0.053872 0.000000
vn -0.969193 -0.246301 0.000000
vn -0.969193 -0.246301 0.000000
vn -0.951232 -0.308477 -0.000000
vn -0.951232 -0.308477 0.000000
vn -0.997896 0.033216 -0.055686
vn -0.997091 0.076217 0.000000
vn -0.992934 -0.118672 0.000000
vn -0.992934 -0.118672 0.000000
vn -0.929455 -0.368937 0.000000
vn -0.902280 -0.431150 -0.000000
vn -0.924202 -0.381902 0.000672
vn -0.929454 -0.368937 0.000000
vn -0.929455 -0.368937 0.000000
vn -0.999937 0.011185 0.000000
vn -0.983129 -0.182914 0.000000
vn -0.983129 -0.182914 0.000000
vn -0.999937 0.011185 0.000000
vn -0.999725 0.011182 -0.020595
vn -0.999937 0.011185 0.000000
vn -0.998548 -0.053872 0.000000
vn -0.998548 -0.053872 0.000000
vn -0.992934 -0.118672 -0.000000
vn -0.969193 -0.246301 0.000000
vn -0.969193 -0.246301 0.000000
vn -0.951232 -0.308477 -0.000000
vn -0.951232 -0.308477 0.000000
vn -0.992934 -0.118672 0.000000
vn -0.929454 -0.368937 0.000000
vn -0.902280 -0.431150 -0.000000
vn -0.929454 -0.368937 0.000000
vn -0.992934 -0.118672 -0.000000
vn -0.993282 -0.112850 -0.025599
vn -0.998515 -0.053871 0.008053
vn -0.998548 -0.053872 0.000000
vn -0.998548 -0.053872 0.000000
vn -0.983129 -0.182914 0.000000
vn -0.983129 -0.182914 0.000000
vn -0.992934 -0.118672 0.000000
vn -0.992765 -0.118652 -0.018397
vn -0.951232 -0.308477 -0.000000
vn -0.969193 -0.246301 0.000000
vn -0.969193 -0.246301 0.000000
vn -0.972389 -0.233058 -0.011952
vn -0.983112 -0.182911 0.005856
vn -0.983129 -0.182914 0.000000
vn -0.983129 -0.182914 0.000000
vn -0.951232 -0.308477 0.000000
vn -0.902280 -0.431150 -0.000000
vn -0.929455 -0.368937 0.000000
vn -0.929455 -0.368937 0.000000
vn -0.969193 -0.246301 0.000000
vn -0.969189 -0.246300 -0.003041
vn -0.969193 -0.246301 0.000000
vn -0.933744 -0.357563 -0.016464
vn -0.951232 -0.308477 0.000000
vn -0.951230 -0.308476 0.002000
vn -0.951232 -0.308477 0.000000
vn -0.902280 -0.431150 -0.000000
vn -0.929455 -0.368937 0.000000
vn -0.929398 -0.368915 -0.010998
vn -0.929455 -0.368937 0.000000
vn -0.872283 0.489002 0.000000
vn -0.872283 0.489002 0.000000
vn -0.872283 -0.489002 0.000000
vn -0.872283 -0.489002 0.000000
vn -0.546948 -0.837167 0.000000
vn -0.546948 -0.837167 0.000000
vn -0.546948 0.837167 0.000000
vn -0.546948 0.837167 0.000000
vn 0.798207 -0.602383 0.000000
vn 0.798207 -0.602383 0.000000
vn 0.798207 0.602383 -0.000000
vn 0.798207 0.602383 0.000000
vn 0.370432 -0.927189 0.055686
vn 0.391344 -0.920014 0.020598
vn 0.330730 -0.943726 0.000000
vn 0.502341 -0.864291 0.025601
vn 0.450433 -0.892774 -0.008051
vn 0.507447 -0.861487 0.018399
vn 0.391427 -0.920209 0.000000
vn 0.391427 -0.920209 0.000000
vn 0.604032 -0.796870 0.011950
vn 0.562420 -0.826831 -0.005856
vn 0.330730 -0.943726 0.000000
vn 0.450447 -0.892803 0.000000
vn 0.450447 -0.892803 0.000000
vn 0.614873 -0.788620 0.003039
vn 0.702527 -0.711466 0.016463
vn 0.664598 -0.747198 -0.002002
vn 0.507533 -0.861633 0.000000
vn 0.507533 -0.861633 0.000000
vn 0.391427 -0.920209 0.000000
vn 0.391427 -0.920209 0.000000
vn 0.562430 -0.826845 0.000000
vn 0.562430 -0.826845 0.000000
vn 0.330730 -0.943726 0.000000
vn 0.450447 -0.892803 0.000000
vn 0.450447 -0.892803 0.000000
vn 0.614876 -0.788624 0.000000
vn 0.664600 -0.747200 0.000000
vn 0.614876 -0.788624 0.000000
vn 0.728185 -0.685381 0.000000
vn 0.664600 -0.747200 0.000000
vn 0.507533 -0.861633 0.000000
vn 0.507533 -0.861633 0.000000
vn 0.391427 -0.920209 0.000000
vn 0.391427 -0.920209 0.000000
vn 0.562430 -0.826845 0.000000
vn 0.562430 -0.826845 0.000000
vn 0.330730 -0.943726 0.000000
vn 0.330729 -0.943726 0.000000
vn 0.450447 -0.892803 0.000000
vn 0.450447 -0.892803 0.000000
vn 0.614876 -0.788624 0.000000
vn 0.614876 -0.788624 0.000000
vn 0.728185 -0.685381 0.000000
vn 0.664600 -0.747200 0.000000
vn 0.664600 -0.747200 0.000000
vn 0.507533 -0.861633 0.000000
vn 0.507533 -0.861633 0.000000
vn 0.391427 -0.920209 0.000000
vn 0.391427 -0.920209 0.000000
vn 0.562430 -0.826845 0.000000
vn 0.562430 -0.826845 0.000000
vn 0.330729 -0.943726 0.000000
vn 0.450447 -0.892803 0.000000
vn 0.450447 -0.892803 0.000000
vn 0.614876 -0.788624 0.000000
vn 0.614876 -0.788624 0.000000
vn 0.664600 -0.747200 0.000000
vn 0.728185 -0.685381 0.000000
vn 0.664600 -0.747200 0.000000
vn 0.562430 -0.826845 0.000000
vn 0.507533 -0.861633 0.000000
vn 0.507533 -0.861633 0.000000
vn 0.391427 -0.920209 0.000000
vn 0.391427 -0.920209 0.000000
vn 0.450447 -0.892803 0.000000
vn 0.562430 -0.826845 0.000000
vn 0.330730 -0.943726 0.000000
vn 0.450447 -0.892803 0.000000
vn 0.614876 -0.788624 0.000000
vn 0.614876 -0.788624 0.000000
vn 0.664600 -0.747200 0.000000
vn 0.664600 -0.747200 0.000000
vn 0.507533 -0.861633 0.000000
vn 0.507533 -0.861633 0.000000
vn 0.391427 -0.920209 0.000000
vn 0.391427 -0.920209 0.000000
vn 0.562430 -0.826845 0.000000
vn 0.562430 -0.826845 0.000000
vn 0.614876 -0.788624 0.000000
vn 0.330730 -0.943726 0.000000
vn 0.450447 -0.892803 0.000000
vn 0.450447 -0.892803 0.000000
vn 0.614876 -0.788624 0.000000
vn 0.664600 -0.747200 0.000000
vn 0.664600 -0.747200 0.000000
vn 0.507533 -0.861633 0.000000
vn 0.507533 -0.861633 0.000000
vn 0.391427 -0.920209 0.000000
vn 0.391427 -0.920209 0.000000
vn 0.562430 -0.826845 0.000000
vn 0.562430 -0.826845 0.000000
vn 0.330730 -0.943726 0.000000
vn 0.450447 -0.892803 0.000000
vn 0.450447 -0.892803 0.000000
vn 0.614876 -0.788624 0.000000
vn 0.614876 -0.788624 0.000000
vn 0.664600 -0.747200 0.000000
vn 0.664600 -0.747200 0.000000
vn 0.370433 -0.927189 -0.055686
vn 0.330730 -0.943726 0.000000
vn 0.507533 -0.861633 0.000000
vn 0.507533 -0.861633 0.000000
vn 0.562430 -0.826845 0.000000
vn 0.757272 -0.653100 0.000000
vn 0.720983 -0.692952 0.000672
vn 0.711221 -0.702969 0.000000
vn 0.711221 -0.702969 0.000000
vn 0.711221 -0.702969 0.000000
vn 0.391427 -0.920209 0.000000
vn 0.391427 -0.920209 0.000000
vn 0.562430 -0.826845 0.000000
vn 0.391344 -0.920014 -0.020598
vn 0.391427 -0.920209 0.000000
vn 0.391427 -0.920209 0.000000
vn 0.450447 -0.892803 0.000000
vn 0.450447 -0.892803 0.000000
vn 0.614876 -0.788624 0.000000
vn 0.614876 -0.788624 0.000000
vn 0.664600 -0.747200 0.000000
vn 0.711221 -0.702969 0.000000
vn 0.664600 -0.747200 0.000000
vn 0.507533 -0.861633 0.000000
vn 0.507533 -0.861633 0.000000
vn 0.757272 -0.653100 0.000000
vn 0.711221 -0.702969 0.000000
vn 0.502341 -0.864291 -0.025601
vn 0.450433 -0.892774 0.008051
vn 0.450447 -0.892803 0.000000
vn 0.450447 -0.892803 0.000000
vn 0.562430 -0.826845 0.000000
vn 0.562430 -0.826845 0.000000
vn 0.614876 -0.788624 0.000000
vn 0.507533 -0.861633 0.000000
vn 0.507533 -0.861633 0.000000
vn 0.562430 -0.826845 0.000000
vn 0.507447 -0.861487 -0.018399
vn 0.614876 -0.788624 0.000000
vn 0.604032 -0.796870 -0.011950
vn 0.562420 -0.826831 0.005856
vn 0.562430 -0.826845 0.000000
vn 0.664600 -0.747200 0.000000
vn 0.664600 -0.747200 0.000000
vn 0.757272 -0.653100 0.000000
vn 0.711221 -0.702969 0.000000
vn 0.711221 -0.702969 0.000000
vn 0.614876 -0.788624 0.000000
vn 0.614873 -0.788620 -0.003039
vn 0.614876 -0.788624 0.000000
vn 0.702528 -0.711466 -0.016463
vn 0.664600 -0.747200 0.000000
vn 0.664598 -0.747198 0.002002
vn 0.664600 -0.747200 0.000000
vn 0.757272 -0.653100 0.000000
vn 0.711221 -0.702969 0.000000
vn 0.711178 -0.702926 -0.010996
vn 0.711221 -0.702969 0.000000
vn 0.709728 0.704339 0.013879
vn 0.688330 0.725396 0.001628
vn 0.598937 0.800484 0.022375
vn 0.640098 0.768292 -0.001467
vn 0.588938 0.808104 0.010996
vn 0.742908 0.669394 0.000000
vn 0.494316 0.869057 0.019797
vn 0.535260 0.844668 -0.005713
vn 0.688331 0.725396 -0.000000
vn 0.688331 0.725396 0.000000
vn 0.640099 0.768292 0.000000
vn 0.640099 0.768292 -0.000000
vn 0.479247 0.877677 0.002343
vn 0.588973 0.808153 0.000000
vn 0.588973 0.808153 -0.000000
vn 0.742908 0.669394 0.000000
vn 0.535268 0.844682 -0.000000
vn 0.535268 0.844682 0.000000
vn 0.370839 0.927203 0.052655
vn 0.421163 0.906983 -0.002147
vn 0.688331 0.725396 -0.000000
vn 0.688331 0.725396 0.000000
vn 0.640099 0.768292 -0.000000
vn 0.640099 0.768292 0.000000
vn 0.479248 0.877680 0.000000
vn 0.479248 0.877680 -0.000000
vn 0.588973 0.808153 0.000000
vn 0.588973 0.808153 -0.000000
vn 0.361084 0.931976 0.032227
vn 0.742908 0.669394 0.000000
vn 0.535268 0.844682 0.000000
vn 0.535268 0.844682 -0.000000
vn 0.421163 0.906985 -0.000000
vn 0.421163 0.906985 0.000000
vn 0.688331 0.725396 -0.000000
vn 0.688331 0.725396 0.000000
vn 0.640099 0.768292 0.000000
vn 0.640099 0.768292 -0.000000
vn 0.479248 0.877680 -0.000000
vn 0.479248 0.877680 0.000000
vn 0.588973 0.808153 0.000000
vn 0.588973 0.808153 -0.000000
vn 0.315742 0.948845 0.000000
vn 0.361272 0.932461 0.000000
vn 0.361272 0.932461 -0.000000
vn 0.742908 0.669394 -0.000000
vn 0.742908 0.669394 0.000000
vn 0.535268 0.844682 0.000000
vn 0.535268 0.844682 -0.000000
vn 0.421163 0.906985 0.000000
vn 0.421163 0.906985 -0.000000
vn 0.688331 0.725396 -0.000000
vn 0.688331 0.725396 0.000000
vn 0.640099 0.768292 -0.000000
vn 0.640099 0.768292 0.000000
vn 0.479248 0.877679 0.000000
vn 0.479248 0.877679 -0.000000
vn 0.588973 0.808153 -0.000000
vn 0.588973 0.808153 0.000000
vn 0.315742 0.948845 0.000000
vn 0.361272 0.932461 0.000000
vn 0.361272 0.932461 -0.000000
vn 0.742908 0.669394 0.000000
vn 0.688331 0.725397 0.000000
vn 0.535268 0.844682 0.000000
vn 0.535268 0.844682 -0.000000
vn 0.421163 0.906985 -0.000000
vn 0.421163 0.906985 0.000000
vn 0.688331 0.725397 0.000000
vn 0.640099 0.768292 -0.000000
vn 0.640099 0.768292 0.000000
vn 0.479248 0.877680 0.000000
vn 0.479248 0.877680 -0.000000
vn 0.588973 0.808153 -0.000000
vn 0.588973 0.808153 0.000000
vn 0.361272 0.932461 0.000000
vn 0.361272 0.932461 -0.000000
vn 0.315742 0.948845 0.000000
vn 0.742908 0.669394 0.000000
vn 0.535268 0.844682 0.000000
vn 0.535268 0.844682 -0.000000
vn 0.421163 0.906985 0.000000
vn 0.421163 0.906985 -0.000000
vn 0.361272 0.932461 0.000000
vn 0.688331 0.725396 0.000000
vn 0.688331 0.725396 -0.000000
vn 0.640099 0.768292 0.000000
vn 0.640099 0.768292 -0.000000
vn 0.479248 0.877679 0.000000
vn 0.479248 0.877679 -0.000000
vn 0.588973 0.808153 0.000000
vn 0.588973 0.808153 -0.000000
vn 0.315742 0.948845 0.000000
vn 0.315742 0.948845 0.000000
vn 0.361272 0.932461 0.000000
vn 0.742908 0.669394 0.000000
vn 0.535268 0.844682 -0.000000
vn 0.535268 0.844682 0.000000
vn 0.421163 0.906985 0.000000
vn 0.421163 0.906985 -0.000000
vn 0.688331 0.725396 -0.000000
vn 0.688331 0.725396 0.000000
vn 0.640099 0.768292 -0.000000
vn 0.640099 0.768292 0.000000
vn 0.588973 0.808153 0.000000
vn 0.479248 0.877679 0.000000
vn 0.479248 0.877679 -0.000000
vn 0.588973 0.808153 0.000000
vn 0.315743 0.948845 0.000000
vn 0.361272 0.932461 -0.000000
vn 0.361272 0.932461 0.000000
vn 0.742908 0.669394 0.000000
vn 0.535268 0.844682 0.000000
vn 0.535268 0.844682 -0.000000
vn 0.479248 0.877680 0.000000
vn 0.421163 0.906985 0.000000
vn 0.421163 0.906985 -0.000000
vn 0.688331 0.725396 0.000000
vn 0.688331 0.725396 -0.000000
vn 0.640099 0.768292 0.000000
vn 0.640099 0.768292 -0.000000
vn 0.709728 0.704339 -0.013879
vn 0.742908 0.669394 0.000000
vn 0.479248 0.877680 0.000000
vn 0.688330 0.725396 -0.001628
vn 0.688331 0.725396 -0.000000
vn 0.688331 0.725396 0.000000
vn 0.588973 0.808153 -0.000000
vn 0.588973 0.808153 0.000000
vn 0.361272 0.932461 -0.000000
vn 0.361272 0.932461 0.000000
vn 0.315742 0.948845 0.000000
vn 0.640099 0.768292 -0.000000
vn 0.640099 0.768292 0.000000
vn 0.598937 0.800484 -0.022375
vn 0.640098 0.768292 0.001467
vn 0.588973 0.808153 0.000000
vn 0.535268 0.844682 -0.000000
vn 0.535268 0.844682 0.000000
vn 0.421163 0.906985 -0.000000
vn 0.421163 0.906985 0.000000
vn 0.588973 0.808153 0.000000
vn 0.588937 0.808104 -0.010996
vn 0.479248 0.877680 -0.000000
vn 0.479248 0.877680 0.000000
vn 0.535268 0.844682 0.000000
vn 0.535268 0.844682 -0.000000
vn 0.494316 0.869057 -0.019797
vn 0.535260 0.844668 0.005713
vn 0.479248 0.877680 0.000000
vn 0.315742 0.948845 0.000000
vn 0.361272 0.932461 -0.000000
vn 0.361272 0.932461 0.000000
vn 0.479248 0.877680 0.000000
vn 0.479247 0.877677 -0.002343
vn 0.421163 0.906985 -0.000000
vn 0.421163 0.906985 0.000000
vn 0.370839 0.927203 -0.052655
vn 0.421163 0.906985 0.000000
vn 0.421162 0.906983 0.002147
vn 0.421163 0.906985 -0.000000
vn 0.315742 0.948845 0.000000
vn 0.361272 0.932461 0.000000
vn 0.361272 0.932461 -0.000000
vn 0.361084 0.931976 -0.032227
vn 0.315742 0.948845 0.000000
vn 0.361272 0.932461 -0.000000
vn 0.361272 0.932461 0.000000
vn -0.677281 -0.735724 0.000000
vn -0.677281 -0.735724 0.000000
vn -0.677281 0.735724 0.000000
vn -0.677281 0.735724 0.000000
vn -0.760544 0.649138 0.013879
vn -0.779763 0.626073 0.001627
vn -0.847209 0.530789 0.022373
vn -0.818527 0.574466 -0.001468
vn -0.853976 0.520196 0.010996
vn -0.728458 0.685090 0.000000
vn -0.906910 0.420860 0.019798
vn -0.885984 0.463681 -0.005714
vn -0.779763 0.626074 0.000000
vn -0.779763 0.626074 0.000000
vn -0.818528 0.574467 0.000000
vn -0.818528 0.574467 0.000000
vn -0.914255 0.405132 0.002346
vn -0.854028 0.520228 0.000000
vn -0.854028 0.520228 0.000000
vn -0.728458 0.685090 0.000000
vn -0.885998 0.463689 0.000000
vn -0.885998 0.463689 0.000000
vn -0.954660 0.293006 0.052655
vn -0.938665 0.344825 -0.002145
vn -0.779763 0.626074 0.000000
vn -0.779763 0.626074 0.000000
vn -0.818528 0.574467 0.000000
vn -0.818528 0.574467 0.000000
vn -0.914258 0.405133 0.000000
vn -0.914258 0.405133 0.000000
vn -0.854028 0.520228 0.000000
vn -0.854028 0.520228 0.000000
vn -0.958611 0.282890 0.032227
vn -0.728458 0.685090 0.000000
vn -0.885998 0.463689 0.000000
vn -0.885998 0.463689 0.000000
vn -0.938667 0.344825 0.000000
vn -0.938667 0.344825 0.000000
vn -0.779764 0.626074 0.000000
vn -0.779764 0.626074 0.000000
vn -0.818528 0.574467 0.000000
vn -0.818528 0.574467 0.000000
vn -0.914258 0.405133 0.000000
vn -0.914258 0.405133 0.000000
vn -0.854028 0.520228 0.000000
vn -0.854028 0.520228 0.000000
vn -0.971678 0.236309 0.000000
vn -0.959109 0.283037 0.000000
vn -0.959109 0.283037 0.000000
vn -0.728458 0.685090 0.000000
vn -0.728458 0.685090 0.000000
vn -0.885998 0.463689 0.000000
vn -0.885998 0.463689 0.000000
vn -0.938667 0.344825 0.000000
vn -0.938667 0.344825 0.000000
vn -0.959109 0.283037 0.000000
vn -0.779763 0.626074 0.000000
vn -0.779763 0.626074 0.000000
vn -0.818528 0.574467 0.000000
vn -0.818528 0.574467 0.000000
vn -0.914258 0.405133 0.000000
vn -0.914258 0.405133 0.000000
vn -0.854028 0.520228 0.000000
vn -0.854028 0.520228 0.000000
vn -0.959109 0.283037 0.000000
vn -0.971678 0.236309 0.000000
vn -0.728459 0.685090 0.000000
vn -0.885998 0.463689 0.000000
vn -0.885998 0.463689 0.000000
vn -0.938667 0.344825 0.000000
vn -0.938667 0.344825 0.000000
vn -0.779763 0.626074 0.000000
vn -0.779763 0.626074 0.000000
vn -0.818528 0.574467 0.000000
vn -0.818528 0.574467 0.000000
vn -0.914258 0.405133 0.000000
vn -0.914258 0.405133 0.000000
vn -0.854028 0.520228 0.000000
vn -0.854028 0.520228 0.000000
vn -0.959109 0.283037 0.000000
vn -0.971678 0.236309 0.000000
vn -0.959109 0.283037 0.000000
vn -0.728458 0.685090 0.000000
vn -0.885998 0.463689 0.000000
vn -0.885998 0.463689 0.000000
vn -0.938667 0.344825 0.000000
vn -0.938667 0.344825 0.000000
vn -0.779764 0.626074 0.000000
vn -0.779764 0.626074 0.000000
vn -0.818528 0.574467 0.000000
vn -0.818528 0.574467 0.000000
vn -0.914258 0.405133 0.000000
vn -0.914258 0.405133 0.000000
vn -0.854028 0.520228 0.000000
vn -0.854028 0.520228 0.000000
vn -0.971678 0.236309 0.000000
vn -0.971678 0.236309 0.000000
vn -0.959109 0.283037 0.000000
vn -0.959109 0.283037 0.000000
vn -0.728459 0.685090 0.000000
vn -0.885998 0.463689 0.000000
vn -0.914258 0.405133 0.000000
vn -0.885998 0.463689 0.000000
vn -0.938667 0.344825 0.000000
vn -0.938667 0.344825 0.000000
vn -0.779763 0.626074 0.000000
vn -0.779763 0.626074 0.000000
vn -0.818528 0.574467 0.000000
vn -0.818528 0.574467 0.000000
vn -0.914258 0.405133 0.000000
vn -0.854028 0.520228 0.000000
vn -0.854028 0.520228 0.000000
vn -0.971678 0.236309 0.000000
vn -0.959109 0.283037 0.000000
vn -0.959109 0.283037 0.000000
vn -0.728458 0.685090 0.000000
vn -0.885998 0.463689 0.000000
vn -0.885998 0.463689 0.000000
vn -0.938667 0.344825 0.000000
vn -0.938667 0.344825 0.000000
vn -0.779763 0.626074 0.000000
vn -0.779763 0.626074 0.000000
vn -0.818528 0.574467 0.000000
vn -0.854028 0.520228 0.000000
vn -0.818528 0.574467 0.000000
vn -0.760544 0.649138 -0.013879
vn -0.728458 0.685090 0.000000
vn -0.914258 0.405133 0.000000
vn -0.914258 0.405133 0.000000
vn -0.779763 0.626074 0.000000
vn -0.779763 0.626073 -0.001627
vn -0.779763 0.626074 0.000000
vn -0.854028 0.520228 0.000000
vn -0.971678 0.236309 0.000000
vn -0.959109 0.283037 0.000000
vn -0.959109 0.283037 0.000000
vn -0.818528 0.574467 0.000000
vn -0.847209 0.530789 -0.022373
vn -0.818527 0.574466 0.001468
vn -0.854028 0.520228 0.000000
vn -0.818528 0.574467 0.000000
vn -0.885998 0.463689 0.000000
vn -0.885998 0.463689 0.000000
vn -0.938667 0.344825 0.000000
vn -0.938667 0.344825 0.000000
vn -0.854028 0.520228 0.000000
vn -0.853976 0.520196 -0.010996
vn -0.914258 0.405133 0.000000
vn -0.914258 0.405133 0.000000
vn -0.885984 0.463681 0.005714
vn -0.906910 0.420860 -0.019798
vn -0.885998 0.463689 0.000000
vn -0.885998 0.463689 0.000000
vn -0.971678 0.236309 0.000000
vn -0.959109 0.283037 0.000000
vn -0.959109 0.283037 0.000000
vn -0.914258 0.405133 0.000000
vn -0.914258 0.405133 0.000000
vn -0.914255 0.405132 -0.002346
vn -0.938667 0.344825 0.000000
vn -0.938667 0.344825 0.000000
vn -0.938667 0.344825 0.000000
vn -0.954660 0.293006 -0.052655
vn -0.938665 0.344824 0.002145
vn -0.938667 0.344825 0.000000
vn -0.959109 0.283037 0.000000
vn -0.959109 0.283037 0.000000
vn -0.971678 0.236309 0.000000
vn -0.959109 0.283037 0.000000
vn -0.958611 0.282890 -0.032227
vn -0.959109 0.283037 0.000000
vn -0.971678 0.236309 0.000000
vn -0.954612 -0.292600 0.055685
vn -0.949189 -0.314033 0.020597
vn -0.967814 -0.251668 0.000000
vn -0.902821 -0.429253 0.025598
vn -0.926921 -0.375171 -0.008053
vn -0.900449 -0.434573 0.018397
vn -0.949390 -0.314100 0.000000
vn -0.949390 -0.314100 0.000000
vn -0.844028 -0.536166 0.011950
vn -0.870452 -0.492219 -0.005858
vn -0.967814 -0.251668 0.000000
vn -0.926951 -0.375183 0.000000
vn -0.926951 -0.375183 0.000000
vn -0.836704 -0.547647 0.003042
vn -0.767052 -0.641374 0.016465
vn -0.799530 -0.600623 -0.001999
vn -0.900601 -0.434646 0.000000
vn -0.900601 -0.434646 0.000000
vn -0.949390 -0.314100 0.000000
vn -0.949390 -0.314100 0.000000
vn -0.870467 -0.492227 0.000000
vn -0.870467 -0.492227 0.000000
vn -0.967814 -0.251668 0.000000
vn -0.926951 -0.375183 0.000000
vn -0.926951 -0.375183 0.000000
vn -0.836708 -0.547650 0.000000
vn -0.836708 -0.547650 0.000000
vn -0.743171 -0.669101 -0.000000
vn -0.799531 -0.600625 0.000000
vn -0.799531 -0.600625 0.000000
vn -0.900601 -0.434646 0.000000
vn -0.900601 -0.434646 0.000000
vn -0.949390 -0.314100 0.000000
vn -0.949390 -0.314100 0.000000
vn -0.870467 -0.492227 0.000000
vn -0.870467 -0.492227 0.000000
vn -0.967814 -0.251668 0.000000
vn -0.967814 -0.251668 0.000000
vn -0.926951 -0.375183 0.000000
vn -0.926951 -0.375183 0.000000
vn -0.836708 -0.547650 0.000000
vn -0.799531 -0.600625 -0.000000
vn -0.836708 -0.547650 0.000000
vn -0.743171 -0.669101 -0.000000
vn -0.799531 -0.600625 0.000000
vn -0.900601 -0.434646 0.000000
vn -0.900601 -0.434646 0.000000
vn -0.949390 -0.314100 0.000000
vn -0.949390 -0.314100 0.000000
vn -0.870467 -0.492227 0.000000
vn -0.836708 -0.547650 -0.000000
vn -0.870467 -0.492227 0.000000
vn -0.967814 -0.251668 0.000000
vn -0.926951 -0.375183 0.000000
vn -0.900601 -0.434646 -0.000000
vn -0.926951 -0.375183 0.000000
vn -0.836708 -0.547650 0.000000
vn -0.799531 -0.600625 0.000000
vn -0.743171 -0.669101 -0.000000
vn -0.799531 -0.600625 0.000000
vn -0.900601 -0.434646 0.000000
vn -0.949390 -0.314100 0.000000
vn -0.949390 -0.314100 0.000000
vn -0.870467 -0.492227 0.000000
vn -0.870467 -0.492227 0.000000
vn -0.967814 -0.251668 0.000000
vn -0.926951 -0.375183 0.000000
vn -0.926951 -0.375183 0.000000
vn -0.836708 -0.547650 0.000000
vn -0.836708 -0.547650 0.000000
vn -0.799531 -0.600625 0.000000
vn -0.799531 -0.600625 0.000000
vn -0.900601 -0.434646 0.000000
vn -0.900601 -0.434646 0.000000
vn -0.870467 -0.492227 -0.000000
vn -0.949390 -0.314100 0.000000
vn -0.949390 -0.314100 0.000000
vn -0.926951 -0.375183 -0.000000
vn -0.870467 -0.492227 0.000000
vn -0.967814 -0.251668 0.000000
vn -0.926951 -0.375183 0.000000
vn -0.836708 -0.547650 0.000000
vn -0.836708 -0.547650 0.000000
vn -0.799531 -0.600625 0.000000
vn -0.799531 -0.600625 0.000000
vn -0.900601 -0.434646 0.000000
vn -0.900601 -0.434646 0.000000
vn -0.949390 -0.314100 0.000000
vn -0.949390 -0.314100 0.000000
vn -0.870467 -0.492227 0.000000
vn -0.870467 -0.492227 0.000000
vn -0.967814 -0.251668 0.000000
vn -0.949390 -0.314100 -0.000000
vn -0.926951 -0.375183 0.000000
vn -0.926951 -0.375183 0.000000
vn -0.836708 -0.547650 0.000000
vn -0.836708 -0.547650 0.000000
vn -0.799531 -0.600625 0.000000
vn -0.799531 -0.600625 0.000000
vn -0.954612 -0.292600 -0.055685
vn -0.967814 -0.251668 0.000000
vn -0.900601 -0.434646 0.000000
vn -0.870467 -0.492227 -0.000000
vn -0.900601 -0.434646 0.000000
vn -0.713408 -0.700749 -0.000000
vn -0.759295 -0.650746 0.000000
vn -0.750121 -0.661301 0.000672
vn -0.759295 -0.650746 0.000000
vn -0.759295 -0.650746 0.000000
vn -0.949390 -0.314100 0.000000
vn -0.870467 -0.492227 0.000000
vn -0.949189 -0.314033 -0.020597
vn -0.949390 -0.314100 0.000000
vn -0.949390 -0.314100 0.000000
vn -0.926951 -0.375183 0.000000
vn -0.926951 -0.375183 0.000000
vn -0.836708 -0.547650 0.000000
vn -0.836708 -0.547650 0.000000
vn -0.799531 -0.600625 0.000000
vn -0.759295 -0.650747 -0.000000
vn -0.799531 -0.600625 0.000000
vn -0.900601 -0.434646 0.000000
vn -0.900601 -0.434646 0.000000
vn -0.713408 -0.700749 -0.000000
vn -0.759295 -0.650747 0.000000
vn -0.902821 -0.429253 -0.025598
vn -0.926921 -0.375171 0.008053
vn -0.926951 -0.375183 0.000000
vn -0.926951 -0.375183 0.000000
vn -0.870467 -0.492227 0.000000
vn -0.870467 -0.492227 0.000000
vn -0.900601 -0.434646 0.000000
vn -0.900601 -0.434646 0.000000
vn -0.900449 -0.434573 -0.018397
vn -0.799531 -0.600625 -0.000000
vn -0.836708 -0.547650 0.000000
vn -0.836708 -0.547650 0.000000
vn -0.844028 -0.536166 -0.011950
vn -0.870467 -0.492227 0.000000
vn -0.870452 -0.492219 0.005858
vn -0.870467 -0.492227 0.000000
vn -0.799531 -0.600625 0.000000
vn -0.759295 -0.650746 0.000000
vn -0.759295 -0.650746 0.000000
vn -0.713408 -0.700749 -0.000000
vn -0.836704 -0.547647 -0.003042
vn -0.836708 -0.547650 0.000000
vn -0.836708 -0.547650 0.000000
vn -0.767052 -0.641374 -0.016465
vn -0.799531 -0.600625 0.000000
vn -0.799531 -0.600625 0.000000
vn -0.799530 -0.600623 0.001999
vn -0.713408 -0.700749 -0.000000
vn -0.759295 -0.650746 0.000000
vn -0.759249 -0.650707 -0.010994
vn -0.759295 -0.650746 0.000000
vn -0.666241 0.745737 0.000000
vn -0.666241 0.745737 0.000000
vn -0.666241 -0.745737 0.000000
vn -0.666241 -0.745737 0.000000
vn -0.789141 -0.614213 0.000000
vn -0.789141 -0.614213 0.000000
vn -0.789141 0.614213 0.000000
vn -0.789141 0.614213 0.000000
vn 0.559365 -0.828922 0.000000
vn 0.559365 -0.828922 0.000000
vn 0.559365 0.828922 -0.000000
vn 0.559365 0.828922 0.000000
vn 0.049303 -0.997230 0.055687
vn 0.071413 -0.997234 0.020595
vn 0.006382 -0.999980 0.000000
vn 0.194489 -0.980571 0.025600
vn 0.136143 -0.990656 -0.008052
vn 0.200228 -0.979576 0.018399
vn 0.071428 -0.997446 0.000000
vn 0.071428 -0.997446 0.000000
vn 0.312561 -0.949823 0.011953
vn 0.263472 -0.964649 -0.005855
vn 0.006382 -0.999980 0.000000
vn 0.136147 -0.990689 0.000000
vn 0.136147 -0.990689 0.000000
vn 0.325493 -0.945540 0.003041
vn 0.433448 -0.901028 0.016464
vn 0.385975 -0.922507 -0.001999
vn 0.200262 -0.979742 0.000000
vn 0.200262 -0.979742 0.000000
vn 0.071428 -0.997446 0.000000
vn 0.071428 -0.997446 0.000000
vn 0.263477 -0.964666 0.000000
vn 0.263477 -0.964666 0.000000
vn 0.006382 -0.999980 0.000000
vn 0.136147 -0.990689 0.000000
vn 0.136147 -0.990689 0.000000
vn 0.325494 -0.945544 0.000000
vn 0.325494 -0.945544 0.000000
vn 0.466188 -0.884686 0.000000
vn 0.385976 -0.922509 0.000000
vn 0.385976 -0.922509 0.000000
vn 0.200262 -0.979742 0.000000
vn 0.200262 -0.979742 0.000000
vn 0.071428 -0.997446 0.000000
vn 0.071428 -0.997446 0.000000
vn 0.263477 -0.964666 0.000000
vn 0.263477 -0.964666 0.000000
vn 0.325494 -0.945544 0.000000
vn 0.006382 -0.999980 0.000000
vn 0.006382 -0.999980 0.000000
vn 0.136147 -0.990689 0.000000
vn 0.136147 -0.990689 0.000000
vn 0.325494 -0.945544 0.000000
vn 0.466188 -0.884686 0.000000
vn 0.385976 -0.922509 0.000000
vn 0.385976 -0.922509 0.000000
vn 0.200262 -0.979742 0.000000
vn 0.200262 -0.979742 0.000000
vn 0.071428 -0.997446 0.000000
vn 0.071428 -0.997446 0.000000
vn 0.263477 -0.964666 0.000000
vn 0.263477 -0.964666 0.000000
vn 0.006382 -0.999980 0.000000
vn 0.136147 -0.990689 0.000000
vn 0.136147 -0.990689 0.000000
vn 0.325494 -0.945544 0.000000
vn 0.385976 -0.922509 0.000000
vn 0.325494 -0.945544 0.000000
vn 0.466188 -0.884686 0.000000
vn 0.385976 -0.922509 0.000000
vn 0.200262 -0.979742 0.000000
vn 0.200262 -0.979742 0.000000
vn 0.071428 -0.997446 0.000000
vn 0.071428 -0.997446 0.000000
vn 0.263477 -0.964666 0.000000
vn 0.263477 -0.964666 0.000000
vn 0.325494 -0.945544 0.000000
vn 0.006382 -0.999980 0.000000
vn 0.136147 -0.990689 0.000000
vn 0.200262 -0.979742 0.000000
vn 0.136147 -0.990689 0.000000
vn 0.325494 -0.945544 0.000000
vn 0.385976 -0.922509 0.000000
vn 0.385976 -0.922509 0.000000
vn 0.200262 -0.979742 0.000000
vn 0.071428 -0.997446 0.000000
vn 0.071428 -0.997446 0.000000
vn 0.263477 -0.964666 0.000000
vn 0.263477 -0.964666 0.000000
vn 0.006382 -0.999980 0.000000
vn 0.136147 -0.990689 0.000000
vn 0.136147 -0.990689 0.000000
vn 0.325494 -0.945544 0.000000
vn 0.325494 -0.945544 0.000000
vn 0.385976 -0.922509 0.000000
vn 0.385976 -0.922509 0.000000
vn 0.200262 -0.979742 0.000000
vn 0.200262 -0.979742 0.000000
vn 0.071428 -0.997446 0.000000
vn 0.071428 -0.997446 0.000000
vn 0.263477 -0.964666 0.000000
vn 0.263477 -0.964666 0.000000
vn 0.006382 -0.999980 0.000000
vn 0.136147 -0.990689 0.000000
vn 0.136147 -0.990689 0.000000
vn 0.325494 -0.945544 0.000000
vn 0.325494 -0.945544 0.000000
vn 0.385976 -0.922509 0.000000
vn 0.385976 -0.922509 0.000000
vn 0.049303 -0.997230 -0.055687
vn 0.006382 -0.999980 0.000000
vn 0.200262 -0.979742 0.000000
vn 0.200262 -0.979742 0.000000
vn 0.504179 -0.863599 0.000000
vn 0.456918 -0.889509 0.000672
vn 0.444432 -0.895812 0.000000
vn 0.444432 -0.895812 0.000000
vn 0.444432 -0.895812 0.000000
vn 0.071428 -0.997446 0.000000
vn 0.071428 -0.997446 0.000000
vn 0.263477 -0.964666 0.000000
vn 0.263477 -0.964666 0.000000
vn 0.071413 -0.997234 -0.020595
vn 0.071428 -0.997446 0.000000
vn 0.071428 -0.997446 0.000000
vn 0.136147 -0.990689 0.000000
vn 0.136147 -0.990689 0.000000
vn 0.200262 -0.979742 0.000000
vn 0.325494 -0.945544 0.000000
vn 0.325494 -0.945544 0.000000
vn 0.385976 -0.922509 0.000000
vn 0.385976 -0.922509 0.000000
vn 0.200262 -0.979742 0.000000
vn 0.444432 -0.895812 0.000000
vn 0.504179 -0.863599 0.000000
vn 0.444432 -0.895812 0.000000
vn 0.200262 -0.979742 0.000000
vn 0.194489 -0.980571 -0.025600
vn 0.136147 -0.990689 0.000000
vn 0.136143 -0.990656 0.008052
vn 0.136147 -0.990689 0.000000
vn 0.263477 -0.964666 0.000000
vn 0.263477 -0.964666 0.000000
vn 0.325494 -0.945544 0.000000
vn 0.200262 -0.979742 0.000000
vn 0.200228 -0.979577 -0.018399
vn 0.263477 -0.964666 0.000000
vn 0.325494 -0.945544 0.000000
vn 0.312561 -0.949822 -0.011953
vn 0.263472 -0.964649 0.005855
vn 0.263477 -0.964666 0.000000
vn 0.385976 -0.922509 0.000000
vn 0.385976 -0.922509 0.000000
vn 0.504179 -0.863599 0.000000
vn 0.444432 -0.895812 0.000000
vn 0.444432 -0.895812 0.000000
vn 0.325494 -0.945544 0.000000
vn 0.325493 -0.945540 -0.003041
vn 0.325494 -0.945544 0.000000
vn 0.433448 -0.901028 -0.016464
vn 0.385975 -0.922507 0.001999
vn 0.385976 -0.922509 0.000000
vn 0.444432 -0.895812 0.000000
vn 0.385976 -0.922509 0.000000
vn 0.444406 -0.895758 -0.010996
vn 0.504179 -0.863599 0.000000
vn 0.444432 -0.895812 0.000000
vn 0.442571 0.896626 0.013878
vn 0.415501 0.909591 0.001630
vn 0.306570 0.951585 0.022375
vn 0.355953 0.934503 -0.001466
vn 0.294636 0.955546 0.010994
vn 0.485297 0.874349 0.000000
vn 0.185349 0.982473 0.019798
vn 0.231997 0.972700 -0.005714
vn 0.415501 0.909593 -0.000000
vn 0.415501 0.909593 0.000000
vn 0.355953 0.934504 0.000000
vn 0.355953 0.934504 -0.000000
vn 0.168297 0.985734 0.002343
vn 0.294653 0.955604 0.000000
vn 0.294653 0.955604 -0.000000
vn 0.485297 0.874349 0.000000
vn 0.232001 0.972716 -0.000000
vn 0.232001 0.972716 0.000000
vn 0.049684 0.997376 0.052656
vn 0.103847 0.994591 -0.002147
vn 0.415501 0.909593 -0.000000
vn 0.415501 0.909593 0.000000
vn 0.355953 0.934504 -0.000000
vn 0.355953 0.934504 0.000000
vn 0.168298 0.985736 0.000000
vn 0.168298 0.985736 -0.000000
vn 0.294653 0.955604 0.000000
vn 0.294653 0.955604 -0.000000
vn 0.038908 0.998723 0.032229
vn 0.485297 0.874350 0.000000
vn 0.232001 0.972716 0.000000
vn 0.232001 0.972716 -0.000000
vn 0.103847 0.994593 -0.000000
vn 0.103847 0.994593 0.000000
vn 0.415501 0.909593 -0.000000
vn 0.415501 0.909593 0.000000
vn 0.355953 0.934504 0.000000
vn 0.355953 0.934504 -0.000000
vn 0.168298 0.985736 -0.000000
vn 0.168298 0.985736 0.000000
vn 0.294653 0.955604 0.000000
vn 0.294653 0.955604 -0.000000
vn -0.009458 0.999955 0.000000
vn 0.038928 0.999242 0.000000
vn 0.038928 0.999242 -0.000000
vn 0.485297 0.874349 -0.000000
vn 0.485297 0.874350 0.000000
vn 0.232001 0.972716 0.000000
vn 0.232001 0.972716 -0.000000
vn 0.103847 0.994593 0.000000
vn 0.103847 0.994593 -0.000000
vn 0.038928 0.999242 0.000000
vn 0.415501 0.909593 -0.000000
vn 0.415501 0.909593 0.000000
vn 0.355953 0.934504 -0.000000
vn 0.355953 0.934504 0.000000
vn 0.168298 0.985736 0.000000
vn 0.168298 0.985736 -0.000000
vn 0.294653 0.955604 -0.000000
vn 0.294653 0.955604 0.000000
vn 0.038928 0.999242 0.000000
vn -0.009458 0.999955 0.000000
vn 0.485297 0.874350 0.000000
vn 0.415501 0.909593 0.000000
vn 0.232001 0.972716 0.000000
vn 0.168298 0.985736 0.000000
vn 0.232001 0.972716 -0.000000
vn 0.103847 0.994593 -0.000000
vn 0.103847 0.994593 0.000000
vn 0.415501 0.909593 0.000000
vn 0.355953 0.934504 -0.000000
vn 0.355953 0.934504 0.000000
vn 0.168298 0.985736 0.000000
vn 0.232001 0.972716 0.000000
vn 0.294653 0.955604 -0.000000
vn 0.294653 0.955604 0.000000
vn 0.038928 0.999242 0.000000
vn -0.009458 0.999955 0.000000
vn 0.038928 0.999242 -0.000000
vn 0.485297 0.874350 0.000000
vn 0.232001 0.972716 0.000000
vn 0.103847 0.994593 -0.000000
vn 0.103847 0.994593 0.000000
vn 0.415501 0.909593 0.000000
vn 0.415501 0.909593 -0.000000
vn 0.355953 0.934504 0.000000
vn 0.355953 0.934504 -0.000000
vn 0.168298 0.985736 0.000000
vn 0.168298 0.985736 -0.000000
vn 0.294653 0.955604 -0.000000
vn 0.294653 0.955604 0.000000
vn 0.232001 0.972716 0.000000
vn -0.009458 0.999955 0.000000
vn -0.009458 0.999955 0.000000
vn 0.038928 0.999242 -0.000000
vn 0.038928 0.999242 0.000000
vn 0.485297 0.874350 0.000000
vn 0.232001 0.972716 0.000000
vn 0.103847 0.994593 -0.000000
vn 0.103847 0.994593 0.000000
vn 0.038928 0.999242 0.000000
vn 0.415501 0.909593 0.000000
vn 0.415501 0.909593 -0.000000
vn 0.355953 0.934504 -0.000000
vn 0.355953 0.934504 0.000000
vn 0.168298 0.985736 0.000000
vn 0.168298 0.985736 -0.000000
vn 0.294653 0.955604 0.000000
vn 0.294653 0.955604 -0.000000
vn -0.009458 0.999955 0.000000
vn 0.038928 0.999242 0.000000
vn 0.485297 0.874349 0.000000
vn 0.232001 0.972716 0.000000
vn 0.232001 0.972716 -0.000000
vn 0.103847 0.994593 0.000000
vn 0.103847 0.994593 -0.000000
vn 0.415501 0.909593 0.000000
vn 0.415501 0.909593 -0.000000
vn 0.355953 0.934504 0.000000
vn 0.355953 0.934504 -0.000000
vn 0.442571 0.896626 -0.013878
vn 0.485297 0.874349 0.000000
vn 0.168298 0.985736 -0.000000
vn 0.168298 0.985736 0.000000
vn 0.415501 0.909591 -0.001630
vn 0.415501 0.909593 -0.000000
vn 0.415501 0.909593 0.000000
vn 0.294653 0.955604 -0.000000
vn 0.294653 0.955604 0.000000
vn -0.009458 0.999955 0.000000
vn 0.038928 0.999242 -0.000000
vn 0.038928 0.999242 0.000000
vn 0.294653 0.955604 0.000000
vn 0.355953 0.934504 -0.000000
vn 0.355953 0.934504 0.000000
vn 0.306570 0.951585 -0.022375
vn 0.355953 0.934503 0.001466
vn 0.232001 0.972716 -0.000000
vn 0.232001 0.972716 0.000000
vn 0.103847 0.994593 -0.000000
vn 0.103847 0.994593 0.000000
vn 0.294653 0.955604 0.000000
vn 0.294636 0.955546 -0.010994
vn 0.168298 0.985736 -0.000000
vn 0.168298 0.985736 0.000000
vn 0.185349 0.982473 -0.019798
vn 0.232001 0.972716 -0.000000
vn 0.168298 0.985736 0.000000
vn 0.231997 0.972700 0.005714
vn 0.232001 0.972716 0.000000
vn -0.009458 0.999955 0.000000
vn 0.038928 0.999242 -0.000000
vn 0.038928 0.999242 0.000000
vn 0.168298 0.985736 0.000000
vn 0.168297 0.985734 -0.002343
vn 0.103847 0.994593 -0.000000
vn 0.103847 0.994593 0.000000
vn 0.049684 0.997376 -0.052656
vn 0.103847 0.994593 0.000000
vn 0.103847 0.994591 0.002147
vn 0.103847 0.994593 -0.000000
vn -0.009458 0.999955 0.000000
vn 0.038928 0.999242 0.000000
vn 0.038928 0.999242 -0.000000
vn 0.038908 0.998723 -0.032229
vn -0.009458 0.999955 0.000000
vn 0.038928 0.999242 -0.000000
vn 0.038928 0.999242 0.000000
vn -0.879474 -0.475948 0.000000
vn -0.879474 -0.475948 0.000000
vn -0.879474 0.475948 0.000000
vn -0.879474 0.475948 0.000000
vn -0.508562 0.860914 0.013879
vn -0.534223 0.845342 0.001630
vn -0.628959 0.777117 0.022374
vn -0.587650 0.809114 -0.001466
vn -0.638799 0.769295 0.010997
vn -0.466541 0.884499 0.000000
vn -0.721117 0.692531 0.019799
vn -0.687422 0.726236 -0.005712
vn -0.534223 0.845343 0.000000
vn -0.534223 0.845343 0.000000
vn -0.587651 0.809115 0.000000
vn -0.587651 0.809115 0.000000
vn -0.733173 0.680038 0.002344
vn -0.638838 0.769342 0.000000
vn -0.638838 0.769342 0.000000
vn -0.466541 0.884499 0.000000
vn -0.687433 0.726248 0.000000
vn -0.687433 0.726248 0.000000
vn -0.807795 0.587107 0.052655
vn -0.775840 0.630926 -0.002146
vn -0.534223 0.845343 0.000000
vn -0.534223 0.845343 0.000000
vn -0.587651 0.809115 0.000000
vn -0.587651 0.809115 0.000000
vn -0.733175 0.680040 0.000000
vn -0.733175 0.680040 0.000000
vn -0.638838 0.769342 0.000000
vn -0.638838 0.769342 0.000000
vn -0.814817 0.578822 0.032227
vn -0.466541 0.884499 0.000000
vn -0.687433 0.726248 0.000000
vn -0.687433 0.726248 0.000000
vn -0.775842 0.630927 0.000000
vn -0.775842 0.630927 0.000000
vn -0.534223 0.845343 0.000000
vn -0.534223 0.845343 0.000000
vn -0.587651 0.809115 0.000000
vn -0.587651 0.809115 0.000000
vn -0.733175 0.680040 0.000000
vn -0.733175 0.680040 0.000000
vn -0.638838 0.769342 0.000000
vn -0.638838 0.769342 0.000000
vn -0.842300 0.539008 0.000000
vn -0.815240 0.579123 0.000000
vn -0.815240 0.579123 0.000000
vn -0.466541 0.884499 0.000000
vn -0.466541 0.884499 0.000000
vn -0.687433 0.726248 0.000000
vn -0.687433 0.726248 0.000000
vn -0.775842 0.630927 0.000000
vn -0.775842 0.630927 0.000000
vn -0.815240 0.579123 0.000000
vn -0.534223 0.845343 0.000000
vn -0.534223 0.845343 0.000000
vn -0.587651 0.809115 0.000000
vn -0.587651 0.809115 0.000000
vn -0.733175 0.680040 0.000000
vn -0.733175 0.680040 0.000000
vn -0.638838 0.769342 0.000000
vn -0.638838 0.769342 0.000000
vn -0.815240 0.579123 0.000000
vn -0.842300 0.539008 0.000000
vn -0.466541 0.884499 0.000000
vn -0.534223 0.845343 0.000000
vn -0.687433 0.726248 0.000000
vn -0.733175 0.680040 0.000000
vn -0.687433 0.726248 0.000000
vn -0.775842 0.630927 0.000000
vn -0.775842 0.630927 0.000000
vn -0.534223 0.845343 0.000000
vn -0.587651 0.809115 0.000000
vn -0.587651 0.809115 0.000000
vn -0.733175 0.680040 0.000000
vn -0.687433 0.726248 0.000000
vn -0.638838 0.769342 0.000000
vn -0.638838 0.769342 0.000000
vn -0.815240 0.579123 0.000000
vn -0.842300 0.539008 0.000000
vn -0.815240 0.579123 0.000000
vn -0.466541 0.884499 0.000000
vn -0.687433 0.726248 0.000000
vn -0.775842 0.630927 0.000000
vn -0.775842 0.630927 0.000000
vn -0.534223 0.845343 0.000000
vn -0.534223 0.845343 0.000000
vn -0.587651 0.809115 0.000000
vn -0.587651 0.809115 0.000000
vn -0.733175 0.680040 0.000000
vn -0.733175 0.680040 0.000000
vn -0.638838 0.769342 0.000000
vn -0.638838 0.769342 0.000000
vn -0.687433 0.726248 0.000000
vn -0.842300 0.539008 0.000000
vn -0.842300 0.539008 0.000000
vn -0.815240 0.579123 0.000000
vn -0.815240 0.579123 0.000000
vn -0.466541 0.884499 0.000000
vn -0.687433 0.726248 0.000000
vn -0.775842 0.630927 0.000000
vn -0.775842 0.630927 0.000000
vn -0.815240 0.579123 0.000000
vn -0.534223 0.845343 0.000000
vn -0.534223 0.845343 0.000000
vn -0.587651 0.809115 0.000000
vn -0.587651 0.809115 0.000000
vn -0.733175 0.680040 0.000000
vn -0.733175 0.680040 0.000000
vn -0.638838 0.769342 0.000000
vn -0.638838 0.769342 0.000000
vn -0.842300 0.539008 0.000000
vn -0.815240 0.579123 0.000000
vn -0.466541 0.884499 0.000000
vn -0.687433 0.726248 0.000000
vn -0.687433 0.726248 0.000000
vn -0.775842 0.630927 0.000000
vn -0.775842 0.630927 0.000000
vn -0.534223 0.845343 0.000000
vn -0.534223 0.845343 0.000000
vn -0.587651 0.809115 0.000000
vn -0.587651 0.809115 0.000000
vn -0.508562 0.860914 -0.013879
vn -0.466541 0.884499 0.000000
vn -0.733175 0.680040 0.000000
vn -0.733175 0.680040 0.000000
vn -0.534223 0.845342 -0.001630
vn -0.534223 0.845343 0.000000
vn -0.534223 0.845343 0.000000
vn -0.638838 0.769342 0.000000
vn -0.638838 0.769342 0.000000
vn -0.842300 0.539008 0.000000
vn -0.815240 0.579123 0.000000
vn -0.815240 0.579123 0.000000
vn -0.638838 0.769342 0.000000
vn -0.587651 0.809115 0.000000
vn -0.587651 0.809115 0.000000
vn -0.628959 0.777117 -0.022374
vn -0.587650 0.809114 0.001466
vn -0.687433 0.726248 0.000000
vn -0.687433 0.726248 0.000000
vn -0.775842 0.630927 0.000000
vn -0.775842 0.630927 0.000000
vn -0.638838 0.769342 0.000000
vn -0.638799 0.769295 -0.010997
vn -0.733175 0.680040 0.000000
vn -0.733175 0.680040 0.000000
vn -0.721117 0.692531 -0.019799
vn -0.687433 0.726248 0.000000
vn -0.733175 0.680040 0.000000
vn -0.687422 0.726236 0.005712
vn -0.687433 0.726248 0.000000
vn -0.842300 0.539008 0.000000
vn -0.815240 0.579123 0.000000
vn -0.815240 0.579123 0.000000
vn -0.733175 0.680040 0.000000
vn -0.733173 0.680038 -0.002344
vn -0.775842 0.630927 0.000000
vn -0.775842 0.630927 0.000000
vn -0.807795 0.587107 -0.052655
vn -0.775842 0.630927 0.000000
vn -0.775840 0.630926 0.002146
vn -0.775842 0.630927 0.000000
vn -0.842300 0.539008 0.000000
vn -0.815240 0.579123 0.000000
vn -0.815240 0.579123 0.000000
vn -0.814817 0.578822 -0.032227
vn -0.842300 0.539008 0.000000
vn -0.815240 0.579123 0.000000
vn -0.815240 0.579123 0.000000
vn -0.807881 -0.586708 0.055687
vn -0.795792 -0.605219 0.020597
vn -0.833659 -0.552280 0.000000
vn -0.714526 -0.699141 0.025598
vn -0.754880 -0.655814 -0.008052
vn -0.710555 -0.703401 0.018398
vn -0.795961 -0.605348 0.000000
vn -0.795961 -0.605348 0.000000
vn -0.624204 -0.781170 0.011952
vn -0.663466 -0.748183 -0.005856
vn -0.833659 -0.552280 0.000000
vn -0.754904 -0.655835 0.000000
vn -0.754904 -0.655835 0.000000
vn -0.613547 -0.789652 0.003042
vn -0.517238 -0.855683 0.016464
vn -0.561182 -0.827690 -0.001999
vn -0.710675 -0.703520 0.000000
vn -0.710675 -0.703520 0.000000
vn -0.795961 -0.605348 0.000000
vn -0.795961 -0.605348 0.000000
vn -0.663478 -0.748196 0.000000
vn -0.663478 -0.748196 0.000000
vn -0.833659 -0.552280 0.000000
vn -0.754904 -0.655835 0.000000
vn -0.754904 -0.655835 0.000000
vn -0.613550 -0.789656 0.000000
vn -0.613550 -0.789656 0.000000
vn -0.485651 -0.874153 -0.000000
vn -0.561183 -0.827692 0.000000
vn -0.561183 -0.827692 0.000000
vn -0.710675 -0.703520 0.000000
vn -0.710675 -0.703520 0.000000
vn -0.795961 -0.605348 0.000000
vn -0.795961 -0.605348 0.000000
vn -0.663478 -0.748196 0.000000
vn -0.663478 -0.748196 0.000000
vn -0.833659 -0.552280 0.000000
vn -0.833659 -0.552280 0.000000
vn -0.754904 -0.655835 0.000000
vn -0.754904 -0.655835 0.000000
vn -0.613550 -0.789656 0.000000
vn -0.561183 -0.827692 -0.000000
vn -0.613550 -0.789656 0.000000
vn -0.485651 -0.874153 -0.000000
vn -0.561183 -0.827692 0.000000
vn -0.710675 -0.703520 0.000000
vn -0.710675 -0.703520 0.000000
vn -0.795961 -0.605348 0.000000
vn -0.795961 -0.605348 0.000000
vn -0.663478 -0.748196 0.000000
vn -0.613550 -0.789656 -0.000000
vn -0.663478 -0.748196 0.000000
vn -0.833659 -0.552280 0.000000
vn -0.754904 -0.655835 0.000000
vn -0.710675 -0.703520 -0.000000
vn -0.754904 -0.655835 0.000000
vn -0.613550 -0.789656 0.000000
vn -0.561183 -0.827692 0.000000
vn -0.485651 -0.874153 -0.000000
vn -0.561183 -0.827692 0.000000
vn -0.710675 -0.703520 0.000000
vn -0.795961 -0.605348 0.000000
vn -0.795961 -0.605348 0.000000
vn -0.663478 -0.748196 0.000000
vn -0.663478 -0.748196 0.000000
vn -0.833659 -0.552280 0.000000
vn -0.754904 -0.655835 0.000000
vn -0.754904 -0.655835 0.000000
vn -0.613550 -0.789656 0.000000
vn -0.613550 -0.789656 0.000000
vn -0.561183 -0.827692 0.000000
vn -0.561183 -0.827692 0.000000
vn -0.710675 -0.703520 0.000000
vn -0.710675 -0.703520 0.000000
vn -0.663478 -0.748196 -0.000000
vn -0.795961 -0.605348 0.000000
vn -0.795961 -0.605348 0.000000
vn -0.754904 -0.655835 -0.000000
vn -0.663478 -0.748196 0.000000
vn -0.833659 -0.552280 0.000000
vn -0.754904 -0.655835 0.000000
vn -0.613550 -0.789656 0.000000
vn -0.613550 -0.789656 0.000000
vn -0.561183 -0.827692 0.000000
vn -0.561183 -0.827692 0.000000
vn -0.710675 -0.703520 0.000000
vn -0.710675 -0.703520 0.000000
vn -0.795961 -0.605348 0.000000
vn -0.795961 -0.605348 0.000000
vn -0.663478 -0.748196 0.000000
vn -0.663478 -0.748196 0.000000
vn -0.833659 -0.552280 0.000000
vn -0.795961 -0.605348 -0.000000
vn -0.754904 -0.655835 0.000000
vn -0.754904 -0.655835 0.000000
vn -0.613550 -0.789656 0.000000
vn -0.613550 -0.789656 0.000000
vn -0.561183 -0.827692 0.000000
vn -0.561183 -0.827692 0.000000
vn -0.807881 -0.586708 -0.055687
vn -0.833659 -0.552280 0.000000
vn -0.710675 -0.703520 0.000000
vn -0.663478 -0.748196 -0.000000
vn -0.710675 -0.703520 0.000000
vn -0.447221 -0.894423 -0.000000
vn -0.506863 -0.862027 0.000000
vn -0.494758 -0.869031 0.000672
vn -0.506863 -0.862027 0.000000
vn -0.506863 -0.862027 0.000000
vn -0.795961 -0.605348 0.000000
vn -0.663478 -0.748196 0.000000
vn -0.795792 -0.605219 -0.020597
vn -0.795961 -0.605348 0.000000
vn -0.795961 -0.605348 0.000000
vn -0.754904 -0.655835 0.000000
vn -0.754904 -0.655835 0.000000
vn -0.613550 -0.789656 0.000000
vn -0.613550 -0.789656 0.000000
vn -0.561183 -0.827692 0.000000
vn -0.506863 -0.862027 -0.000000
vn -0.561183 -0.827692 0.000000
vn -0.710675 -0.703520 0.000000
vn -0.710675 -0.703520 0.000000
vn -0.447221 -0.894423 -0.000000
vn -0.506863 -0.862027 0.000000
vn -0.714526 -0.699141 -0.025598
vn -0.754879 -0.655814 0.008052
vn -0.754904 -0.655835 0.000000
vn -0.754904 -0.655835 0.000000
vn -0.663478 -0.748196 0.000000
vn -0.663478 -0.748196 0.000000
vn -0.710675 -0.703520 0.000000
vn -0.710675 -0.703520 0.000000
vn -0.710555 -0.703401 -0.018398
vn -0.561183 -0.827692 -0.000000
vn -0.613550 -0.789656 0.000000
vn -0.613550 -0.789656 0.000000
vn -0.624204 -0.781170 -0.011952
vn -0.663478 -0.748196 0.000000
vn -0.663466 -0.748183 0.005856
vn -0.663478 -0.748196 0.000000
vn -0.561183 -0.827692 0.000000
vn -0.506863 -0.862027 0.000000
vn -0.506863 -0.862027 0.000000
vn -0.447221 -0.894423 -0.000000
vn -0.613547 -0.789652 -0.003042
vn -0.613550 -0.789656 0.000000
vn -0.613550 -0.789656 0.000000
vn -0.517238 -0.855683 -0.016464
vn -0.561183 -0.827692 0.000000
vn -0.561183 -0.827692 0.000000
vn -0.561182 -0.827690 0.001999
vn -0.447221 -0.894423 -0.000000
vn -0.506863 -0.862027 0.000000
vn -0.506832 -0.861974 -0.010995
vn -0.506863 -0.862027 0.000000
vn -0.388002 0.921659 0.000000
vn -0.388002 0.921659 0.000000
vn -0.388002 -0.921659 0.000000
vn -0.388002 -0.921659 0.000000
vn -0.945817 -0.324699 0.000000
vn -0.945817 -0.324699 0.000000
vn -0.945817 0.324699 0.000000
vn -0.945817 0.324699 0.000000
vn 0.259906 -0.965634 0.000000
vn 0.259906 -0.965634 0.000000
vn 0.259906 0.965634 -0.000000
vn 0.259906 0.965634 0.000000
vn -0.277168 -0.959206 0.055685
vn -0.256258 -0.966389 0.020596
vn -0.318656 -0.947870 0.000000
vn -0.134439 -0.990591 0.025599
vn -0.192899 -0.981186 -0.008053
vn -0.128689 -0.991514 0.018399
vn -0.256313 -0.966594 0.000000
vn -0.256313 -0.966594 0.000000
vn -0.012781 -0.999847 0.011952
vn -0.064024 -0.997931 -0.005855
vn -0.318656 -0.947870 0.000000
vn -0.192905 -0.981217 0.000000
vn -0.192905 -0.981217 0.000000
vn 0.000841 -0.999995 0.003041
vn 0.117401 -0.992948 0.016464
vn 0.065524 -0.997849 -0.002000
vn -0.128711 -0.991682 0.000000
vn -0.128711 -0.991682 0.000000
vn -0.256313 -0.966594 0.000000
vn -0.256313 -0.966594 0.000000
vn -0.064025 -0.997948 0.000000
vn -0.064025 -0.997948 0.000000
vn -0.318656 -0.947870 0.000000
vn -0.192905 -0.981217 0.000000
vn -0.192905 -0.981217 0.000000
vn 0.000841 -1.000000 0.000000
vn 0.000841 -1.000000 0.000000
vn 0.153672 -0.988122 0.000000
vn 0.065524 -0.997851 0.000000
vn 0.065524 -0.997851 0.000000
vn -0.128711 -0.991682 0.000000
vn -0.128711 -0.991682 0.000000
vn -0.256313 -0.966594 0.000000
vn -0.256313 -0.966594 0.000000
vn -0.064025 -0.997948 0.000000
vn -0.064025 -0.997948 0.000000
vn -0.318656 -0.947870 0.000000
vn -0.318656 -0.947870 0.000000
vn -0.256313 -0.966594 -0.000000
vn -0.192905 -0.981217 0.000000
vn -0.192905 -0.981217 0.000000
vn 0.000841 -1.000000 0.000000
vn 0.000841 -1.000000 0.000000
vn 0.153672 -0.988122 0.000000
vn 0.065524 -0.997851 0.000000
vn 0.065524 -0.997851 0.000000
vn -0.128711 -0.991682 0.000000
vn -0.128711 -0.991682 0.000000
vn -0.256313 -0.966594 0.000000
vn -0.064025 -0.997948 0.000000
vn -0.064025 -0.997948 0.000000
vn -0.318656 -0.947870 0.000000
vn -0.192905 -0.981217 0.000000
vn -0.192905 -0.981217 0.000000
vn 0.000841 -1.000000 0.000000
vn 0.065524 -0.997851 0.000000
vn 0.000841 -1.000000 0.000000
vn 0.153672 -0.988122 0.000000
vn 0.065524 -0.997851 0.000000
vn -0.128711 -0.991682 0.000000
vn -0.128711 -0.991682 0.000000
vn -0.256313 -0.966594 0.000000
vn -0.256313 -0.966594 0.000000
vn -0.064025 -0.997948 0.000000
vn -0.064025 -0.997948 0.000000
vn -0.256313 -0.966594 -0.000000
vn -0.318656 -0.947870 0.000000
vn -0.192905 -0.981218 0.000000
vn -0.192905 -0.981218 0.000000
vn 0.000841 -1.000000 0.000000
vn 0.000841 -1.000000 0.000000
vn 0.065524 -0.997851 0.000000
vn 0.065524 -0.997851 0.000000
vn -0.064025 -0.997948 -0.000000
vn -0.128711 -0.991682 0.000000
vn -0.128711 -0.991682 0.000000
vn -0.256313 -0.966594 0.000000
vn -0.064025 -0.997948 0.000000
vn -0.318656 -0.947870 0.000000
vn -0.192905 -0.981217 0.000000
vn -0.192905 -0.981217 0.000000
vn 0.000841 -1.000000 0.000000
vn 0.000841 -1.000000 0.000000
vn 0.065524 -0.997851 0.000000
vn 0.065524 -0.997851 0.000000
vn -0.064025 -0.997948 -0.000000
vn -0.128711 -0.991682 0.000000
vn -0.128711 -0.991682 0.000000
vn -0.256313 -0.966594 0.000000
vn -0.256313 -0.966594 0.000000
vn -0.064025 -0.997948 0.000000
vn -0.318656 -0.947870 0.000000
vn -0.192905 -0.981218 0.000000
vn -0.192905 -0.981218 0.000000
vn 0.000841 -1.000000 0.000000
vn 0.000841 -1.000000 0.000000
vn 0.065524 -0.997851 0.000000
vn 0.065524 -0.997851 0.000000
vn -0.277168 -0.959206 -0.055686
vn -0.318656 -0.947870 0.000000
vn -0.064025 -0.997948 -0.000000
vn -0.128711 -0.991682 0.000000
vn -0.128711 -0.991682 0.000000
vn 0.196460 -0.980512 0.000000
vn 0.143337 -0.989674 0.000672
vn 0.129479 -0.991582 0.000000
vn 0.129479 -0.991582 0.000000
vn 0.129479 -0.991582 0.000000
vn -0.256313 -0.966594 0.000000
vn -0.256313 -0.966594 0.000000
vn -0.064025 -0.997948 0.000000
vn -0.256258 -0.966389 -0.020596
vn -0.256313 -0.966594 0.000000
vn -0.256313 -0.966594 0.000000
vn -0.192905 -0.981217 0.000000
vn -0.192905 -0.981217 0.000000
vn 0.000841 -1.000000 0.000000
vn 0.000841 -1.000000 0.000000
vn 0.065524 -0.997851 0.000000
vn 0.065524 -0.997851 0.000000
vn -0.128711 -0.991682 0.000000
vn -0.128711 -0.991682 0.000000
vn -0.064025 -0.997948 -0.000000
vn 0.196460 -0.980512 0.000000
vn 0.129479 -0.991582 0.000000
vn 0.129479 -0.991582 0.000000
vn -0.134439 -0.990591 -0.025599
vn -0.192905 -0.981217 0.000000
vn -0.192899 -0.981186 0.008053
vn -0.192905 -0.981217 0.000000
vn -0.064025 -0.997948 0.000000
vn -0.128711 -0.991682 0.000000
vn -0.128711 -0.991682 0.000000
vn -0.128689 -0.991514 -0.018399
vn 0.000841 -1.000000 0.000000
vn 0.000841 -1.000000 0.000000
vn -0.012781 -0.999847 -0.011952
vn -0.064024 -0.997931 0.005855
vn -0.064025 -0.997948 0.000000
vn -0.064025 -0.997948 0.000000
vn 0.065524 -0.997851 0.000000
vn 0.129479 -0.991582 0.000000
vn 0.065524 -0.997851 0.000000
vn 0.129479 -0.991582 0.000000
vn 0.196460 -0.980512 0.000000
vn 0.000841 -0.999995 -0.003041
vn 0.000841 -1.000000 0.000000
vn 0.000841 -1.000000 0.000000
vn 0.117401 -0.992948 -0.016464
vn 0.065524 -0.997849 0.002000
vn 0.065524 -0.997851 0.000000
vn 0.129479 -0.991582 0.000000
vn 0.065524 -0.997851 0.000000
vn 0.196460 -0.980512 0.000000
vn 0.129471 -0.991522 -0.010998
vn 0.129479 -0.991582 0.000000
vn 0.127459 0.991747 0.013879
vn 0.097642 0.995220 0.001629
vn -0.019021 0.999569 0.022374
vn 0.033231 0.999447 -0.001466
vn -0.031591 0.999440 0.010996
vn 0.175107 0.984549 0.000000
vn -0.143701 0.989423 0.019798
vn -0.096409 0.995325 -0.005713
vn 0.097642 0.995221 -0.000000
vn 0.097642 0.995221 0.000000
vn 0.033231 0.999448 0.000000
vn 0.033231 0.999448 -0.000000
vn -0.160887 0.986970 0.002344
vn -0.031593 0.999501 0.000000
vn -0.031593 0.999501 0.000000
vn 0.175107 0.984549 0.000000
vn -0.096411 0.995342 0.000000
vn -0.096411 0.995342 0.000000
vn -0.276855 0.959468 0.052656
vn -0.224724 0.974420 -0.002146
vn 0.097642 0.995221 -0.000000
vn 0.097642 0.995221 0.000000
vn 0.033231 0.999448 -0.000000
vn 0.033231 0.999448 0.000000
vn -0.160888 0.986973 0.000000
vn -0.160888 0.986973 0.000000
vn -0.031593 0.999501 0.000000
vn -0.031593 0.999501 0.000000
vn -0.287486 0.957243 0.032227
vn 0.175107 0.984549 0.000000
vn -0.096411 0.995342 0.000000
vn -0.096411 0.995342 0.000000
vn -0.224724 0.974422 0.000000
vn -0.224724 0.974422 0.000000
vn 0.097642 0.995221 -0.000000
vn 0.097642 0.995221 0.000000
vn 0.033231 0.999448 0.000000
vn 0.033231 0.999448 -0.000000
vn -0.160888 0.986973 0.000000
vn -0.160888 0.986973 0.000000
vn -0.031593 0.999501 0.000000
vn -0.031593 0.999501 0.000000
vn -0.333628 0.942705 0.000000
vn -0.287635 0.957740 0.000000
vn -0.287635 0.957740 0.000000
vn 0.175107 0.984549 -0.000000
vn 0.175107 0.984549 0.000000
vn -0.096411 0.995342 0.000000
vn -0.096411 0.995342 0.000000
vn -0.224724 0.974422 0.000000
vn -0.224724 0.974422 0.000000
vn 0.097642 0.995221 -0.000000
vn 0.097642 0.995221 0.000000
vn 0.033231 0.999448 -0.000000
vn 0.033231 0.999448 0.000000
vn -0.160888 0.986973 0.000000
vn -0.160888 0.986973 0.000000
vn -0.031593 0.999501 0.000000
vn -0.031593 0.999501 0.000000
vn -0.333628 0.942705 0.000000
vn -0.287635 0.957740 0.000000
vn -0.287635 0.957740 0.000000
vn 0.175107 0.984549 0.000000
vn 0.097642 0.995222 0.000000
vn -0.096411 0.995342 0.000000
vn -0.096411 0.995342 0.000000
vn -0.224724 0.974422 0.000000
vn -0.224724 0.974422 0.000000
vn 0.097642 0.995222 0.000000
vn 0.033231 0.999448 -0.000000
vn 0.033231 0.999448 0.000000
vn -0.160888 0.986973 0.000000
vn -0.160888 0.986973 0.000000
vn -0.031593 0.999501 0.000000
vn -0.031593 0.999501 0.000000
vn -0.287635 0.957740 0.000000
vn -0.287635 0.957740 0.000000
vn -0.333628 0.942705 0.000000
vn 0.175107 0.984549 0.000000
vn -0.096411 0.995342 0.000000
vn -0.096411 0.995342 0.000000
vn -0.224724 0.974422 0.000000
vn -0.224724 0.974422 0.000000
vn 0.097642 0.995221 0.000000
vn 0.097642 0.995221 -0.000000
vn 0.033231 0.999448 0.000000
vn 0.033231 0.999448 -0.000000
vn -0.160888 0.986973 0.000000
vn -0.160888 0.986973 0.000000
vn -0.031593 0.999501 0.000000
vn -0.031593 0.999501 0.000000
vn -0.333628 0.942705 0.000000
vn -0.333628 0.942705 0.000000
vn -0.287635 0.957740 0.000000
vn -0.287635 0.957740 0.000000
vn 0.175107 0.984549 0.000000
vn -0.096411 0.995342 0.000000
vn -0.096411 0.995342 0.000000
vn -0.224724 0.974422 0.000000
vn -0.224724 0.974422 0.000000
vn 0.097642 0.995221 -0.000000
vn 0.097642 0.995221 0.000000
vn 0.033231 0.999448 -0.000000
vn 0.033231 0.999448 0.000000
vn -0.160888 0.986973 0.000000
vn -0.160888 0.986973 0.000000
vn -0.031593 0.999501 0.000000
vn -0.031593 0.999501 0.000000
vn -0.333628 0.942705 0.000000
vn -0.287635 0.957740 0.000000
vn -0.287635 0.957740 0.000000
vn 0.175107 0.984549 0.000000
vn -0.096411 0.995342 0.000000
vn -0.096411 0.995342 0.000000
vn -0.160888 0.986973 0.000000
vn -0.224724 0.974422 0.000000
vn -0.224724 0.974422 0.000000
vn 0.097642 0.995221 0.000000
vn 0.097642 0.995221 -0.000000
vn 0.033231 0.999448 0.000000
vn 0.033231 0.999448 -0.000000
vn 0.127459 0.991747 -0.013879
vn 0.175107 0.984549 0.000000
vn -0.160888 0.986973 0.000000
vn 0.097642 0.995220 -0.001629
vn 0.097642 0.995221 -0.000000
vn 0.097642 0.995221 0.000000
vn -0.031593 0.999501 0.000000
vn -0.031593 0.999501 0.000000
vn -0.333628 0.942705 0.000000
vn -0.287635 0.957740 0.000000
vn -0.287635 0.957740 0.000000
vn -0.031593 0.999501 0.000000
vn 0.033231 0.999448 -0.000000
vn 0.033231 0.999448 0.000000
vn -0.019021 0.999569 -0.022374
vn 0.033231 0.999447 0.001466
vn -0.096411 0.995342 0.000000
vn -0.096411 0.995342 0.000000
vn -0.224724 0.974422 0.000000
vn -0.224724 0.974422 0.000000
vn -0.031591 0.999440 -0.010996
vn -0.031593 0.999501 0.000000
vn -0.160888 0.986973 0.000000
vn -0.160888 0.986973 0.000000
vn -0.143701 0.989423 -0.019798
vn -0.096411 0.995342 0.000000
vn -0.096409 0.995325 0.005713
vn -0.096411 0.995342 0.000000
vn -0.333628 0.942705 0.000000
vn -0.287635 0.957740 0.000000
vn -0.287635 0.957740 0.000000
vn -0.160887 0.986970 -0.002344
vn -0.160888 0.986973 0.000000
vn -0.160888 0.986973 0.000000
vn -0.224724 0.974422 0.000000
vn -0.224724 0.974422 0.000000
vn -0.224724 0.974420 0.002146
vn -0.276855 0.959468 -0.052656
vn -0.224724 0.974422 0.000000
vn -0.224724 0.974422 0.000000
vn -0.333628 0.942705 0.000000
vn -0.287635 0.957740 0.000000
vn -0.287635 0.957740 0.000000
vn -0.333628 0.942705 0.000000
vn -0.287486 0.957243 -0.032227
vn -0.287635 0.957740 0.000000
vn -0.287635 0.957740 0.000000
vn -0.986361 -0.164594 0.000000
vn -0.986361 -0.164594 0.000000
vn -0.986361 0.164594 0.000000
vn -0.986361 0.164594 0.000000
vn -0.201467 0.979397 0.013879
vn -0.230796 0.973001 0.001629
vn -0.342550 0.939233 0.022374
vn -0.293090 0.956084 -0.001466
vn -0.354397 0.935030 0.010996
vn -0.154065 0.988061 0.000000
vn -0.457181 0.889154 0.019798
vn -0.414366 0.910092 -0.005713
vn -0.230796 0.973002 0.000000
vn -0.230796 0.973002 0.000000
vn -0.293090 0.956085 0.000000
vn -0.293090 0.956085 0.000000
vn -0.472640 0.881253 0.002344
vn -0.354419 0.935087 0.000000
vn -0.354419 0.935087 0.000000
vn -0.154065 0.988061 0.000000
vn -0.414373 0.910107 0.000000
vn -0.414373 0.910107 0.000000
vn -0.573393 0.817586 0.052656
vn -0.528941 0.848656 -0.002146
vn -0.230796 0.973002 0.000000
vn -0.230796 0.973002 0.000000
vn -0.293090 0.956085 0.000000
vn -0.293090 0.956085 0.000000
vn -0.472641 0.881255 0.000000
vn -0.472641 0.881255 0.000000
vn -0.354419 0.935087 0.000000
vn -0.354419 0.935087 0.000000
vn -0.582725 0.812030 0.032228
vn -0.154065 0.988061 0.000000
vn -0.414373 0.910107 0.000000
vn -0.414373 0.910107 0.000000
vn -0.528942 0.848658 0.000000
vn -0.528942 0.848658 0.000000
vn -0.230796 0.973002 0.000000
vn -0.230796 0.973002 0.000000
vn -0.293090 0.956085 0.000000
vn -0.293090 0.956085 0.000000
vn -0.472641 0.881255 0.000000
vn -0.472641 0.881255 0.000000
vn -0.354419 0.935087 0.000000
vn -0.354419 0.935087 0.000000
vn -0.621648 0.783297 0.000000
vn -0.583028 0.812452 0.000000
vn -0.583028 0.812452 0.000000
vn -0.154065 0.988061 0.000000
vn -0.154065 0.988061 0.000000
vn -0.414373 0.910107 0.000000
vn -0.414373 0.910107 0.000000
vn -0.528942 0.848658 0.000000
vn -0.528942 0.848658 0.000000
vn -0.230796 0.973002 0.000000
vn -0.230796 0.973002 0.000000
vn -0.293090 0.956085 0.000000
vn -0.293090 0.956085 0.000000
vn -0.472641 0.881255 0.000000
vn -0.472641 0.881255 0.000000
vn -0.354419 0.935087 0.000000
vn -0.354419 0.935087 0.000000
vn -0.621648 0.783297 0.000000
vn -0.583028 0.812452 0.000000
vn -0.583028 0.812452 0.000000
vn -0.154065 0.988061 0.000000
vn -0.230796 0.973002 0.000000
vn -0.414373 0.910107 0.000000
vn -0.414373 0.910107 0.000000
vn -0.528942 0.848658 0.000000
vn -0.528942 0.848658 0.000000
vn -0.230796 0.973002 0.000000
vn -0.293090 0.956085 0.000000
vn -0.293090 0.956085 0.000000
vn -0.472641 0.881255 0.000000
vn -0.472641 0.881255 0.000000
vn -0.354419 0.935087 0.000000
vn -0.354419 0.935087 0.000000
vn -0.583028 0.812452 0.000000
vn -0.583028 0.812452 0.000000
vn -0.621648 0.783297 0.000000
vn -0.154065 0.988061 0.000000
vn -0.414373 0.910107 0.000000
vn -0.414373 0.910107 0.000000
vn -0.528942 0.848658 0.000000
vn -0.528942 0.848658 0.000000
vn -0.230796 0.973002 0.000000
vn -0.230796 0.973002 0.000000
vn -0.293090 0.956085 0.000000
vn -0.293090 0.956085 0.000000
vn -0.472641 0.881255 0.000000
vn -0.472641 0.881255 0.000000
vn -0.354419 0.935087 0.000000
vn -0.354419 0.935087 0.000000
vn -0.414373 0.910107 0.000000
vn -0.621648 0.783297 0.000000
vn -0.621648 0.783297 0.000000
vn -0.583028 0.812452 0.000000
vn -0.583028 0.812452 0.000000
vn -0.154065 0.988061 0.000000
vn -0.414373 0.910107 0.000000
vn -0.528942 0.848658 0.000000
vn -0.528942 0.848658 0.000000
vn -0.230796 0.973002 0.000000
vn -0.230796 0.973002 0.000000
vn -0.293090 0.956085 0.000000
vn -0.293090 0.956085 0.000000
vn -0.472641 0.881255 0.000000
vn -0.472641 0.881255 0.000000
vn -0.354419 0.935087 0.000000
vn -0.354419 0.935087 0.000000
vn -0.621648 0.783297 0.000000
vn -0.583028 0.812452 0.000000
vn -0.583028 0.812452 0.000000
vn -0.154065 0.988061 0.000000
vn -0.414373 0.910107 0.000000
vn -0.414373 0.910107 0.000000
vn -0.528942 0.848658 0.000000
vn -0.528942 0.848658 0.000000
vn -0.230796 0.973002 0.000000
vn -0.230796 0.973002 0.000000
vn -0.293090 0.956085 0.000000
vn -0.293090 0.956085 0.000000
vn -0.354419 0.935087 0.000000
vn -0.201467 0.979397 -0.013879
vn -0.154065 0.988061 0.000000
vn -0.528942 0.848658 0.000000
vn -0.472641 0.881255 0.000000
vn -0.472641 0.881255 0.000000
vn -0.230796 0.973001 -0.001629
vn -0.230796 0.973002 0.000000
vn -0.230796 0.973002 0.000000
vn -0.354419 0.935087 0.000000
vn -0.621648 0.783297 0.000000
vn -0.583028 0.812452 0.000000
vn -0.583028 0.812452 0.000000
vn -0.293090 0.956085 0.000000
vn -0.293090 0.956085 0.000000
vn -0.342550 0.939233 -0.022374
vn -0.293090 0.956084 0.001466
vn -0.354419 0.935087 0.000000
vn -0.414373 0.910107 0.000000
vn -0.414373 0.910107 0.000000
vn -0.528942 0.848658 0.000000
vn -0.354419 0.935087 0.000000
vn -0.354397 0.935030 -0.010996
vn -0.472641 0.881255 0.000000
vn -0.472641 0.881255 0.000000
vn -0.457181 0.889153 -0.019798
vn -0.414366 0.910092 0.005713
vn -0.414373 0.910107 0.000000
vn -0.414373 0.910107 0.000000
vn -0.621648 0.783297 0.000000
vn -0.583028 0.812452 0.000000
vn -0.583028 0.812452 0.000000
vn -0.472641 0.881255 0.000000
vn -0.472641 0.881255 0.000000
vn -0.472640 0.881253 -0.002344
vn -0.528942 0.848658 0.000000
vn -0.528942 0.848658 0.000000
vn -0.528942 0.848658 0.000000
vn -0.573393 0.817586 -0.052656
vn -0.528941 0.848656 0.002146
vn -0.528942 0.848658 0.000000
vn -0.621648 0.783297 0.000000
vn -0.583028 0.812452 0.000000
vn -0.583028 0.812452 0.000000
vn -0.621648 0.783297 0.000000
vn -0.582725 0.812030 -0.032228
vn -0.583028 0.812452 0.000000
vn -0.583028 0.812452 0.000000
vn -0.573604 -0.817237 0.055685
vn -0.556160 -0.830820 0.020595
vn -0.609163 -0.793045 0.000000
vn -0.448799 -0.893266 0.025599
vn -0.501037 -0.865388 -0.008053
vn -0.443661 -0.896006 0.018399
vn -0.556278 -0.830996 0.000000
vn -0.556278 -0.830996 0.000000
vn -0.336739 -0.941522 0.011953
vn -0.384583 -0.923072 -0.005855
vn -0.609163 -0.793045 0.000000
vn -0.501053 -0.865416 0.000000
vn -0.501053 -0.865416 0.000000
vn -0.323902 -0.946086 0.003041
vn -0.211371 -0.977267 0.016464
vn -0.262028 -0.965058 -0.002000
vn -0.443736 -0.896157 0.000000
vn -0.443736 -0.896157 0.000000
vn -0.556278 -0.830996 0.000000
vn -0.556278 -0.830996 0.000000
vn -0.384590 -0.923088 0.000000
vn -0.384590 -0.923088 0.000000
vn -0.609163 -0.793045 0.000000
vn -0.501053 -0.865416 0.000000
vn -0.501053 -0.865416 0.000000
vn -0.323904 -0.946090 0.000000
vn -0.323904 -0.946090 0.000000
vn -0.175497 -0.984480 -0.000000
vn -0.262029 -0.965060 0.000000
vn -0.262029 -0.965060 0.000000
vn -0.443736 -0.896157 0.000000
vn -0.443736 -0.896157 0.000000
vn -0.556278 -0.830996 0.000000
vn -0.556278 -0.830996 0.000000
vn -0.384590 -0.923088 0.000000
vn -0.384590 -0.923088 0.000000
vn -0.609163 -0.793045 0.000000
vn -0.609163 -0.793045 0.000000
vn -0.501053 -0.865416 0.000000
vn -0.501053 -0.865416 0.000000
vn -0.323904 -0.946090 0.000000
vn -0.323904 -0.946090 0.000000
vn -0.175497 -0.984480 -0.000000
vn -0.262029 -0.965060 0.000000
vn -0.262029 -0.965060 0.000000
vn -0.443736 -0.896158 0.000000
vn -0.443736 -0.896158 0.000000
vn -0.556278 -0.830996 0.000000
vn -0.556278 -0.830996 0.000000
vn -0.384590 -0.923088 0.000000
vn -0.384590 -0.923088 0.000000
vn -0.609163 -0.793045 0.000000
vn -0.501053 -0.865416 0.000000
vn -0.501053 -0.865416 0.000000
vn -0.323904 -0.946090 0.000000
vn -0.323904 -0.946090 0.000000
vn -0.262029 -0.965060 0.000000
vn -0.175497 -0.984480 -0.000000
vn -0.262029 -0.965060 0.000000
vn -0.443736 -0.896157 0.000000
vn -0.443736 -0.896157 0.000000
vn -0.556278 -0.830996 0.000000
vn -0.556278 -0.830996 0.000000
vn -0.501053 -0.865416 -0.000000
vn -0.384590 -0.923088 0.000000
vn -0.384590 -0.923088 0.000000
vn -0.609163 -0.793045 0.000000
vn -0.501053 -0.865416 0.000000
vn -0.323904 -0.946090 0.000000
vn -0.323904 -0.946090 0.000000
vn -0.262029 -0.965060 0.000000
vn -0.262029 -0.965060 0.000000
vn -0.384590 -0.923088 -0.000000
vn -0.443736 -0.896158 0.000000
vn -0.443736 -0.896158 0.000000
vn -0.556278 -0.830996 0.000000
vn -0.556278 -0.830996 0.000000
vn -0.384590 -0.923088 0.000000
vn -0.609163 -0.793045 0.000000
vn -0.501053 -0.865416 0.000000
vn -0.501053 -0.865416 0.000000
vn -0.323904 -0.946090 0.000000
vn -0.262029 -0.965060 -0.000000
vn -0.323904 -0.946090 0.000000
vn -0.262029 -0.965060 0.000000
vn -0.443736 -0.896158 0.000000
vn -0.443736 -0.896158 0.000000
vn -0.556278 -0.830996 0.000000
vn -0.556278 -0.830996 0.000000
vn -0.384590 -0.923088 0.000000
vn -0.384590 -0.923088 0.000000
vn -0.609163 -0.793045 0.000000
vn -0.501053 -0.865416 0.000000
vn -0.501053 -0.865416 0.000000
vn -0.323904 -0.946090 0.000000
vn -0.323904 -0.946090 0.000000
vn -0.262029 -0.965060 0.000000
vn -0.262029 -0.965060 0.000000
vn -0.573604 -0.817237 -0.055685
vn -0.609163 -0.793045 0.000000
vn -0.443736 -0.896157 0.000000
vn -0.443736 -0.896157 0.000000
vn -0.384590 -0.923088 -0.000000
vn -0.132562 -0.991175 -0.000000
vn -0.185774 -0.982592 0.000672
vn -0.199499 -0.979898 0.000000
vn -0.199499 -0.979898 0.000000
vn -0.199499 -0.979898 0.000000
vn -0.556278 -0.830996 0.000000
vn -0.556278 -0.830996 0.000000
vn -0.384590 -0.923088 0.000000
vn -0.556160 -0.830820 -0.020595
vn -0.556278 -0.830996 0.000000
vn -0.556278 -0.830996 0.000000
vn -0.501053 -0.865416 0.000000
vn -0.501053 -0.865416 0.000000
vn -0.323904 -0.946090 0.000000
vn -0.323904 -0.946090 0.000000
vn -0.262029 -0.965060 -0.000000
vn -0.262029 -0.965060 0.000000
vn -0.443736 -0.896157 0.000000
vn -0.443736 -0.896157 0.000000
vn -0.199499 -0.979898 0.000000
vn -0.132562 -0.991175 -0.000000
vn -0.199499 -0.979898 0.000000
vn -0.448799 -0.893266 -0.025599
vn -0.501053 -0.865416 0.000000
vn -0.501037 -0.865388 0.008053
vn -0.501053 -0.865416 0.000000
vn -0.384590 -0.923088 0.000000
vn -0.384590 -0.923088 0.000000
vn -0.443736 -0.896157 0.000000
vn -0.443736 -0.896157 0.000000
vn -0.443661 -0.896006 -0.018400
vn -0.262029 -0.965060 -0.000000
vn -0.323904 -0.946090 0.000000
vn -0.323904 -0.946090 0.000000
vn -0.336739 -0.941522 -0.011953
vn -0.384590 -0.923088 0.000000
vn -0.384583 -0.923072 0.005855
vn -0.384590 -0.923088 0.000000
vn -0.262029 -0.965060 0.000000
vn -0.132562 -0.991175 -0.000000
vn -0.199499 -0.979898 0.000000
vn -0.199499 -0.979898 0.000000
vn -0.323904 -0.946090 0.000000
vn -0.323902 -0.946086 -0.003041
vn -0.323904 -0.946090 0.000000
vn -0.262029 -0.965060 -0.000000
vn -0.211371 -0.977267 -0.016464
vn -0.262028 -0.965058 0.002000
vn -0.262029 -0.965060 0.000000
vn -0.132562 -0.991175 -0.000000
vn -0.199499 -0.979898 0.000000
vn -0.199487 -0.979839 -0.010996
vn -0.199499 -0.979898 0.000000
vn -0.067717 0.997705 0.000000
vn -0.067717 0.997705 0.000000
vn -0.067717 -0.997705 0.000000
vn -0.067717 -0.997705 0.000000
vn -1.000000 0.000000 0.000000
vn -1.000000 -0.000000 0.000000
vn -0.994138 -0.108119 -0.000000
vn -0.994138 -0.108119 0.000000
vn -0.947653 -0.319302 0.000000
vn -0.856857 -0.515554 0.000000
vn -0.947653 -0.319302 -0.000000
vn -0.856857 -0.515554 0.000000
vn -0.725995 -0.687700 0.000000
vn -0.725995 -0.687700 -0.000000
vn -0.561187 -0.827689 0.000000
vn -0.561187 -0.827689 -0.000000
vn -0.370138 -0.928977 0.000000
vn -0.370138 -0.928977 -0.000000
vn -0.161782 -0.986827 0.000000
vn 0.054139 -0.998533 0.000000
vn -0.161782 -0.986827 -0.000000
vn 0.054139 -0.998533 0.000000
vn 0.267528 -0.963550 0.000000
vn 0.267528 -0.963550 0.000000
vn 0.468408 -0.883512 0.000000
vn 0.468408 -0.883512 0.000000
vn 0.647386 -0.762162 0.000000
vn 0.647386 -0.762162 0.000000
vn 0.796093 -0.605174 0.000000
vn 0.796093 -0.605174 0.000000
vn 0.907575 -0.419889 0.000000
vn 0.907575 -0.419889 0.000000
vn 0.976621 -0.214970 0.000000
vn 0.976621 -0.214970 0.000000
vn 1.000000 0.000000 0.000000
vn 1.000000 0.000000 0.000000
vn 0.976621 0.214970 0.000000
vn 0.976621 0.214970 0.000000
vn 0.907575 0.419889 -0.000000
vn 0.907575 0.419889 0.000000
vn 0.796093 0.605174 0.000000
vn 0.796093 0.605174 0.000000
vn 0.647386 0.762162 0.000000
vn 0.647386 0.762162 0.000000
vn 0.468408 0.883512 0.000000
vn 0.468408 0.883512 0.000000
vn 0.267528 0.963550 0.000000
vn 0.267528 0.963550 0.000000
vn 0.054139 0.998533 -0.000000
vn 0.054139 0.998533 0.000000
vn -0.161782 0.986827 0.000000
vn -0.161782 0.986827 0.000000
vn -0.370138 0.928977 0.000000
vn -0.370138 0.928977 0.000000
vn -0.561187 0.827689 0.000000
vn -0.725995 0.687700 0.000000
vn -0.561187 0.827689 0.000000
vn -0.725995 0.687700 0.000000
vn -0.856857 0.515554 0.000000
vn -0.947653 0.319302 0.000000
vn -0.856857 0.515554 0.000000
vn -0.947653 0.319302 0.000000
vn -0.994138 0.108119 0.000000
vn -0.994138 0.108119 0.000000
f 1//1 2//1 3//1
f 3//2 2//2 4//2
f 5//3 6//3 7//3
f 6//4 8//4 7//4
f 7//5 9//5 10//5
f 8//6 9//6 7//6
f 9//7 11//7 10//7
f 5//8 12//8 6//8
f 10//9 13//9 14//9
f 11//10 13//10 10//10
f 12//11 15//11 6//11
f 6//12 15//12 8//12
f 8//13 16//13 9//13
f 15//14 16//14 8//14
f 13//15 17//15 14//15
f 9//16 18//16 11//16
f 16//17 18//17 9//17
f 5//18 19//18 12//18
f 18//19 20//19 11//19
f 11//20 20//20 13//20
f 14//21 21//21 3//21
f 17//22 21//22 14//22
f 19//23 22//23 12//23
f 12//24 22//24 15//24
f 22//25 23//25 15//25
f 15//26 23//26 16//26
f 13//27 24//27 17//27
f 20//28 24//28 13//28
f 16//29 25//29 18//29
f 23//30 25//30 16//30
f 21//31 26//31 3//31
f 5//32 27//32 19//32
f 18//33 28//33 20//33
f 25//34 28//34 18//34
f 24//35 29//35 17//35
f 17//36 29//36 21//36
f 27//37 30//37 19//37
f 19//38 30//38 22//38
f 22//39 31//39 23//39
f 30//40 31//40 22//40
f 28//41 32//41 20//41
f 20//42 32//42 24//42
f 23//43 33//43 25//43
f 31//44 33//44 23//44
f 26//45 34//45 3//45
f 21//46 34//46 26//46
f 29//47 34//47 21//47
f 35//48 36//48 5//48
f 5//49 36//49 27//49
f 25//50 37//50 28//50
f 33//51 37//51 25//51
f 24//52 38//52 29//52
f 32//53 38//53 24//53
f 36//54 39//54 27//54
f 27//55 39//55 30//55
f 39//56 40//56 30//56
f 30//57 40//57 31//57
f 28//58 41//58 32//58
f 37//59 41//59 28//59
f 40//60 42//60 31//60
f 31//61 42//61 33//61
f 34//62 43//62 3//62
f 29//63 43//63 34//63
f 38//64 43//64 29//64
f 35//65 44//65 36//65
f 33//66 45//66 37//66
f 37//67 45//67 41//67
f 42//68 45//68 33//68
f 41//69 46//69 32//69
f 32//70 46//70 38//70
f 44//71 47//71 36//71
f 36//72 47//72 39//72
f 47//73 48//73 39//73
f 39//74 48//74 40//74
f 45//75 49//75 41//75
f 48//76 50//76 40//76
f 40//77 50//77 42//77
f 38//78 51//78 43//78
f 46//79 51//79 38//79
f 43//80 51//80 3//80
f 35//81 52//81 44//81
f 50//82 53//82 42//82
f 42//83 53//83 45//83
f 45//84 53//84 49//84
f 41//85 54//85 46//85
f 49//86 54//86 41//86
f 52//87 55//87 44//87
f 44//88 55//88 47//88
f 47//89 56//89 48//89
f 55//90 56//90 47//90
f 53//91 57//91 49//91
f 48//92 58//92 50//92
f 56//93 58//93 48//93
f 51//94 59//94 3//94
f 3//95 59//95 1//95
f 46//96 59//96 51//96
f 54//97 59//97 46//97
f 35//98 60//98 52//98
f 58//99 61//99 50//99
f 50//100 61//100 53//100
f 49//101 62//101 54//101
f 57//102 62//102 49//102
f 54//103 62//103 59//103
f 60//104 63//104 52//104
f 52//105 63//105 55//105
f 63//106 64//106 55//106
f 55//107 64//107 56//107
f 53//108 65//108 57//108
f 61//109 65//109 53//109
f 56//110 66//110 58//110
f 64//111 66//111 56//111
f 59//112 67//112 1//112
f 62//113 67//113 59//113
f 35//114 68//114 60//114
f 58//115 69//115 61//115
f 66//116 69//116 58//116
f 65//117 70//117 57//117
f 57//118 70//118 62//118
f 60//119 71//119 63//119
f 68//120 71//120 60//120
f 63//121 72//121 64//121
f 64//122 72//122 66//122
f 71//123 72//123 63//123
f 73//124 74//124 35//124
f 35//125 74//125 68//125
f 69//126 75//126 61//126
f 61//127 75//127 65//127
f 73//128 76//128 74//128
f 74//129 76//129 68//129
f 68//130 76//130 71//130
f 72//131 77//131 66//131
f 70//132 78//132 62//132
f 67//133 78//133 1//133
f 62//134 78//134 67//134
f 76//135 79//135 71//135
f 71//136 79//136 72//136
f 80//137 79//137 73//137
f 73//138 79//138 76//138
f 72//139 79//139 77//139
f 77//140 81//140 66//140
f 66//141 81//141 69//141
f 75//142 82//142 65//142
f 65//143 82//143 70//143
f 79//144 83//144 77//144
f 80//145 83//145 79//145
f 81//146 84//146 69//146
f 69//147 84//147 75//147
f 85//148 86//148 80//148
f 80//149 86//149 83//149
f 77//150 86//150 81//150
f 83//151 86//151 77//151
f 78//152 87//152 1//152
f 82//153 87//153 70//153
f 70//154 87//154 78//154
f 81//155 88//155 84//155
f 86//156 88//156 81//156
f 85//157 88//157 86//157
f 84//158 89//158 75//158
f 75//159 89//159 82//159
f 85//160 90//160 88//160
f 1//161 90//161 85//161
f 88//162 90//162 84//162
f 84//163 90//163 89//163
f 87//164 91//164 1//164
f 82//165 91//165 87//165
f 89//166 91//166 82//166
f 90//167 91//167 89//167
f 91//168 92//168 1//168
f 1//169 92//169 90//169
f 90//170 92//170 91//170
f 4//171 93//171 94//171
f 93//172 95//172 94//172
f 4//173 96//173 93//173
f 94//174 97//174 98//174
f 95//175 97//175 94//175
f 97//176 99//176 98//176
f 93//177 100//177 95//177
f 96//178 100//178 93//178
f 98//179 101//179 102//179
f 99//180 101//180 98//180
f 4//181 103//181 96//181
f 95//182 104//182 97//182
f 100//183 104//183 95//183
f 101//184 105//184 102//184
f 102//185 106//185 107//185
f 105//186 106//186 102//186
f 97//187 108//187 99//187
f 104//188 108//188 97//188
f 96//189 109//189 100//189
f 103//190 109//190 96//190
f 99//191 110//191 101//191
f 108//192 110//192 99//192
f 4//193 111//193 103//193
f 100//194 112//194 104//194
f 109//195 112//195 100//195
f 101//196 113//196 105//196
f 110//197 113//197 101//197
f 106//198 114//198 107//198
f 105//199 114//199 106//199
f 113//200 114//200 105//200
f 104//201 115//201 108//201
f 112//202 115//202 104//202
f 103//203 116//203 109//203
f 111//204 116//204 103//204
f 108//205 117//205 110//205
f 115//206 117//206 108//206
f 2//207 118//207 4//207
f 4//208 118//208 111//208
f 116//209 119//209 109//209
f 109//210 119//210 112//210
f 110//211 120//211 113//211
f 117//212 120//212 110//212
f 114//213 121//213 107//213
f 113//214 121//214 114//214
f 120//215 121//215 113//215
f 112//216 122//216 115//216
f 119//217 122//217 112//217
f 111//218 123//218 116//218
f 118//219 123//219 111//219
f 115//220 124//220 117//220
f 122//221 124//221 115//221
f 2//222 125//222 118//222
f 116//223 126//223 119//223
f 123//224 126//224 116//224
f 117//225 127//225 120//225
f 124//226 127//226 117//226
f 127//227 128//227 120//227
f 121//228 128//228 107//228
f 120//229 128//229 121//229
f 126//230 129//230 119//230
f 119//231 129//231 122//231
f 125//232 130//232 118//232
f 118//233 130//233 123//233
f 122//234 131//234 124//234
f 129//235 131//235 122//235
f 2//236 132//236 125//236
f 130//237 133//237 123//237
f 123//238 133//238 126//238
f 131//239 134//239 124//239
f 124//240 134//240 127//240
f 134//241 135//241 127//241
f 127//242 135//242 128//242
f 133//243 136//243 126//243
f 126//244 136//244 129//244
f 132//245 137//245 125//245
f 125//246 137//246 130//246
f 129//247 138//247 131//247
f 136//248 138//248 129//248
f 2//249 139//249 132//249
f 130//250 140//250 133//250
f 137//251 140//251 130//251
f 131//252 141//252 134//252
f 134//253 141//253 135//253
f 138//254 141//254 131//254
f 141//255 142//255 135//255
f 140//256 143//256 133//256
f 133//257 143//257 136//257
f 132//258 144//258 137//258
f 139//259 144//259 132//259
f 143//260 145//260 136//260
f 136//261 145//261 138//261
f 138//262 145//262 141//262
f 2//263 146//263 139//263
f 139//264 146//264 144//264
f 144//265 147//265 137//265
f 137//266 147//266 140//266
f 145//267 148//267 141//267
f 141//268 149//268 142//268
f 148//269 149//269 141//269
f 150//270 151//270 2//270
f 2//271 151//271 146//271
f 140//272 152//272 143//272
f 147//273 152//273 140//273
f 107//274 153//274 154//274
f 128//275 153//275 107//275
f 142//276 153//276 135//276
f 149//277 153//277 142//277
f 135//278 153//278 128//278
f 144//279 155//279 147//279
f 146//280 155//280 144//280
f 143//281 156//281 145//281
f 152//282 156//282 143//282
f 150//283 157//283 151//283
f 151//284 157//284 146//284
f 146//285 157//285 155//285
f 155//286 158//286 147//286
f 157//287 158//287 155//287
f 145//288 159//288 148//288
f 156//289 159//289 145//289
f 148//290 160//290 149//290
f 159//291 160//291 148//291
f 147//292 161//292 152//292
f 158//293 161//293 147//293
f 160//294 162//294 149//294
f 153//295 162//295 154//295
f 149//296 162//296 153//296
f 163//297 164//297 150//297
f 150//298 164//298 157//298
f 157//299 164//299 158//299
f 161//300 165//300 152//300
f 152//301 165//301 156//301
f 164//302 166//302 158//302
f 163//303 166//303 164//303
f 158//304 166//304 161//304
f 165//305 167//305 156//305
f 156//306 167//306 159//306
f 168//307 169//307 163//307
f 163//308 169//308 166//308
f 166//309 169//309 161//309
f 165//310 169//310 167//310
f 161//311 169//311 165//311
f 159//312 170//312 160//312
f 167//313 170//313 159//313
f 162//314 171//314 154//314
f 170//315 171//315 160//315
f 160//316 171//316 162//316
f 168//317 172//317 169//317
f 169//318 172//318 167//318
f 154//319 173//319 168//319
f 168//320 173//320 172//320
f 167//321 173//321 170//321
f 172//322 173//322 167//322
f 154//323 174//323 173//323
f 171//324 174//324 154//324
f 170//325 174//325 171//325
f 173//326 174//326 170//326
f 175//327 176//327 177//327
f 177//328 176//328 178//328
f 179//329 180//329 181//329
f 175//330 182//330 176//330
f 182//331 183//331 176//331
f 179//332 184//332 180//332
f 182//333 185//333 183//333
f 185//334 186//334 183//334
f 187//335 188//335 189//335
f 189//336 188//336 190//336
f 190//337 188//337 191//337
f 192//338 193//338 185//338
f 185//339 193//339 186//339
f 180//340 194//340 195//340
f 184//341 194//341 180//341
f 195//342 196//342 197//342
f 197//343 196//343 198//343
f 194//344 196//344 195//344
f 199//345 200//345 187//345
f 187//346 200//346 188//346
f 201//347 202//347 203//347
f 196//348 204//348 198//348
f 192//349 205//349 193//349
f 206//350 205//350 192//350
f 199//351 207//351 200//351
f 199//352 208//352 207//352
f 209//353 208//353 199//353
f 204//354 210//354 198//354
f 198//355 210//355 211//355
f 202//356 212//356 203//356
f 209//357 213//357 208//357
f 214//358 213//358 209//358
f 203//359 215//359 216//359
f 212//360 215//360 203//360
f 217//361 218//361 219//361
f 219//362 218//362 220//362
f 220//363 218//363 221//363
f 216//364 222//364 223//364
f 223//365 222//365 224//365
f 215//366 222//366 216//366
f 222//367 225//367 224//367
f 217//368 226//368 218//368
f 227//369 226//369 217//369
f 227//370 228//370 226//370
f 229//371 230//371 227//371
f 227//372 230//372 228//372
f 224//373 231//373 232//373
f 225//374 231//374 224//374
f 233//375 234//375 235//375
f 229//376 236//376 230//376
f 237//377 236//377 229//377
f 234//378 238//378 235//378
f 235//379 239//379 240//379
f 238//380 239//380 235//380
f 240//381 241//381 242//381
f 242//382 241//382 243//382
f 239//383 241//383 240//383
f 241//384 244//384 243//384
f 245//385 246//385 247//385
f 247//386 246//386 248//386
f 248//387 246//387 249//387
f 243//388 250//388 251//388
f 244//389 250//389 243//389
f 245//390 252//390 246//390
f 253//391 252//391 245//391
f 253//392 254//392 252//392
f 253//393 255//393 254//393
f 256//394 255//394 253//394
f 256//395 257//395 255//395
f 258//396 257//396 256//396
f 259//397 260//397 261//397
f 206//398 262//398 205//398
f 211//399 262//399 206//399
f 262//400 263//400 205//400
f 205//401 263//401 214//401
f 210//402 264//402 211//402
f 211//403 264//403 262//403
f 263//404 265//404 214//404
f 214//405 265//405 213//405
f 232//406 266//406 210//406
f 210//407 266//407 264//407
f 260//408 267//408 261//408
f 213//409 268//409 237//409
f 237//410 268//410 236//410
f 265//411 268//411 213//411
f 231//412 269//412 232//412
f 232//413 269//413 266//413
f 267//414 270//414 261//414
f 261//415 270//415 271//415
f 272//416 273//416 274//416
f 270//417 273//417 271//417
f 271//418 273//418 272//418
f 268//419 275//419 236//419
f 236//420 275//420 258//420
f 273//421 276//421 274//421
f 251//422 277//422 231//422
f 231//423 277//423 269//423
f 250//424 277//424 251//424
f 274//425 278//425 279//425
f 276//426 278//426 274//426
f 280//427 281//427 282//427
f 282//428 281//428 283//428
f 283//429 281//429 284//429
f 258//430 285//430 257//430
f 275//431 285//431 258//431
f 279//432 286//432 250//432
f 250//433 286//433 277//433
f 280//434 287//434 281//434
f 288//435 287//435 280//435
f 288//436 289//436 287//436
f 290//437 291//437 288//437
f 288//438 291//438 289//438
f 292//439 293//439 290//439
f 290//440 293//440 291//440
f 257//441 294//441 292//441
f 285//442 294//442 257//442
f 292//443 294//443 293//443
f 278//444 295//444 279//444
f 279//445 295//445 286//445
f 294//446 296//446 293//446
f 278//447 297//447 295//447
f 298//448 297//448 278//448
f 296//449 299//449 293//449
f 296//450 300//450 299//450
f 301//451 302//451 303//451
f 302//452 304//452 303//452
f 298//453 305//453 297//453
f 297//454 305//454 306//454
f 304//455 307//455 303//455
f 303//456 307//456 308//456
f 298//457 309//457 305//457
f 310//458 309//458 298//458
f 307//459 311//459 308//459
f 310//460 311//460 309//460
f 308//461 311//461 312//461
f 312//462 311//462 310//462
f 300//463 313//463 299//463
f 314//464 313//464 300//464
f 299//465 313//465 315//465
f 316//466 317//466 318//466
f 318//467 317//467 319//467
f 319//468 317//468 320//468
f 313//469 321//469 315//469
f 315//470 321//470 322//470
f 322//471 323//471 316//471
f 316//472 323//472 317//472
f 321//473 324//473 322//473
f 322//474 324//474 323//474
f 305//475 325//475 306//475
f 306//476 325//476 326//476
f 314//477 327//477 313//477
f 326//478 328//478 329//478
f 325//479 328//479 326//479
f 330//480 328//480 325//480
f 330//481 331//481 328//481
f 330//482 332//482 331//482
f 333//483 332//483 334//483
f 334//484 332//484 330//484
f 335//485 336//485 337//485
f 333//486 338//486 332//486
f 337//487 338//487 333//487
f 336//488 339//488 337//488
f 337//489 339//489 338//489
f 327//490 340//490 341//490
f 342//491 340//491 314//491
f 314//492 340//492 327//492
f 341//493 343//493 344//493
f 340//494 343//494 341//494
f 328//495 345//495 329//495
f 343//496 346//496 344//496
f 344//497 347//497 348//497
f 346//498 347//498 344//498
f 348//499 349//499 350//499
f 350//500 349//500 351//500
f 347//501 349//501 348//501
f 349//502 352//502 351//502
f 342//503 353//503 340//503
f 354//504 353//504 342//504
f 329//505 355//505 356//505
f 345//506 355//506 329//506
f 357//507 358//507 354//507
f 354//508 358//508 353//508
f 345//509 359//509 355//509
f 360//510 359//510 345//510
f 360//511 361//511 359//511
f 362//512 361//512 363//512
f 363//513 361//513 360//513
f 355//514 364//514 356//514
f 356//515 364//515 365//515
f 362//516 366//516 361//516
f 367//517 366//517 362//517
f 367//518 368//518 366//518
f 358//519 154//519 353//519
f 353//520 154//520 35//520
f 35//521 154//521 73//521
f 369//522 370//522 357//522
f 357//523 370//523 358//523
f 154//524 168//524 73//524
f 371//525 372//525 367//525
f 367//526 372//526 368//526
f 73//527 163//527 80//527
f 168//528 163//528 73//528
f 80//529 150//529 85//529
f 85//530 150//530 1//530
f 163//531 150//531 80//531
f 365//532 373//532 374//532
f 375//533 373//533 364//533
f 364//534 373//534 365//534
f 150//535 2//535 1//535
f 369//536 376//536 370//536
f 373//537 377//537 374//537
f 378//538 379//538 369//538
f 369//539 379//539 376//539
f 375//540 380//540 373//540
f 374//541 381//541 382//541
f 377//542 381//542 374//542
f 375//543 383//543 380//543
f 384//544 383//544 385//544
f 385//545 383//545 375//545
f 382//546 386//546 378//546
f 378//547 386//547 379//547
f 381//548 386//548 382//548
f 370//549 387//549 388//549
f 388//550 387//550 389//550
f 376//551 387//551 370//551
f 384//552 390//552 383//552
f 391//553 390//553 384//553
f 387//554 392//554 389//554
f 389//555 393//555 394//555
f 392//556 393//556 389//556
f 391//557 395//557 390//557
f 377//558 396//558 381//558
f 397//559 396//559 377//559
f 386//560 398//560 379//560
f 379//561 398//561 399//561
f 399//562 398//562 400//562
f 397//563 401//563 396//563
f 402//564 401//564 403//564
f 403//565 401//565 397//565
f 394//566 404//566 405//566
f 393//567 404//567 394//567
f 398//568 406//568 400//568
f 391//569 407//569 395//569
f 408//570 407//570 391//570
f 404//571 409//571 405//571
f 402//572 410//572 401//572
f 400//573 411//573 412//573
f 406//574 411//574 400//574
f 402//575 413//575 410//575
f 404//576 414//576 409//576
f 413//577 415//577 410//577
f 412//578 416//578 417//578
f 411//579 416//579 412//579
f 418//580 419//580 413//580
f 413//581 419//581 415//581
f 416//582 420//582 417//582
f 416//583 421//583 420//583
f 422//584 423//584 424//584
f 422//585 424//585 425//585
f 426//586 427//586 428//586
f 429//587 423//587 422//587
f 430//588 429//588 422//588
f 431//589 427//589 426//589
f 432//590 429//590 430//590
f 433//591 432//591 430//591
f 434//592 435//592 436//592
f 434//593 436//593 437//593
f 434//594 437//594 438//594
f 439//595 440//595 432//595
f 439//596 432//596 433//596
f 441//597 426//597 442//597
f 441//598 431//598 426//598
f 443//599 442//599 444//599
f 443//600 444//600 445//600
f 443//601 441//601 442//601
f 446//602 447//602 435//602
f 446//603 435//603 434//603
f 448//604 449//604 450//604
f 451//605 443//605 445//605
f 452//606 440//606 439//606
f 452//607 453//607 440//607
f 454//608 447//608 446//608
f 455//609 447//609 454//609
f 455//610 456//610 447//610
f 457//611 451//611 445//611
f 457//612 445//612 458//612
f 459//613 448//613 450//613
f 460//614 456//614 455//614
f 460//615 461//615 456//615
f 462//616 450//616 463//616
f 462//617 459//617 450//617
f 464//618 465//618 466//618
f 464//619 466//619 467//619
f 464//620 467//620 468//620
f 469//621 463//621 470//621
f 469//622 470//622 471//622
f 469//623 462//623 463//623
f 472//624 469//624 471//624
f 473//625 465//625 464//625
f 473//626 474//626 465//626
f 475//627 474//627 473//627
f 476//628 477//628 474//628
f 476//629 474//629 475//629
f 478//630 471//630 479//630
f 478//631 472//631 471//631
f 480//632 481//632 482//632
f 483//633 477//633 476//633
f 483//634 484//634 477//634
f 485//635 480//635 482//635
f 486//636 482//636 487//636
f 486//637 485//637 482//637
f 488//638 487//638 489//638
f 488//639 489//639 490//639
f 488//640 486//640 487//640
f 491//641 488//641 490//641
f 492//642 493//642 494//642
f 492//643 494//643 495//643
f 492//644 495//644 496//644
f 497//645 490//645 498//645
f 497//646 491//646 490//646
f 499//647 493//647 492//647
f 499//648 500//648 493//648
f 501//649 500//649 499//649
f 502//650 500//650 501//650
f 502//651 503//651 500//651
f 504//652 503//652 502//652
f 504//653 505//653 503//653
f 506//654 507//654 508//654
f 509//655 453//655 452//655
f 509//656 458//656 453//656
f 510//657 509//657 452//657
f 510//658 452//658 461//658
f 511//659 457//659 458//659
f 511//660 458//660 509//660
f 512//661 510//661 461//661
f 512//662 461//662 460//662
f 513//663 479//663 457//663
f 513//664 457//664 511//664
f 514//665 506//665 508//665
f 515//666 460//666 484//666
f 515//667 484//667 483//667
f 515//668 512//668 460//668
f 516//669 478//669 479//669
f 516//670 479//670 513//670
f 517//671 514//671 508//671
f 517//672 508//672 518//672
f 519//673 520//673 521//673
f 519//674 517//674 518//674
f 519//675 518//675 520//675
f 522//676 515//676 483//676
f 522//677 483//677 505//677
f 523//678 519//678 521//678
f 524//679 498//679 478//679
f 524//680 478//680 516//680
f 524//681 497//681 498//681
f 525//682 521//682 526//682
f 525//683 523//683 521//683
f 527//684 528//684 529//684
f 527//685 529//685 530//685
f 527//686 530//686 531//686
f 532//687 505//687 504//687
f 532//688 522//688 505//688
f 533//689 526//689 497//689
f 533//690 497//690 524//690
f 534//691 528//691 527//691
f 534//692 535//692 528//692
f 536//693 535//693 534//693
f 537//694 538//694 535//694
f 537//695 535//695 536//695
f 539//696 540//696 538//696
f 539//697 538//697 537//697
f 541//698 504//698 540//698
f 541//699 532//699 504//699
f 541//700 540//700 539//700
f 542//701 525//701 526//701
f 542//702 526//702 533//702
f 543//703 541//703 539//703
f 544//704 525//704 542//704
f 544//705 545//705 525//705
f 546//706 543//706 539//706
f 547//707 543//707 546//707
f 548//708 549//708 550//708
f 551//709 548//709 550//709
f 552//710 545//710 544//710
f 552//711 544//711 553//711
f 554//712 551//712 550//712
f 554//713 550//713 555//713
f 556//714 545//714 552//714
f 556//715 557//715 545//715
f 558//716 554//716 555//716
f 558//717 557//717 556//717
f 558//718 555//718 559//718
f 558//719 559//719 557//719
f 560//720 547//720 546//720
f 560//721 561//721 547//721
f 560//722 546//722 562//722
f 563//723 564//723 565//723
f 563//724 565//724 566//724
f 563//725 566//725 567//725
f 568//726 560//726 562//726
f 568//727 562//727 569//727
f 570//728 569//728 564//728
f 570//729 564//729 563//729
f 571//730 568//730 569//730
f 571//731 569//731 570//731
f 572//732 552//732 553//732
f 572//733 553//733 573//733
f 574//734 561//734 560//734
f 575//735 573//735 576//735
f 575//736 572//736 573//736
f 575//737 577//737 572//737
f 578//738 577//738 575//738
f 579//739 577//739 578//739
f 579//740 580//740 581//740
f 579//741 581//741 577//741
f 582//742 583//742 584//742
f 585//743 580//743 579//743
f 585//744 584//744 580//744
f 586//745 582//745 584//745
f 586//746 584//746 585//746
f 587//747 574//747 588//747
f 587//748 589//748 561//748
f 587//749 561//749 574//749
f 590//750 588//750 591//750
f 590//751 587//751 588//751
f 592//752 575//752 576//752
f 593//753 590//753 591//753
f 594//754 591//754 595//754
f 594//755 593//755 591//755
f 596//756 595//756 597//756
f 596//757 597//757 598//757
f 596//758 594//758 595//758
f 599//759 596//759 598//759
f 600//760 589//760 587//760
f 600//761 601//761 589//761
f 602//762 576//762 603//762
f 602//763 592//763 576//763
f 604//764 605//764 601//764
f 604//765 601//765 600//765
f 606//766 592//766 602//766
f 606//767 607//767 592//767
f 608//768 607//768 606//768
f 608//769 609//769 610//769
f 608//770 610//770 607//770
f 611//771 602//771 603//771
f 611//772 603//772 612//772
f 613//773 609//773 608//773
f 613//774 614//774 609//774
f 615//775 614//775 613//775
f 107//776 604//776 600//776
f 107//777 600//777 5//777
f 107//778 5//778 7//778
f 616//779 617//779 605//779
f 616//780 605//780 604//780
f 102//781 107//781 7//781
f 618//782 619//782 614//782
f 618//783 614//783 615//783
f 98//784 7//784 10//784
f 98//785 102//785 7//785
f 94//786 10//786 14//786
f 94//787 14//787 3//787
f 94//788 98//788 10//788
f 620//789 612//789 621//789
f 620//790 622//790 611//790
f 620//791 611//791 612//791
f 4//792 94//792 3//792
f 623//793 617//793 616//793
f 624//794 620//794 621//794
f 625//795 626//795 617//795
f 625//796 617//796 623//796
f 627//797 622//797 620//797
f 628//798 621//798 629//798
f 628//799 624//799 621//799
f 630//800 622//800 627//800
f 630//801 631//801 632//801
f 630//802 632//802 622//802
f 633//803 629//803 626//803
f 633//804 626//804 625//804
f 633//805 628//805 629//805
f 634//806 616//806 635//806
f 634//807 635//807 636//807
f 634//808 623//808 616//808
f 637//809 631//809 630//809
f 637//810 638//810 631//810
f 639//811 634//811 636//811
f 640//812 636//812 641//812
f 640//813 639//813 636//813
f 642//814 638//814 637//814
f 643//815 624//815 628//815
f 643//816 644//816 624//816
f 645//817 633//817 625//817
f 645//818 625//818 646//818
f 645//819 646//819 647//819
f 648//820 644//820 643//820
f 648//821 649//821 650//821
f 648//822 650//822 644//822
f 651//823 641//823 652//823
f 651//824 640//824 641//824
f 653//825 645//825 647//825
f 654//826 638//826 642//826
f 654//827 655//827 638//827
f 656//828 651//828 652//828
f 657//829 649//829 648//829
f 658//830 647//830 659//830
f 658//831 653//831 647//831
f 660//832 649//832 657//832
f 661//833 651//833 656//833
f 662//834 660//834 657//834
f 663//835 659//835 664//835
f 663//836 658//836 659//836
f 665//837 666//837 660//837
f 665//838 660//838 662//838
f 667//839 663//839 664//839
f 668//840 663//840 667//840
f 353//841 35//841 600//841
f 600//842 35//842 5//842
f 154//843 358//843 107//843
f 107//844 358//844 604//844
f 340//845 353//845 587//845
f 587//846 353//846 600//846
f 358//847 370//847 604//847
f 604//848 370//848 616//848
f 343//849 340//849 590//849
f 590//850 340//850 587//850
f 370//851 388//851 616//851
f 616//852 388//852 635//852
f 599//853 669//853 596//853
f 669//854 670//854 596//854
f 599//855 671//855 669//855
f 596//856 672//856 594//856
f 670//857 672//857 596//857
f 672//858 673//858 594//858
f 669//859 674//859 670//859
f 671//860 674//860 669//860
f 594//861 675//861 593//861
f 673//862 675//862 594//862
f 599//863 676//863 671//863
f 670//864 677//864 672//864
f 674//865 677//865 670//865
f 675//866 678//866 593//866
f 593//867 679//867 590//867
f 678//868 679//868 593//868
f 672//869 680//869 673//869
f 677//870 680//870 672//870
f 671//871 681//871 674//871
f 676//872 681//872 671//872
f 673//873 682//873 675//873
f 680//874 682//874 673//874
f 599//875 683//875 676//875
f 674//876 684//876 677//876
f 681//877 684//877 674//877
f 675//878 685//878 678//878
f 678//879 685//879 679//879
f 682//880 685//880 675//880
f 679//881 686//881 590//881
f 685//882 686//882 679//882
f 677//883 687//883 680//883
f 684//884 687//884 677//884
f 676//885 688//885 681//885
f 683//886 688//886 676//886
f 680//887 689//887 682//887
f 687//888 689//888 680//888
f 352//889 690//889 599//889
f 599//890 690//890 683//890
f 688//891 691//891 681//891
f 681//892 691//892 684//892
f 682//893 692//893 685//893
f 689//894 692//894 682//894
f 686//895 693//895 590//895
f 685//896 693//896 686//896
f 692//897 693//897 685//897
f 684//898 694//898 687//898
f 691//899 694//899 684//899
f 683//900 695//900 688//900
f 690//901 695//901 683//901
f 687//902 696//902 689//902
f 694//903 696//903 687//903
f 352//904 697//904 690//904
f 688//905 698//905 691//905
f 695//906 698//906 688//906
f 689//907 699//907 692//907
f 696//908 699//908 689//908
f 699//909 700//909 692//909
f 693//910 700//910 590//910
f 692//911 700//911 693//911
f 694//912 701//912 696//912
f 698//913 701//913 691//913
f 691//914 701//914 694//914
f 697//915 702//915 690//915
f 690//916 702//916 695//916
f 695//917 702//917 698//917
f 701//918 703//918 696//918
f 352//919 704//919 697//919
f 702//920 705//920 698//920
f 703//921 706//921 696//921
f 696//922 706//922 699//922
f 706//923 707//923 699//923
f 699//924 707//924 700//924
f 705//925 708//925 698//925
f 698//926 708//926 701//926
f 704//927 709//927 697//927
f 697//928 709//928 702//928
f 701//929 710//929 703//929
f 708//930 710//930 701//930
f 703//931 710//931 706//931
f 352//932 711//932 704//932
f 702//933 712//933 705//933
f 709//934 712//934 702//934
f 710//935 713//935 706//935
f 706//936 714//936 707//936
f 713//937 714//937 706//937
f 705//938 715//938 708//938
f 712//939 715//939 705//939
f 704//940 716//940 709//940
f 711//941 716//941 704//941
f 715//942 717//942 708//942
f 708//943 717//943 710//943
f 352//944 718//944 711//944
f 709//945 719//945 712//945
f 716//946 719//946 709//946
f 710//947 720//947 713//947
f 717//948 720//948 710//948
f 713//949 721//949 714//949
f 720//950 721//950 713//950
f 349//951 722//951 352//951
f 352//952 722//952 718//952
f 712//953 723//953 715//953
f 719//954 723//954 712//954
f 715//955 723//955 717//955
f 590//956 724//956 343//956
f 700//957 724//957 590//957
f 714//958 724//958 707//958
f 721//959 724//959 714//959
f 707//960 724//960 700//960
f 711//961 725//961 716//961
f 718//962 725//962 711//962
f 723//963 726//963 717//963
f 349//964 727//964 722//964
f 722//965 727//965 718//965
f 718//966 727//966 725//966
f 716//967 728//967 719//967
f 725//968 728//968 716//968
f 717//969 729//969 720//969
f 726//970 729//970 717//970
f 720//971 730//971 721//971
f 721//972 730//972 724//972
f 729//973 730//973 720//973
f 719//974 731//974 723//974
f 728//975 731//975 719//975
f 724//976 732//976 343//976
f 730//977 732//977 724//977
f 347//978 733//978 349//978
f 349//979 733//979 727//979
f 727//980 733//980 725//980
f 725//981 733//981 728//981
f 731//982 734//982 723//982
f 723//983 734//983 726//983
f 726//984 734//984 729//984
f 728//985 735//985 731//985
f 733//986 735//986 728//986
f 731//987 735//987 734//987
f 347//988 735//988 733//988
f 734//989 736//989 729//989
f 346//990 737//990 347//990
f 347//991 737//991 735//991
f 735//992 737//992 734//992
f 729//993 738//993 730//993
f 736//994 738//994 729//994
f 732//995 739//995 343//995
f 730//996 739//996 732//996
f 738//997 739//997 730//997
f 734//998 740//998 736//998
f 346//999 740//999 737//999
f 737//1000 740//1000 734//1000
f 343//1001 741//1001 346//1001
f 740//1002 741//1002 736//1002
f 346//1003 741//1003 740//1003
f 736//1004 741//1004 738//1004
f 739//1005 742//1005 343//1005
f 738//1006 742//1006 739//1006
f 343//1007 742//1007 741//1007
f 741//1008 742//1008 738//1008
f 635//1009 743//1009 636//1009
f 743//1010 744//1010 636//1010
f 636//1011 745//1011 641//1011
f 744//1012 745//1012 636//1012
f 745//1013 746//1013 641//1013
f 635//1014 747//1014 743//1014
f 641//1015 748//1015 652//1015
f 746//1016 748//1016 641//1016
f 747//1017 749//1017 743//1017
f 743//1018 749//1018 744//1018
f 744//1019 750//1019 745//1019
f 749//1020 750//1020 744//1020
f 748//1021 751//1021 652//1021
f 745//1022 752//1022 746//1022
f 750//1023 752//1023 745//1023
f 635//1024 753//1024 747//1024
f 752//1025 754//1025 746//1025
f 746//1026 754//1026 748//1026
f 652//1027 755//1027 656//1027
f 751//1028 755//1028 652//1028
f 753//1029 756//1029 747//1029
f 747//1030 756//1030 749//1030
f 756//1031 757//1031 749//1031
f 749//1032 757//1032 750//1032
f 748//1033 758//1033 751//1033
f 754//1034 758//1034 748//1034
f 750//1035 759//1035 752//1035
f 757//1036 759//1036 750//1036
f 755//1037 760//1037 656//1037
f 635//1038 761//1038 753//1038
f 752//1039 762//1039 754//1039
f 759//1040 762//1040 752//1040
f 758//1041 763//1041 751//1041
f 751//1042 763//1042 755//1042
f 761//1043 764//1043 753//1043
f 753//1044 764//1044 756//1044
f 756//1045 765//1045 757//1045
f 764//1046 765//1046 756//1046
f 762//1047 766//1047 754//1047
f 754//1048 766//1048 758//1048
f 757//1049 767//1049 759//1049
f 765//1050 767//1050 757//1050
f 760//1051 768//1051 656//1051
f 755//1052 768//1052 760//1052
f 763//1053 768//1053 755//1053
f 388//1054 769//1054 635//1054
f 635//1055 769//1055 761//1055
f 759//1056 770//1056 762//1056
f 767//1057 770//1057 759//1057
f 758//1058 771//1058 763//1058
f 766//1059 771//1059 758//1059
f 769//1060 772//1060 761//1060
f 761//1061 772//1061 764//1061
f 772//1062 773//1062 764//1062
f 764//1063 773//1063 765//1063
f 762//1064 774//1064 766//1064
f 770//1065 774//1065 762//1065
f 773//1066 775//1066 765//1066
f 765//1067 775//1067 767//1067
f 768//1068 776//1068 656//1068
f 763//1069 776//1069 768//1069
f 771//1070 776//1070 763//1070
f 388//1071 777//1071 769//1071
f 767//1072 778//1072 770//1072
f 775//1073 778//1073 767//1073
f 774//1074 779//1074 766//1074
f 766//1075 779//1075 771//1075
f 777//1076 780//1076 769//1076
f 769//1077 780//1077 772//1077
f 780//1078 781//1078 772//1078
f 773//1079 781//1079 775//1079
f 772//1080 781//1080 773//1080
f 770//1081 782//1081 774//1081
f 778//1082 782//1082 770//1082
f 781//1083 783//1083 775//1083
f 771//1084 784//1084 776//1084
f 779//1085 784//1085 771//1085
f 776//1086 784//1086 656//1086
f 388//1087 785//1087 777//1087
f 775//1088 786//1088 778//1088
f 783//1089 786//1089 775//1089
f 774//1090 787//1090 779//1090
f 782//1091 787//1091 774//1091
f 785//1092 788//1092 777//1092
f 777//1093 788//1093 780//1093
f 780//1094 789//1094 781//1094
f 788//1095 789//1095 780//1095
f 778//1096 790//1096 782//1096
f 786//1097 790//1097 778//1097
f 781//1098 791//1098 783//1098
f 789//1099 791//1099 781//1099
f 784//1100 792//1100 656//1100
f 656//1101 792//1101 409//1101
f 779//1102 792//1102 784//1102
f 787//1103 792//1103 779//1103
f 388//1104 793//1104 785//1104
f 791//1105 794//1105 783//1105
f 783//1106 794//1106 786//1106
f 786//1107 794//1107 790//1107
f 782//1108 795//1108 787//1108
f 790//1109 795//1109 782//1109
f 787//1110 795//1110 792//1110
f 793//1111 796//1111 785//1111
f 785//1112 796//1112 788//1112
f 796//1113 797//1113 788//1113
f 788//1114 797//1114 789//1114
f 794//1115 798//1115 790//1115
f 789//1116 799//1116 791//1116
f 797//1117 799//1117 789//1117
f 792//1118 800//1118 409//1118
f 795//1119 800//1119 792//1119
f 388//1120 801//1120 793//1120
f 791//1121 802//1121 794//1121
f 799//1122 802//1122 791//1122
f 790//1123 803//1123 795//1123
f 798//1124 803//1124 790//1124
f 793//1125 804//1125 796//1125
f 801//1126 804//1126 793//1126
f 796//1127 805//1127 797//1127
f 797//1128 805//1128 799//1128
f 804//1129 805//1129 796//1129
f 389//1130 806//1130 388//1130
f 388//1131 806//1131 801//1131
f 802//1132 807//1132 794//1132
f 794//1133 807//1133 798//1133
f 389//1134 808//1134 806//1134
f 806//1135 808//1135 801//1135
f 801//1136 808//1136 804//1136
f 805//1137 809//1137 799//1137
f 800//1138 810//1138 409//1138
f 795//1139 810//1139 800//1139
f 803//1140 810//1140 795//1140
f 808//1141 811//1141 804//1141
f 804//1142 811//1142 805//1142
f 394//1143 811//1143 389//1143
f 389//1144 811//1144 808//1144
f 805//1145 811//1145 809//1145
f 809//1146 812//1146 799//1146
f 799//1147 812//1147 802//1147
f 807//1148 813//1148 798//1148
f 798//1149 813//1149 803//1149
f 803//1150 813//1150 810//1150
f 811//1151 814//1151 809//1151
f 394//1152 814//1152 811//1152
f 812//1153 815//1153 802//1153
f 802//1154 815//1154 807//1154
f 405//1155 816//1155 394//1155
f 394//1156 816//1156 814//1156
f 809//1157 816//1157 812//1157
f 814//1158 816//1158 809//1158
f 810//1159 817//1159 409//1159
f 813//1160 817//1160 810//1160
f 812//1161 818//1161 815//1161
f 816//1162 818//1162 812//1162
f 405//1163 818//1163 816//1163
f 815//1164 819//1164 807//1164
f 813//1165 819//1165 817//1165
f 818//1166 819//1166 815//1166
f 807//1167 819//1167 813//1167
f 818//1168 820//1168 819//1168
f 405//1169 820//1169 818//1169
f 409//1170 820//1170 405//1170
f 817//1171 821//1171 409//1171
f 819//1172 821//1172 817//1172
f 820//1173 822//1173 819//1173
f 409//1174 822//1174 820//1174
f 821//1175 822//1175 409//1175
f 819//1176 822//1176 821//1176
f 351//1177 352//1177 598//1177
f 598//1178 352//1178 599//1178
f 409//1179 414//1179 656//1179
f 656//1180 414//1180 661//1180
f 588//1181 823//1181 591//1181
f 823//1182 824//1182 591//1182
f 591//1183 825//1183 595//1183
f 824//1184 825//1184 591//1184
f 825//1185 826//1185 595//1185
f 588//1186 827//1186 823//1186
f 595//1187 828//1187 597//1187
f 826//1188 828//1188 595//1188
f 827//1189 829//1189 823//1189
f 823//1190 829//1190 824//1190
f 824//1191 830//1191 825//1191
f 829//1192 830//1192 824//1192
f 828//1193 831//1193 597//1193
f 825//1194 832//1194 826//1194
f 830//1195 832//1195 825//1195
f 588//1196 833//1196 827//1196
f 832//1197 834//1197 826//1197
f 826//1198 834//1198 828//1198
f 597//1199 835//1199 598//1199
f 831//1200 835//1200 597//1200
f 833//1201 836//1201 827//1201
f 827//1202 836//1202 829//1202
f 836//1203 837//1203 829//1203
f 829//1204 837//1204 830//1204
f 828//1205 838//1205 831//1205
f 834//1206 838//1206 828//1206
f 830//1207 839//1207 832//1207
f 837//1208 839//1208 830//1208
f 835//1209 840//1209 598//1209
f 588//1210 841//1210 833//1210
f 832//1211 842//1211 834//1211
f 839//1212 842//1212 832//1212
f 838//1213 843//1213 831//1213
f 831//1214 843//1214 835//1214
f 841//1215 844//1215 833//1215
f 833//1216 844//1216 836//1216
f 836//1217 845//1217 837//1217
f 844//1218 845//1218 836//1218
f 842//1219 846//1219 834//1219
f 834//1220 846//1220 838//1220
f 837//1221 847//1221 839//1221
f 845//1222 847//1222 837//1222
f 840//1223 848//1223 598//1223
f 835//1224 848//1224 840//1224
f 843//1225 848//1225 835//1225
f 341//1226 849//1226 588//1226
f 588//1227 849//1227 841//1227
f 839//1228 850//1228 842//1228
f 847//1229 850//1229 839//1229
f 838//1230 851//1230 843//1230
f 846//1231 851//1231 838//1231
f 849//1232 852//1232 841//1232
f 841//1233 852//1233 844//1233
f 852//1234 853//1234 844//1234
f 844//1235 853//1235 845//1235
f 842//1236 854//1236 846//1236
f 850//1237 854//1237 842//1237
f 853//1238 855//1238 845//1238
f 845//1239 855//1239 847//1239
f 848//1240 856//1240 598//1240
f 843//1241 856//1241 848//1241
f 851//1242 856//1242 843//1242
f 341//1243 857//1243 849//1243
f 847//1244 858//1244 850//1244
f 855//1245 858//1245 847//1245
f 854//1246 859//1246 846//1246
f 846//1247 859//1247 851//1247
f 857//1248 860//1248 849//1248
f 849//1249 860//1249 852//1249
f 860//1250 861//1250 852//1250
f 853//1251 861//1251 855//1251
f 852//1252 861//1252 853//1252
f 850//1253 862//1253 854//1253
f 858//1254 862//1254 850//1254
f 854//1255 862//1255 859//1255
f 861//1256 863//1256 855//1256
f 851//1257 864//1257 856//1257
f 859//1258 864//1258 851//1258
f 856//1259 864//1259 598//1259
f 341//1260 865//1260 857//1260
f 855//1261 866//1261 858//1261
f 863//1262 866//1262 855//1262
f 862//1263 867//1263 859//1263
f 865//1264 868//1264 857//1264
f 857//1265 868//1265 860//1265
f 860//1266 869//1266 861//1266
f 868//1267 869//1267 860//1267
f 858//1268 870//1268 862//1268
f 866//1269 870//1269 858//1269
f 861//1270 871//1270 863//1270
f 869//1271 871//1271 861//1271
f 864//1272 872//1272 598//1272
f 598//1273 872//1273 351//1273
f 859//1274 872//1274 864//1274
f 867//1275 872//1275 859//1275
f 341//1276 873//1276 865//1276
f 871//1277 874//1277 863//1277
f 863//1278 874//1278 866//1278
f 862//1279 875//1279 867//1279
f 870//1280 875//1280 862//1280
f 873//1281 876//1281 865//1281
f 865//1282 876//1282 868//1282
f 876//1283 877//1283 868//1283
f 868//1284 877//1284 869//1284
f 869//1285 877//1285 871//1285
f 866//1286 878//1286 870//1286
f 874//1287 878//1287 866//1287
f 877//1288 879//1288 871//1288
f 872//1289 880//1289 351//1289
f 867//1290 880//1290 872//1290
f 875//1291 880//1291 867//1291
f 341//1292 881//1292 873//1292
f 871//1293 882//1293 874//1293
f 879//1294 882//1294 871//1294
f 874//1295 882//1295 878//1295
f 878//1296 883//1296 870//1296
f 870//1297 883//1297 875//1297
f 873//1298 884//1298 876//1298
f 881//1299 884//1299 873//1299
f 876//1300 885//1300 877//1300
f 884//1301 885//1301 876//1301
f 344//1302 886//1302 341//1302
f 341//1303 886//1303 881//1303
f 882//1304 887//1304 878//1304
f 344//1305 888//1305 886//1305
f 886//1306 888//1306 881//1306
f 881//1307 888//1307 884//1307
f 885//1308 889//1308 877//1308
f 877//1309 889//1309 879//1309
f 880//1310 890//1310 351//1310
f 875//1311 890//1311 880//1311
f 883//1312 890//1312 875//1312
f 888//1313 891//1313 884//1313
f 884//1314 891//1314 885//1314
f 348//1315 891//1315 344//1315
f 344//1316 891//1316 888//1316
f 885//1317 891//1317 889//1317
f 889//1318 892//1318 879//1318
f 879//1319 892//1319 882//1319
f 887//1320 893//1320 878//1320
f 878//1321 893//1321 883//1321
f 348//1322 894//1322 891//1322
f 891//1323 894//1323 889//1323
f 892//1324 895//1324 882//1324
f 882//1325 895//1325 887//1325
f 889//1326 896//1326 892//1326
f 894//1327 896//1327 889//1327
f 350//1328 896//1328 348//1328
f 348//1329 896//1329 894//1329
f 890//1330 897//1330 351//1330
f 893//1331 897//1331 883//1331
f 883//1332 897//1332 890//1332
f 896//1333 898//1333 892//1333
f 350//1334 898//1334 896//1334
f 892//1335 898//1335 895//1335
f 895//1336 899//1336 887//1336
f 893//1337 899//1337 897//1337
f 887//1338 899//1338 893//1338
f 350//1339 900//1339 898//1339
f 351//1340 900//1340 350//1340
f 898//1341 900//1341 895//1341
f 895//1342 900//1342 899//1342
f 897//1343 901//1343 351//1343
f 899//1344 901//1344 897//1344
f 351//1345 902//1345 900//1345
f 900//1346 902//1346 899//1346
f 901//1347 902//1347 351//1347
f 899//1348 902//1348 901//1348
f 661//1349 903//1349 651//1349
f 903//1350 904//1350 651//1350
f 661//1351 905//1351 903//1351
f 651//1352 906//1352 640//1352
f 904//1353 906//1353 651//1353
f 906//1354 907//1354 640//1354
f 903//1355 908//1355 904//1355
f 905//1356 908//1356 903//1356
f 640//1357 909//1357 639//1357
f 907//1358 909//1358 640//1358
f 661//1359 910//1359 905//1359
f 904//1360 911//1360 906//1360
f 908//1361 911//1361 904//1361
f 909//1362 912//1362 639//1362
f 639//1363 913//1363 634//1363
f 912//1364 913//1364 639//1364
f 906//1365 914//1365 907//1365
f 911//1366 914//1366 906//1366
f 905//1367 915//1367 908//1367
f 910//1368 915//1368 905//1368
f 907//1369 916//1369 909//1369
f 914//1370 916//1370 907//1370
f 661//1371 917//1371 910//1371
f 908//1372 918//1372 911//1372
f 915//1373 918//1373 908//1373
f 909//1374 919//1374 912//1374
f 916//1375 919//1375 909//1375
f 913//1376 920//1376 634//1376
f 912//1377 920//1377 913//1377
f 919//1378 920//1378 912//1378
f 911//1379 921//1379 914//1379
f 918//1380 921//1380 911//1380
f 910//1381 922//1381 915//1381
f 917//1382 922//1382 910//1382
f 914//1383 923//1383 916//1383
f 921//1384 923//1384 914//1384
f 916//1385 923//1385 919//1385
f 414//1386 924//1386 661//1386
f 661//1387 924//1387 917//1387
f 922//1388 925//1388 915//1388
f 915//1389 925//1389 918//1389
f 923//1390 926//1390 919//1390
f 920//1391 927//1391 634//1391
f 919//1392 927//1392 920//1392
f 926//1393 927//1393 919//1393
f 918//1394 928//1394 921//1394
f 925//1395 928//1395 918//1395
f 917//1396 929//1396 922//1396
f 924//1397 929//1397 917//1397
f 921//1398 930//1398 923//1398
f 923//1399 930//1399 926//1399
f 928//1400 930//1400 921//1400
f 414//1401 931//1401 924//1401
f 922//1402 932//1402 925//1402
f 925//1403 932//1403 928//1403
f 929//1404 932//1404 922//1404
f 930//1405 933//1405 926//1405
f 933//1406 934//1406 926//1406
f 927//1407 934//1407 634//1407
f 926//1408 934//1408 927//1408
f 932//1409 935//1409 928//1409
f 931//1410 936//1410 924//1410
f 924//1411 936//1411 929//1411
f 928//1412 937//1412 930//1412
f 935//1413 937//1413 928//1413
f 414//1414 938//1414 931//1414
f 936//1415 939//1415 929//1415
f 929//1416 939//1416 932//1416
f 930//1417 940//1417 933//1417
f 937//1418 940//1418 930//1418
f 940//1419 941//1419 933//1419
f 933//1420 941//1420 934//1420
f 932//1421 942//1421 935//1421
f 939//1422 942//1422 932//1422
f 931//1423 943//1423 936//1423
f 938//1424 943//1424 931//1424
f 942//1425 944//1425 935//1425
f 935//1426 944//1426 937//1426
f 938//1427 945//1427 943//1427
f 414//1428 945//1428 938//1428
f 936//1429 946//1429 939//1429
f 943//1430 946//1430 936//1430
f 937//1431 947//1431 940//1431
f 944//1432 947//1432 937//1432
f 940//1433 948//1433 941//1433
f 947//1434 948//1434 940//1434
f 946//1435 949//1435 939//1435
f 939//1436 949//1436 942//1436
f 945//1437 950//1437 943//1437
f 949//1438 951//1438 942//1438
f 942//1439 951//1439 944//1439
f 414//1440 952//1440 945//1440
f 945//1441 952//1441 950//1441
f 943//1442 953//1442 946//1442
f 950//1443 953//1443 943//1443
f 951//1444 954//1444 944//1444
f 944//1445 954//1445 947//1445
f 947//1446 955//1446 948//1446
f 954//1447 955//1447 947//1447
f 404//1448 956//1448 414//1448
f 414//1449 956//1449 952//1449
f 953//1450 957//1450 946//1450
f 946//1451 957//1451 949//1451
f 634//1452 958//1452 387//1452
f 941//1453 958//1453 934//1453
f 934//1454 958//1454 634//1454
f 948//1455 958//1455 941//1455
f 955//1456 958//1456 948//1456
f 952//1457 959//1457 950//1457
f 949//1458 960//1458 951//1458
f 957//1459 960//1459 949//1459
f 404//1460 961//1460 956//1460
f 956//1461 961//1461 952//1461
f 952//1462 961//1462 959//1462
f 950//1463 962//1463 953//1463
f 959//1464 962//1464 950//1464
f 960//1465 963//1465 951//1465
f 951//1466 963//1466 954//1466
f 954//1467 963//1467 955//1467
f 955//1468 964//1468 958//1468
f 963//1469 964//1469 955//1469
f 953//1470 965//1470 957//1470
f 962//1471 965//1471 953//1471
f 958//1472 966//1472 387//1472
f 964//1473 966//1473 958//1473
f 393//1474 967//1474 404//1474
f 404//1475 967//1475 961//1475
f 961//1476 967//1476 959//1476
f 959//1477 967//1477 962//1477
f 965//1478 968//1478 957//1478
f 957//1479 968//1479 960//1479
f 962//1480 969//1480 965//1480
f 967//1481 969//1481 962//1481
f 393//1482 969//1482 967//1482
f 963//1483 970//1483 964//1483
f 968//1484 970//1484 960//1484
f 960//1485 970//1485 963//1485
f 392//1486 971//1486 393//1486
f 969//1487 971//1487 965//1487
f 393//1488 971//1488 969//1488
f 968//1489 971//1489 970//1489
f 965//1490 971//1490 968//1490
f 970//1491 972//1491 964//1491
f 966//1492 973//1492 387//1492
f 964//1493 973//1493 966//1493
f 972//1494 973//1494 964//1494
f 392//1495 974//1495 971//1495
f 971//1496 974//1496 970//1496
f 970//1497 974//1497 972//1497
f 387//1498 975//1498 392//1498
f 392//1499 975//1499 974//1499
f 974//1500 975//1500 972//1500
f 973//1501 976//1501 387//1501
f 972//1502 976//1502 973//1502
f 387//1503 976//1503 975//1503
f 975//1504 976//1504 972//1504
f 327//1505 341//1505 574//1505
f 574//1506 341//1506 588//1506
f 387//1507 376//1507 634//1507
f 634//1508 376//1508 623//1508
f 313//1509 327//1509 560//1509
f 560//1510 327//1510 574//1510
f 376//1511 379//1511 623//1511
f 623//1512 379//1512 625//1512
f 321//1513 313//1513 568//1513
f 568//1514 313//1514 560//1514
f 379//1515 399//1515 625//1515
f 625//1516 399//1516 646//1516
f 567//1517 977//1517 563//1517
f 977//1518 978//1518 563//1518
f 567//1519 979//1519 977//1519
f 563//1520 980//1520 570//1520
f 978//1521 980//1521 563//1521
f 980//1522 981//1522 570//1522
f 977//1523 982//1523 978//1523
f 979//1524 982//1524 977//1524
f 570//1525 983//1525 571//1525
f 981//1526 983//1526 570//1526
f 567//1527 984//1527 979//1527
f 978//1528 985//1528 980//1528
f 982//1529 985//1529 978//1529
f 983//1530 986//1530 571//1530
f 571//1531 987//1531 568//1531
f 986//1532 987//1532 571//1532
f 980//1533 988//1533 981//1533
f 985//1534 988//1534 980//1534
f 979//1535 989//1535 982//1535
f 984//1536 989//1536 979//1536
f 981//1537 990//1537 983//1537
f 988//1538 990//1538 981//1538
f 567//1539 991//1539 984//1539
f 982//1540 992//1540 985//1540
f 989//1541 992//1541 982//1541
f 983//1542 993//1542 986//1542
f 990//1543 993//1543 983//1543
f 987//1544 994//1544 568//1544
f 986//1545 994//1545 987//1545
f 993//1546 994//1546 986//1546
f 985//1547 995//1547 988//1547
f 992//1548 995//1548 985//1548
f 984//1549 996//1549 989//1549
f 991//1550 996//1550 984//1550
f 988//1551 997//1551 990//1551
f 995//1552 997//1552 988//1552
f 990//1553 997//1553 993//1553
f 320//1554 998//1554 567//1554
f 567//1555 998//1555 991//1555
f 996//1556 999//1556 989//1556
f 989//1557 999//1557 992//1557
f 997//1558 1000//1558 993//1558
f 994//1559 1001//1559 568//1559
f 993//1560 1001//1560 994//1560
f 1000//1561 1001//1561 993//1561
f 992//1562 1002//1562 995//1562
f 999//1563 1002//1563 992//1563
f 991//1564 1003//1564 996//1564
f 998//1565 1003//1565 991//1565
f 995//1566 1004//1566 997//1566
f 1002//1567 1004//1567 995//1567
f 320//1568 1005//1568 998//1568
f 996//1569 1006//1569 999//1569
f 1003//1570 1006//1570 996//1570
f 997//1571 1007//1571 1000//1571
f 1000//1572 1007//1572 1001//1572
f 1004//1573 1007//1573 997//1573
f 1001//1574 1008//1574 568//1574
f 1007//1575 1008//1575 1001//1575
f 1006//1576 1009//1576 999//1576
f 999//1577 1009//1577 1002//1577
f 1005//1578 1010//1578 998//1578
f 998//1579 1010//1579 1003//1579
f 1002//1580 1011//1580 1004//1580
f 1009//1581 1011//1581 1002//1581
f 1004//1582 1011//1582 1007//1582
f 320//1583 1012//1583 1005//1583
f 1010//1584 1013//1584 1003//1584
f 1006//1585 1013//1585 1009//1585
f 1003//1586 1013//1586 1006//1586
f 1011//1587 1014//1587 1007//1587
f 1007//1588 1015//1588 1008//1588
f 1014//1589 1015//1589 1007//1589
f 1013//1590 1016//1590 1009//1590
f 1012//1591 1017//1591 1005//1591
f 1005//1592 1017//1592 1010//1592
f 1009//1593 1018//1593 1011//1593
f 1016//1594 1018//1594 1009//1594
f 320//1595 1019//1595 1012//1595
f 1010//1596 1020//1596 1013//1596
f 1017//1597 1020//1597 1010//1597
f 1011//1598 1021//1598 1014//1598
f 1018//1599 1021//1599 1011//1599
f 1014//1600 1022//1600 1015//1600
f 1021//1601 1022//1601 1014//1601
f 1013//1602 1023//1602 1016//1602
f 1020//1603 1023//1603 1013//1603
f 1012//1604 1024//1604 1017//1604
f 1019//1605 1024//1605 1012//1605
f 1016//1606 1025//1606 1018//1606
f 1023//1607 1025//1607 1016//1607
f 320//1608 1026//1608 1019//1608
f 1024//1609 1027//1609 1017//1609
f 1017//1610 1027//1610 1020//1610
f 1025//1611 1028//1611 1018//1611
f 1018//1612 1028//1612 1021//1612
f 1021//1613 1029//1613 1022//1613
f 1028//1614 1029//1614 1021//1614
f 317//1615 1030//1615 320//1615
f 320//1616 1030//1616 1026//1616
f 1020//1617 1031//1617 1023//1617
f 1027//1618 1031//1618 1020//1618
f 568//1619 1032//1619 321//1619
f 1008//1620 1032//1620 568//1620
f 1022//1621 1032//1621 1015//1621
f 1015//1622 1032//1622 1008//1622
f 1029//1623 1032//1623 1022//1623
f 1019//1624 1033//1624 1024//1624
f 1026//1625 1033//1625 1019//1625
f 1023//1626 1034//1626 1025//1626
f 1031//1627 1034//1627 1023//1627
f 317//1628 1035//1628 1030//1628
f 1030//1629 1035//1629 1026//1629
f 1026//1630 1035//1630 1033//1630
f 1024//1631 1036//1631 1027//1631
f 1033//1632 1036//1632 1024//1632
f 1027//1633 1036//1633 1031//1633
f 1025//1634 1037//1634 1028//1634
f 1034//1635 1037//1635 1025//1635
f 1028//1636 1037//1636 1029//1636
f 1037//1637 1038//1637 1029//1637
f 1036//1638 1039//1638 1031//1638
f 1038//1639 1040//1639 1029//1639
f 1032//1640 1040//1640 321//1640
f 1029//1641 1040//1641 1032//1641
f 1036//1642 1041//1642 1039//1642
f 323//1643 1041//1643 317//1643
f 1033//1644 1041//1644 1036//1644
f 317//1645 1041//1645 1035//1645
f 1035//1646 1041//1646 1033//1646
f 1039//1647 1042//1647 1031//1647
f 1031//1648 1042//1648 1034//1648
f 1034//1649 1042//1649 1037//1649
f 1041//1650 1043//1650 1039//1650
f 323//1651 1043//1651 1041//1651
f 1039//1652 1043//1652 1042//1652
f 1042//1653 1044//1653 1037//1653
f 324//1654 1045//1654 323//1654
f 323//1655 1045//1655 1043//1655
f 1043//1656 1045//1656 1042//1656
f 1037//1657 1046//1657 1038//1657
f 1044//1658 1046//1658 1037//1658
f 1040//1659 1047//1659 321//1659
f 1038//1660 1047//1660 1040//1660
f 1046//1661 1047//1661 1038//1661
f 1042//1662 1048//1662 1044//1662
f 324//1663 1048//1663 1045//1663
f 1045//1664 1048//1664 1042//1664
f 321//1665 1049//1665 324//1665
f 324//1666 1049//1666 1048//1666
f 1044//1667 1049//1667 1046//1667
f 1046//1668 1049//1668 1047//1668
f 1048//1669 1049//1669 1044//1669
f 321//1670 1050//1670 1049//1670
f 1047//1671 1050//1671 321//1671
f 1049//1672 1050//1672 1047//1672
f 646//1673 1051//1673 647//1673
f 1051//1674 1052//1674 647//1674
f 647//1675 1053//1675 659//1675
f 1052//1676 1053//1676 647//1676
f 1053//1677 1054//1677 659//1677
f 646//1678 1055//1678 1051//1678
f 659//1679 1056//1679 664//1679
f 1054//1680 1056//1680 659//1680
f 1055//1681 1057//1681 1051//1681
f 1051//1682 1057//1682 1052//1682
f 1052//1683 1058//1683 1053//1683
f 1057//1684 1058//1684 1052//1684
f 1056//1685 1059//1685 664//1685
f 1053//1686 1060//1686 1054//1686
f 1058//1687 1060//1687 1053//1687
f 646//1688 1061//1688 1055//1688
f 1060//1689 1062//1689 1054//1689
f 1054//1690 1062//1690 1056//1690
f 664//1691 1063//1691 667//1691
f 1059//1692 1063//1692 664//1692
f 1061//1693 1064//1693 1055//1693
f 1055//1694 1064//1694 1057//1694
f 1064//1695 1065//1695 1057//1695
f 1057//1696 1065//1696 1058//1696
f 1056//1697 1066//1697 1059//1697
f 1062//1698 1066//1698 1056//1698
f 1058//1699 1067//1699 1060//1699
f 1065//1700 1067//1700 1058//1700
f 1063//1701 1068//1701 667//1701
f 646//1702 1069//1702 1061//1702
f 1060//1703 1070//1703 1062//1703
f 1067//1704 1070//1704 1060//1704
f 1066//1705 1071//1705 1059//1705
f 1059//1706 1071//1706 1063//1706
f 1069//1707 1072//1707 1061//1707
f 1061//1708 1072//1708 1064//1708
f 1064//1709 1073//1709 1065//1709
f 1072//1710 1073//1710 1064//1710
f 1070//1711 1074//1711 1062//1711
f 1062//1712 1074//1712 1066//1712
f 1065//1713 1075//1713 1067//1713
f 1073//1714 1075//1714 1065//1714
f 1068//1715 1076//1715 667//1715
f 1063//1716 1076//1716 1068//1716
f 1071//1717 1076//1717 1063//1717
f 399//1718 1077//1718 646//1718
f 646//1719 1077//1719 1069//1719
f 1067//1720 1078//1720 1070//1720
f 1075//1721 1078//1721 1067//1721
f 1066//1722 1079//1722 1071//1722
f 1074//1723 1079//1723 1066//1723
f 1071//1724 1079//1724 1076//1724
f 1077//1725 1080//1725 1069//1725
f 1069//1726 1080//1726 1072//1726
f 1080//1727 1081//1727 1072//1727
f 1072//1728 1081//1728 1073//1728
f 1070//1729 1082//1729 1074//1729
f 1078//1730 1082//1730 1070//1730
f 1081//1731 1083//1731 1073//1731
f 1073//1732 1083//1732 1075//1732
f 1079//1733 1084//1733 1076//1733
f 1076//1734 1084//1734 667//1734
f 399//1735 1085//1735 1077//1735
f 1075//1736 1086//1736 1078//1736
f 1083//1737 1086//1737 1075//1737
f 1082//1738 1087//1738 1074//1738
f 1074//1739 1087//1739 1079//1739
f 1085//1740 1088//1740 1077//1740
f 1077//1741 1088//1741 1080//1741
f 1088//1742 1089//1742 1080//1742
f 1080//1743 1089//1743 1081//1743
f 1078//1744 1090//1744 1082//1744
f 1086//1745 1090//1745 1078//1745
f 1089//1746 1091//1746 1081//1746
f 1081//1747 1091//1747 1083//1747
f 1079//1748 1092//1748 1084//1748
f 1084//1749 1092//1749 667//1749
f 1087//1750 1092//1750 1079//1750
f 399//1751 1093//1751 1085//1751
f 1083//1752 1094//1752 1086//1752
f 1091//1753 1094//1753 1083//1753
f 1090//1754 1095//1754 1082//1754
f 1082//1755 1095//1755 1087//1755
f 1093//1756 1096//1756 1085//1756
f 1085//1757 1096//1757 1088//1757
f 1088//1758 1097//1758 1089//1758
f 1096//1759 1097//1759 1088//1759
f 1086//1760 1098//1760 1090//1760
f 1094//1761 1098//1761 1086//1761
f 1097//1762 1099//1762 1089//1762
f 1089//1763 1099//1763 1091//1763
f 667//1764 1100//1764 420//1764
f 1092//1765 1100//1765 667//1765
f 1087//1766 1100//1766 1092//1766
f 1095//1767 1100//1767 1087//1767
f 399//1768 1101//1768 1093//1768
f 1091//1769 1102//1769 1094//1769
f 1094//1770 1102//1770 1098//1770
f 1099//1771 1102//1771 1091//1771
f 1090//1772 1103//1772 1095//1772
f 1098//1773 1103//1773 1090//1773
f 1093//1774 1104//1774 1096//1774
f 1101//1775 1104//1775 1093//1775
f 1096//1776 1105//1776 1097//1776
f 1104//1777 1105//1777 1096//1777
f 1102//1778 1106//1778 1098//1778
f 1097//1779 1107//1779 1099//1779
f 1105//1780 1107//1780 1097//1780
f 1100//1781 1108//1781 420//1781
f 1103//1782 1108//1782 1095//1782
f 1095//1783 1108//1783 1100//1783
f 399//1784 1109//1784 1101//1784
f 1107//1785 1110//1785 1099//1785
f 1099//1786 1110//1786 1102//1786
f 1098//1787 1111//1787 1103//1787
f 1106//1788 1111//1788 1098//1788
f 1101//1789 1112//1789 1104//1789
f 1109//1790 1112//1790 1101//1790
f 1104//1791 1113//1791 1105//1791
f 1105//1792 1113//1792 1107//1792
f 1112//1793 1113//1793 1104//1793
f 400//1794 1114//1794 399//1794
f 399//1795 1114//1795 1109//1795
f 1102//1796 1115//1796 1106//1796
f 1110//1797 1115//1797 1102//1797
f 1109//1798 1116//1798 1112//1798
f 400//1799 1116//1799 1114//1799
f 1114//1800 1116//1800 1109//1800
f 1113//1801 1117//1801 1107//1801
f 1108//1802 1118//1802 420//1802
f 1103//1803 1118//1803 1108//1803
f 1111//1804 1118//1804 1103//1804
f 1112//1805 1119//1805 1113//1805
f 412//1806 1119//1806 400//1806
f 400//1807 1119//1807 1116//1807
f 1113//1808 1119//1808 1117//1808
f 1116//1809 1119//1809 1112//1809
f 1117//1810 1120//1810 1107//1810
f 1107//1811 1120//1811 1110//1811
f 1106//1812 1121//1812 1111//1812
f 1115//1813 1121//1813 1106//1813
f 1119//1814 1122//1814 1117//1814
f 412//1815 1122//1815 1119//1815
f 1110//1816 1123//1816 1115//1816
f 1120//1817 1123//1817 1110//1817
f 412//1818 1124//1818 1122//1818
f 417//1819 1124//1819 412//1819
f 1117//1820 1124//1820 1120//1820
f 1122//1821 1124//1821 1117//1821
f 1118//1822 1125//1822 420//1822
f 1121//1823 1125//1823 1111//1823
f 1111//1824 1125//1824 1118//1824
f 1120//1825 1126//1825 1123//1825
f 1124//1826 1126//1826 1120//1826
f 417//1827 1126//1827 1124//1827
f 1115//1828 1127//1828 1121//1828
f 1126//1829 1127//1829 1123//1829
f 1123//1830 1127//1830 1115//1830
f 420//1831 1128//1831 417//1831
f 417//1832 1128//1832 1126//1832
f 1126//1833 1128//1833 1127//1833
f 1127//1834 1129//1834 1121//1834
f 1121//1835 1129//1835 1125//1835
f 1125//1836 1129//1836 420//1836
f 1127//1837 1130//1837 1129//1837
f 420//1838 1130//1838 1128//1838
f 1128//1839 1130//1839 1127//1839
f 1129//1840 1130//1840 420//1840
f 319//1841 320//1841 566//1841
f 566//1842 320//1842 567//1842
f 420//1843 421//1843 667//1843
f 667//1844 421//1844 668//1844
f 562//1845 1131//1845 569//1845
f 1131//1846 1132//1846 569//1846
f 569//1847 1133//1847 564//1847
f 1132//1848 1133//1848 569//1848
f 1133//1849 1134//1849 564//1849
f 562//1850 1135//1850 1131//1850
f 564//1851 1136//1851 565//1851
f 1134//1852 1136//1852 564//1852
f 1135//1853 1137//1853 1131//1853
f 1131//1854 1137//1854 1132//1854
f 1132//1855 1138//1855 1133//1855
f 1137//1856 1138//1856 1132//1856
f 1136//1857 1139//1857 565//1857
f 1133//1858 1140//1858 1134//1858
f 1138//1859 1140//1859 1133//1859
f 562//1860 1141//1860 1135//1860
f 1140//1861 1142//1861 1134//1861
f 1134//1862 1142//1862 1136//1862
f 565//1863 1143//1863 566//1863
f 1139//1864 1143//1864 565//1864
f 1141//1865 1144//1865 1135//1865
f 1135//1866 1144//1866 1137//1866
f 1144//1867 1145//1867 1137//1867
f 1137//1868 1145//1868 1138//1868
f 1136//1869 1146//1869 1139//1869
f 1142//1870 1146//1870 1136//1870
f 1138//1871 1147//1871 1140//1871
f 1145//1872 1147//1872 1138//1872
f 1143//1873 1148//1873 566//1873
f 562//1874 1149//1874 1141//1874
f 1140//1875 1150//1875 1142//1875
f 1147//1876 1150//1876 1140//1876
f 1146//1877 1151//1877 1139//1877
f 1139//1878 1151//1878 1143//1878
f 1149//1879 1152//1879 1141//1879
f 1141//1880 1152//1880 1144//1880
f 1144//1881 1153//1881 1145//1881
f 1152//1882 1153//1882 1144//1882
f 1150//1883 1154//1883 1142//1883
f 1142//1884 1154//1884 1146//1884
f 1145//1885 1155//1885 1147//1885
f 1153//1886 1155//1886 1145//1886
f 1148//1887 1156//1887 566//1887
f 1143//1888 1156//1888 1148//1888
f 1151//1889 1156//1889 1143//1889
f 315//1890 1157//1890 562//1890
f 562//1891 1157//1891 1149//1891
f 1147//1892 1158//1892 1150//1892
f 1155//1893 1158//1893 1147//1893
f 1146//1894 1159//1894 1151//1894
f 1154//1895 1159//1895 1146//1895
f 1157//1896 1160//1896 1149//1896
f 1149//1897 1160//1897 1152//1897
f 1160//1898 1161//1898 1152//1898
f 1152//1899 1161//1899 1153//1899
f 1150//1900 1162//1900 1154//1900
f 1158//1901 1162//1901 1150//1901
f 1161//1902 1163//1902 1153//1902
f 1153//1903 1163//1903 1155//1903
f 1156//1904 1164//1904 566//1904
f 1151//1905 1164//1905 1156//1905
f 1159//1906 1164//1906 1151//1906
f 315//1907 1165//1907 1157//1907
f 1157//1908 1165//1908 1160//1908
f 1155//1909 1166//1909 1158//1909
f 1158//1910 1166//1910 1162//1910
f 1163//1911 1166//1911 1155//1911
f 1162//1912 1167//1912 1154//1912
f 1159//1913 1167//1913 1164//1913
f 1154//1914 1167//1914 1159//1914
f 1165//1915 1168//1915 1160//1915
f 1168//1916 1169//1916 1160//1916
f 1160//1917 1169//1917 1161//1917
f 1166//1918 1170//1918 1162//1918
f 1169//1919 1171//1919 1161//1919
f 1161//1920 1171//1920 1163//1920
f 1167//1921 1172//1921 1164//1921
f 1164//1922 1172//1922 566//1922
f 315//1923 1173//1923 1165//1923
f 1163//1924 1174//1924 1166//1924
f 1166//1925 1174//1925 1170//1925
f 1171//1926 1174//1926 1163//1926
f 1162//1927 1175//1927 1167//1927
f 1170//1928 1175//1928 1162//1928
f 1165//1929 1176//1929 1168//1929
f 1173//1930 1176//1930 1165//1930
f 1168//1931 1177//1931 1169//1931
f 1176//1932 1177//1932 1168//1932
f 1174//1933 1178//1933 1170//1933
f 1169//1934 1179//1934 1171//1934
f 1177//1935 1179//1935 1169//1935
f 1172//1936 1180//1936 566//1936
f 566//1937 1180//1937 319//1937
f 1167//1938 1180//1938 1172//1938
f 1175//1939 1180//1939 1167//1939
f 315//1940 1181//1940 1173//1940
f 1179//1941 1182//1941 1171//1941
f 1171//1942 1182//1942 1174//1942
f 1170//1943 1183//1943 1175//1943
f 1178//1944 1183//1944 1170//1944
f 1181//1945 1184//1945 1173//1945
f 1173//1946 1184//1946 1176//1946
f 1184//1947 1185//1947 1176//1947
f 1176//1948 1185//1948 1177//1948
f 1174//1949 1186//1949 1178//1949
f 1182//1950 1186//1950 1174//1950
f 1178//1951 1186//1951 1183//1951
f 1177//1952 1187//1952 1179//1952
f 1185//1953 1187//1953 1177//1953
f 1180//1954 1188//1954 319//1954
f 1175//1955 1188//1955 1180//1955
f 1183//1956 1188//1956 1175//1956
f 315//1957 1189//1957 1181//1957
f 1179//1958 1190//1958 1182//1958
f 1187//1959 1190//1959 1179//1959
f 1186//1960 1191//1960 1183//1960
f 1181//1961 1192//1961 1184//1961
f 1189//1962 1192//1962 1181//1962
f 1184//1963 1193//1963 1185//1963
f 1192//1964 1193//1964 1184//1964
f 1185//1965 1193//1965 1187//1965
f 322//1966 1194//1966 315//1966
f 315//1967 1194//1967 1189//1967
f 1190//1968 1195//1968 1182//1968
f 1182//1969 1195//1969 1186//1969
f 322//1970 1196//1970 1194//1970
f 1194//1971 1196//1971 1189//1971
f 1189//1972 1196//1972 1192//1972
f 1193//1973 1197//1973 1187//1973
f 1188//1974 1198//1974 319//1974
f 1183//1975 1198//1975 1188//1975
f 1191//1976 1198//1976 1183//1976
f 1196//1977 1199//1977 1192//1977
f 1192//1978 1199//1978 1193//1978
f 316//1979 1199//1979 322//1979
f 322//1980 1199//1980 1196//1980
f 1193//1981 1199//1981 1197//1981
f 1197//1982 1200//1982 1187//1982
f 1187//1983 1200//1983 1190//1983
f 1195//1984 1201//1984 1186//1984
f 1186//1985 1201//1985 1191//1985
f 1199//1986 1202//1986 1197//1986
f 316//1987 1202//1987 1199//1987
f 1200//1988 1203//1988 1190//1988
f 1190//1989 1203//1989 1195//1989
f 318//1990 1204//1990 316//1990
f 316//1991 1204//1991 1202//1991
f 1197//1992 1204//1992 1200//1992
f 1202//1993 1204//1993 1197//1993
f 1198//1994 1205//1994 319//1994
f 1201//1995 1205//1995 1191//1995
f 1191//1996 1205//1996 1198//1996
f 1200//1997 1206//1997 1203//1997
f 1204//1998 1206//1998 1200//1998
f 318//1999 1206//1999 1204//1999
f 1203//2000 1207//2000 1195//2000
f 1195//2001 1207//2001 1201//2001
f 318//2002 1208//2002 1206//2002
f 319//2003 1208//2003 318//2003
f 1206//2004 1208//2004 1203//2004
f 1203//2005 1208//2005 1207//2005
f 1205//2006 1209//2006 319//2006
f 1201//2007 1209//2007 1205//2007
f 1207//2008 1209//2008 1201//2008
f 1209//2009 1210//2009 319//2009
f 319//2010 1210//2010 1208//2010
f 1208//2011 1210//2011 1207//2011
f 1207//2012 1210//2012 1209//2012
f 668//2013 1211//2013 663//2013
f 1211//2014 1212//2014 663//2014
f 668//2015 1213//2015 1211//2015
f 663//2016 1214//2016 658//2016
f 1212//2017 1214//2017 663//2017
f 1214//2018 1215//2018 658//2018
f 1211//2019 1216//2019 1212//2019
f 1213//2020 1216//2020 1211//2020
f 658//2021 1217//2021 653//2021
f 1215//2022 1217//2022 658//2022
f 668//2023 1218//2023 1213//2023
f 1212//2024 1219//2024 1214//2024
f 1216//2025 1219//2025 1212//2025
f 1217//2026 1220//2026 653//2026
f 653//2027 1221//2027 645//2027
f 1220//2028 1221//2028 653//2028
f 1214//2029 1222//2029 1215//2029
f 1219//2030 1222//2030 1214//2030
f 1213//2031 1223//2031 1216//2031
f 1218//2032 1223//2032 1213//2032
f 1215//2033 1224//2033 1217//2033
f 1222//2034 1224//2034 1215//2034
f 668//2035 1225//2035 1218//2035
f 1216//2036 1226//2036 1219//2036
f 1223//2037 1226//2037 1216//2037
f 1217//2038 1227//2038 1220//2038
f 1224//2039 1227//2039 1217//2039
f 1221//2040 1228//2040 645//2040
f 1220//2041 1228//2041 1221//2041
f 1227//2042 1228//2042 1220//2042
f 1219//2043 1229//2043 1222//2043
f 1226//2044 1229//2044 1219//2044
f 1218//2045 1230//2045 1223//2045
f 1225//2046 1230//2046 1218//2046
f 1222//2047 1231//2047 1224//2047
f 1229//2048 1231//2048 1222//2048
f 421//2049 1232//2049 668//2049
f 668//2050 1232//2050 1225//2050
f 1225//2051 1232//2051 1230//2051
f 1230//2052 1233//2052 1223//2052
f 1223//2053 1233//2053 1226//2053
f 1224//2054 1234//2054 1227//2054
f 1231//2055 1234//2055 1224//2055
f 1228//2056 1235//2056 645//2056
f 1227//2057 1235//2057 1228//2057
f 1234//2058 1235//2058 1227//2058
f 1226//2059 1236//2059 1229//2059
f 1233//2060 1236//2060 1226//2060
f 1232//2061 1237//2061 1230//2061
f 1229//2062 1238//2062 1231//2062
f 1236//2063 1238//2063 1229//2063
f 421//2064 1239//2064 1232//2064
f 1230//2065 1240//2065 1233//2065
f 1237//2066 1240//2066 1230//2066
f 1231//2067 1241//2067 1234//2067
f 1238//2068 1241//2068 1231//2068
f 1241//2069 1242//2069 1234//2069
f 1235//2070 1242//2070 645//2070
f 1234//2071 1242//2071 1235//2071
f 1240//2072 1243//2072 1233//2072
f 1233//2073 1243//2073 1236//2073
f 1239//2074 1244//2074 1232//2074
f 1232//2075 1244//2075 1237//2075
f 1236//2076 1245//2076 1238//2076
f 1243//2077 1245//2077 1236//2077
f 1238//2078 1245//2078 1241//2078
f 421//2079 1246//2079 1239//2079
f 1244//2080 1247//2080 1237//2080
f 1237//2081 1247//2081 1240//2081
f 1245//2082 1248//2082 1241//2082
f 1248//2083 1249//2083 1241//2083
f 1241//2084 1249//2084 1242//2084
f 1243//2085 1250//2085 1245//2085
f 1247//2086 1250//2086 1240//2086
f 1240//2087 1250//2087 1243//2087
f 1246//2088 1251//2088 1239//2088
f 1239//2089 1251//2089 1244//2089
f 1250//2090 1252//2090 1245//2090
f 421//2091 1253//2091 1246//2091
f 1244//2092 1254//2092 1247//2092
f 1251//2093 1254//2093 1244//2093
f 1245//2094 1255//2094 1248//2094
f 1252//2095 1255//2095 1245//2095
f 1248//2096 1256//2096 1249//2096
f 1255//2097 1256//2097 1248//2097
f 1254//2098 1257//2098 1247//2098
f 1247//2099 1257//2099 1250//2099
f 1246//2100 1258//2100 1251//2100
f 1253//2101 1258//2101 1246//2101
f 1250//2102 1259//2102 1252//2102
f 1257//2103 1259//2103 1250//2103
f 421//2104 1260//2104 1253//2104
f 1253//2105 1260//2105 1258//2105
f 1258//2106 1261//2106 1251//2106
f 1251//2107 1261//2107 1254//2107
f 1259//2108 1262//2108 1252//2108
f 1252//2109 1262//2109 1255//2109
f 1255//2110 1263//2110 1256//2110
f 1262//2111 1263//2111 1255//2111
f 416//2112 1264//2112 421//2112
f 421//2113 1264//2113 1260//2113
f 1254//2114 1265//2114 1257//2114
f 1261//2115 1265//2115 1254//2115
f 645//2116 1266//2116 398//2116
f 1242//2117 1266//2117 645//2117
f 1256//2118 1266//2118 1249//2118
f 1263//2119 1266//2119 1256//2119
f 1249//2120 1266//2120 1242//2120
f 1260//2121 1267//2121 1258//2121
f 1257//2122 1268//2122 1259//2122
f 1265//2123 1268//2123 1257//2123
f 416//2124 1269//2124 1264//2124
f 1264//2125 1269//2125 1260//2125
f 1260//2126 1269//2126 1267//2126
f 1258//2127 1270//2127 1261//2127
f 1267//2128 1270//2128 1258//2128
f 1268//2129 1271//2129 1259//2129
f 1259//2130 1271//2130 1262//2130
f 1262//2131 1272//2131 1263//2131
f 1271//2132 1272//2132 1262//2132
f 1261//2133 1273//2133 1265//2133
f 1270//2134 1273//2134 1261//2134
f 1272//2135 1274//2135 1263//2135
f 1266//2136 1274//2136 398//2136
f 1263//2137 1274//2137 1266//2137
f 411//2138 1275//2138 416//2138
f 1267//2139 1275//2139 1270//2139
f 416//2140 1275//2140 1269//2140
f 1269//2141 1275//2141 1267//2141
f 1273//2142 1276//2142 1265//2142
f 1265//2143 1276//2143 1268//2143
f 1275//2144 1277//2144 1270//2144
f 411//2145 1277//2145 1275//2145
f 1270//2146 1277//2146 1273//2146
f 1271//2147 1278//2147 1272//2147
f 1276//2148 1278//2148 1268//2148
f 1268//2149 1278//2149 1271//2149
f 406//2150 1279//2150 411//2150
f 411//2151 1279//2151 1277//2151
f 1277//2152 1279//2152 1273//2152
f 1273//2153 1279//2153 1276//2153
f 1278//2154 1280//2154 1272//2154
f 1274//2155 1281//2155 398//2155
f 1280//2156 1281//2156 1272//2156
f 1272//2157 1281//2157 1274//2157
f 406//2158 1282//2158 1279//2158
f 1276//2159 1282//2159 1278//2159
f 1279//2160 1282//2160 1276//2160
f 398//2161 1283//2161 406//2161
f 406//2162 1283//2162 1282//2162
f 1280//2163 1283//2163 1281//2163
f 1282//2164 1283//2164 1278//2164
f 1278//2165 1283//2165 1280//2165
f 1281//2166 1284//2166 398//2166
f 398//2167 1284//2167 1283//2167
f 1283//2168 1284//2168 1281//2168
f 299//2169 315//2169 546//2169
f 546//2170 315//2170 562//2170
f 398//2171 386//2171 645//2171
f 645//2172 386//2172 633//2172
f 293//2173 299//2173 539//2173
f 539//2174 299//2174 546//2174
f 386//2175 381//2175 633//2175
f 633//2176 381//2176 628//2176
f 291//2177 293//2177 537//2177
f 537//2178 293//2178 539//2178
f 381//2179 396//2179 628//2179
f 628//2180 396//2180 643//2180
f 531//2181 1285//2181 527//2181
f 1285//2182 1286//2182 527//2182
f 531//2183 1287//2183 1285//2183
f 527//2184 1288//2184 534//2184
f 1286//2185 1288//2185 527//2185
f 1288//2186 1289//2186 534//2186
f 1285//2187 1290//2187 1286//2187
f 1287//2188 1290//2188 1285//2188
f 534//2189 1291//2189 536//2189
f 1289//2190 1291//2190 534//2190
f 531//2191 1292//2191 1287//2191
f 1286//2192 1293//2192 1288//2192
f 1290//2193 1293//2193 1286//2193
f 1291//2194 1294//2194 536//2194
f 536//2195 1295//2195 537//2195
f 1294//2196 1295//2196 536//2196
f 1288//2197 1296//2197 1289//2197
f 1293//2198 1296//2198 1288//2198
f 1287//2199 1297//2199 1290//2199
f 1292//2200 1297//2200 1287//2200
f 1289//2201 1298//2201 1291//2201
f 1296//2202 1298//2202 1289//2202
f 531//2203 1299//2203 1292//2203
f 1290//2204 1300//2204 1293//2204
f 1297//2205 1300//2205 1290//2205
f 1291//2206 1301//2206 1294//2206
f 1294//2207 1301//2207 1295//2207
f 1298//2208 1301//2208 1291//2208
f 1295//2209 1302//2209 537//2209
f 1301//2210 1302//2210 1295//2210
f 1293//2211 1303//2211 1296//2211
f 1300//2212 1303//2212 1293//2212
f 1292//2213 1304//2213 1297//2213
f 1299//2214 1304//2214 1292//2214
f 1296//2215 1305//2215 1298//2215
f 1303//2216 1305//2216 1296//2216
f 284//2217 1306//2217 531//2217
f 531//2218 1306//2218 1299//2218
f 1304//2219 1307//2219 1297//2219
f 1297//2220 1307//2220 1300//2220
f 1298//2221 1308//2221 1301//2221
f 1301//2222 1308//2222 1302//2222
f 1305//2223 1308//2223 1298//2223
f 1302//2224 1309//2224 537//2224
f 1308//2225 1309//2225 1302//2225
f 1300//2226 1310//2226 1303//2226
f 1307//2227 1310//2227 1300//2227
f 1299//2228 1311//2228 1304//2228
f 1306//2229 1311//2229 1299//2229
f 1303//2230 1312//2230 1305//2230
f 1310//2231 1312//2231 1303//2231
f 1306//2232 1313//2232 1311//2232
f 284//2233 1313//2233 1306//2233
f 1304//2234 1314//2234 1307//2234
f 1307//2235 1314//2235 1310//2235
f 1311//2236 1314//2236 1304//2236
f 1305//2237 1315//2237 1308//2237
f 1312//2238 1315//2238 1305//2238
f 1315//2239 1316//2239 1308//2239
f 1309//2240 1316//2240 537//2240
f 1308//2241 1316//2241 1309//2241
f 1314//2242 1317//2242 1310//2242
f 1313//2243 1318//2243 1311//2243
f 1310//2244 1319//2244 1312//2244
f 1317//2245 1319//2245 1310//2245
f 1313//2246 1320//2246 1318//2246
f 284//2247 1320//2247 1313//2247
f 1318//2248 1321//2248 1311//2248
f 1311//2249 1321//2249 1314//2249
f 1319//2250 1322//2250 1312//2250
f 1312//2251 1322//2251 1315//2251
f 1322//2252 1323//2252 1315//2252
f 1315//2253 1323//2253 1316//2253
f 1314//2254 1324//2254 1317//2254
f 1321//2255 1324//2255 1314//2255
f 1320//2256 1325//2256 1318//2256
f 1317//2257 1326//2257 1319//2257
f 1324//2258 1326//2258 1317//2258
f 284//2259 1327//2259 1320//2259
f 1318//2260 1328//2260 1321//2260
f 1325//2261 1328//2261 1318//2261
f 1326//2262 1329//2262 1319//2262
f 1319//2263 1329//2263 1322//2263
f 1322//2264 1330//2264 1323//2264
f 1329//2265 1330//2265 1322//2265
f 1321//2266 1331//2266 1324//2266
f 1328//2267 1331//2267 1321//2267
f 1320//2268 1332//2268 1325//2268
f 1327//2269 1332//2269 1320//2269
f 1326//2270 1333//2270 1329//2270
f 1331//2271 1333//2271 1324//2271
f 1324//2272 1333//2272 1326//2272
f 284//2273 1334//2273 1327//2273
f 1325//2274 1335//2274 1328//2274
f 1332//2275 1335//2275 1325//2275
f 1333//2276 1336//2276 1329//2276
f 1329//2277 1337//2277 1330//2277
f 1336//2278 1337//2278 1329//2278
f 281//2279 1338//2279 284//2279
f 284//2280 1338//2280 1334//2280
f 1328//2281 1339//2281 1331//2281
f 1335//2282 1339//2282 1328//2282
f 537//2283 1340//2283 291//2283
f 1316//2284 1340//2284 537//2284
f 1330//2285 1340//2285 1323//2285
f 1337//2286 1340//2286 1330//2286
f 1323//2287 1340//2287 1316//2287
f 1327//2288 1341//2288 1332//2288
f 1334//2289 1341//2289 1327//2289
f 1339//2290 1342//2290 1331//2290
f 1331//2291 1342//2291 1333//2291
f 1333//2292 1342//2292 1336//2292
f 281//2293 1343//2293 1338//2293
f 1338//2294 1343//2294 1334//2294
f 1334//2295 1343//2295 1341//2295
f 1332//2296 1344//2296 1335//2296
f 1341//2297 1344//2297 1332//2297
f 1342//2298 1345//2298 1336//2298
f 1336//2299 1346//2299 1337//2299
f 1345//2300 1346//2300 1336//2300
f 1335//2301 1347//2301 1339//2301
f 1344//2302 1347//2302 1335//2302
f 1346//2303 1348//2303 1337//2303
f 1340//2304 1348//2304 291//2304
f 1337//2305 1348//2305 1340//2305
f 287//2306 1349//2306 281//2306
f 281//2307 1349//2307 1343//2307
f 1343//2308 1349//2308 1341//2308
f 1341//2309 1349//2309 1344//2309
f 1347//2310 1350//2310 1339//2310
f 1339//2311 1350//2311 1342//2311
f 1344//2312 1351//2312 1347//2312
f 1349//2313 1351//2313 1344//2313
f 287//2314 1351//2314 1349//2314
f 1350//2315 1352//2315 1342//2315
f 1342//2316 1352//2316 1345//2316
f 289//2317 1353//2317 287//2317
f 1351//2318 1353//2318 1347//2318
f 287//2319 1353//2319 1351//2319
f 1347//2320 1353//2320 1350//2320
f 1345//2321 1354//2321 1346//2321
f 1352//2322 1354//2322 1345//2322
f 1348//2323 1355//2323 291//2323
f 1354//2324 1355//2324 1346//2324
f 1346//2325 1355//2325 1348//2325
f 1350//2326 1356//2326 1352//2326
f 289//2327 1356//2327 1353//2327
f 1353//2328 1356//2328 1350//2328
f 291//2329 1357//2329 289//2329
f 289//2330 1357//2330 1356//2330
f 1352//2331 1357//2331 1354//2331
f 1354//2332 1357//2332 1355//2332
f 1356//2333 1357//2333 1352//2333
f 291//2334 1358//2334 1357//2334
f 1355//2335 1358//2335 291//2335
f 1357//2336 1358//2336 1355//2336
f 643//2337 1359//2337 648//2337
f 1359//2338 1360//2338 648//2338
f 648//2339 1361//2339 657//2339
f 1360//2340 1361//2340 648//2340
f 1361//2341 1362//2341 657//2341
f 643//2342 1363//2342 1359//2342
f 657//2343 1364//2343 662//2343
f 1362//2344 1364//2344 657//2344
f 1363//2345 1365//2345 1359//2345
f 1359//2346 1365//2346 1360//2346
f 1360//2347 1366//2347 1361//2347
f 1365//2348 1366//2348 1360//2348
f 1364//2349 1367//2349 662//2349
f 1361//2350 1368//2350 1362//2350
f 1366//2351 1368//2351 1361//2351
f 643//2352 1369//2352 1363//2352
f 1368//2353 1370//2353 1362//2353
f 1362//2354 1370//2354 1364//2354
f 662//2355 1371//2355 665//2355
f 1367//2356 1371//2356 662//2356
f 1369//2357 1372//2357 1363//2357
f 1363//2358 1372//2358 1365//2358
f 1372//2359 1373//2359 1365//2359
f 1365//2360 1373//2360 1366//2360
f 1364//2361 1374//2361 1367//2361
f 1370//2362 1374//2362 1364//2362
f 1366//2363 1375//2363 1368//2363
f 1373//2364 1375//2364 1366//2364
f 1371//2365 1376//2365 665//2365
f 643//2366 1377//2366 1369//2366
f 1368//2367 1378//2367 1370//2367
f 1375//2368 1378//2368 1368//2368
f 1374//2369 1379//2369 1367//2369
f 1367//2370 1379//2370 1371//2370
f 1377//2371 1380//2371 1369//2371
f 1369//2372 1380//2372 1372//2372
f 1372//2373 1381//2373 1373//2373
f 1380//2374 1381//2374 1372//2374
f 1378//2375 1382//2375 1370//2375
f 1370//2376 1382//2376 1374//2376
f 1373//2377 1383//2377 1375//2377
f 1381//2378 1383//2378 1373//2378
f 1376//2379 1384//2379 665//2379
f 1371//2380 1384//2380 1376//2380
f 1379//2381 1384//2381 1371//2381
f 396//2382 1385//2382 643//2382
f 643//2383 1385//2383 1377//2383
f 1375//2384 1386//2384 1378//2384
f 1383//2385 1386//2385 1375//2385
f 1374//2386 1387//2386 1379//2386
f 1382//2387 1387//2387 1374//2387
f 1385//2388 1388//2388 1377//2388
f 1377//2389 1388//2389 1380//2389
f 1388//2390 1389//2390 1380//2390
f 1380//2391 1389//2391 1381//2391
f 1378//2392 1390//2392 1382//2392
f 1386//2393 1390//2393 1378//2393
f 1389//2394 1391//2394 1381//2394
f 1381//2395 1391//2395 1383//2395
f 1384//2396 1392//2396 665//2396
f 1379//2397 1392//2397 1384//2397
f 1387//2398 1392//2398 1379//2398
f 396//2399 1393//2399 1385//2399
f 1383//2400 1394//2400 1386//2400
f 1391//2401 1394//2401 1383//2401
f 1390//2402 1395//2402 1382//2402
f 1382//2403 1395//2403 1387//2403
f 1393//2404 1396//2404 1385//2404
f 1385//2405 1396//2405 1388//2405
f 1396//2406 1397//2406 1388//2406
f 1388//2407 1397//2407 1389//2407
f 1386//2408 1398//2408 1390//2408
f 1394//2409 1398//2409 1386//2409
f 1391//2410 1399//2410 1394//2410
f 1397//2411 1399//2411 1389//2411
f 1389//2412 1399//2412 1391//2412
f 1387//2413 1400//2413 1392//2413
f 1395//2414 1400//2414 1387//2414
f 1392//2415 1400//2415 665//2415
f 396//2416 1401//2416 1393//2416
f 1399//2417 1402//2417 1394//2417
f 1390//2418 1403//2418 1395//2418
f 1398//2419 1403//2419 1390//2419
f 1401//2420 1404//2420 1393//2420
f 1393//2421 1404//2421 1396//2421
f 1396//2422 1405//2422 1397//2422
f 1404//2423 1405//2423 1396//2423
f 1394//2424 1406//2424 1398//2424
f 1402//2425 1406//2425 1394//2425
f 1397//2426 1407//2426 1399//2426
f 1405//2427 1407//2427 1397//2427
f 1399//2428 1407//2428 1402//2428
f 1400//2429 1408//2429 665//2429
f 665//2430 1408//2430 419//2430
f 1395//2431 1408//2431 1400//2431
f 1403//2432 1408//2432 1395//2432
f 396//2433 1409//2433 1401//2433
f 1407//2434 1410//2434 1402//2434
f 1398//2435 1411//2435 1403//2435
f 1406//2436 1411//2436 1398//2436
f 1403//2437 1411//2437 1408//2437
f 1409//2438 1412//2438 1401//2438
f 1401//2439 1412//2439 1404//2439
f 1412//2440 1413//2440 1404//2440
f 1404//2441 1413//2441 1405//2441
f 1402//2442 1414//2442 1406//2442
f 1410//2443 1414//2443 1402//2443
f 1405//2444 1415//2444 1407//2444
f 1413//2445 1415//2445 1405//2445
f 1408//2446 1416//2446 419//2446
f 1411//2447 1416//2447 1408//2447
f 396//2448 1417//2448 1409//2448
f 1407//2449 1418//2449 1410//2449
f 1415//2450 1418//2450 1407//2450
f 1414//2451 1419//2451 1406//2451
f 1406//2452 1419//2452 1411//2452
f 1411//2453 1419//2453 1416//2453
f 1409//2454 1420//2454 1412//2454
f 1417//2455 1420//2455 1409//2455
f 1412//2456 1421//2456 1413//2456
f 1413//2457 1421//2457 1415//2457
f 1420//2458 1421//2458 1412//2458
f 401//2459 1422//2459 396//2459
f 396//2460 1422//2460 1417//2460
f 1418//2461 1423//2461 1410//2461
f 1414//2462 1423//2462 1419//2462
f 1410//2463 1423//2463 1414//2463
f 401//2464 1424//2464 1422//2464
f 1422//2465 1424//2465 1417//2465
f 1417//2466 1424//2466 1420//2466
f 1421//2467 1425//2467 1415//2467
f 1416//2468 1426//2468 419//2468
f 1419//2469 1426//2469 1416//2469
f 1424//2470 1427//2470 1420//2470
f 1420//2471 1427//2471 1421//2471
f 410//2472 1427//2472 401//2472
f 401//2473 1427//2473 1424//2473
f 1425//2474 1428//2474 1415//2474
f 1415//2475 1428//2475 1418//2475
f 1423//2476 1429//2476 1419//2476
f 1427//2477 1430//2477 1421//2477
f 410//2478 1430//2478 1427//2478
f 1421//2479 1430//2479 1425//2479
f 1428//2480 1431//2480 1418//2480
f 1423//2481 1431//2481 1429//2481
f 1418//2482 1431//2482 1423//2482
f 415//2483 1432//2483 410//2483
f 410//2484 1432//2484 1430//2484
f 1430//2485 1432//2485 1425//2485
f 1425//2486 1432//2486 1428//2486
f 1419//2487 1433//2487 1426//2487
f 1426//2488 1433//2488 419//2488
f 1429//2489 1433//2489 1419//2489
f 1428//2490 1434//2490 1431//2490
f 1432//2491 1434//2491 1428//2491
f 415//2492 1434//2492 1432//2492
f 1431//2493 1435//2493 1429//2493
f 1434//2494 1435//2494 1431//2494
f 419//2495 1436//2495 415//2495
f 415//2496 1436//2496 1434//2496
f 1434//2497 1436//2497 1435//2497
f 1433//2498 1437//2498 419//2498
f 1429//2499 1437//2499 1433//2499
f 1435//2500 1437//2500 1429//2500
f 1437//2501 1438//2501 419//2501
f 419//2502 1438//2502 1436//2502
f 1436//2503 1438//2503 1435//2503
f 1435//2504 1438//2504 1437//2504
f 283//2505 284//2505 530//2505
f 530//2506 284//2506 531//2506
f 419//2507 418//2507 665//2507
f 665//2508 418//2508 666//2508
f 538//2509 1439//2509 535//2509
f 1439//2510 1440//2510 535//2510
f 535//2511 1441//2511 528//2511
f 1440//2512 1441//2512 535//2512
f 1441//2513 1442//2513 528//2513
f 538//2514 1443//2514 1439//2514
f 528//2515 1444//2515 529//2515
f 1442//2516 1444//2516 528//2516
f 1443//2517 1445//2517 1439//2517
f 1439//2518 1445//2518 1440//2518
f 1440//2519 1446//2519 1441//2519
f 1445//2520 1446//2520 1440//2520
f 1444//2521 1447//2521 529//2521
f 1441//2522 1448//2522 1442//2522
f 1446//2523 1448//2523 1441//2523
f 538//2524 1449//2524 1443//2524
f 1448//2525 1450//2525 1442//2525
f 1442//2526 1450//2526 1444//2526
f 529//2527 1451//2527 530//2527
f 1447//2528 1451//2528 529//2528
f 1449//2529 1452//2529 1443//2529
f 1443//2530 1452//2530 1445//2530
f 1452//2531 1453//2531 1445//2531
f 1445//2532 1453//2532 1446//2532
f 1444//2533 1454//2533 1447//2533
f 1450//2534 1454//2534 1444//2534
f 1446//2535 1455//2535 1448//2535
f 1453//2536 1455//2536 1446//2536
f 1451//2537 1456//2537 530//2537
f 538//2538 1457//2538 1449//2538
f 1448//2539 1458//2539 1450//2539
f 1455//2540 1458//2540 1448//2540
f 1454//2541 1459//2541 1447//2541
f 1447//2542 1459//2542 1451//2542
f 1457//2543 1460//2543 1449//2543
f 1449//2544 1460//2544 1452//2544
f 1452//2545 1461//2545 1453//2545
f 1460//2546 1461//2546 1452//2546
f 1458//2547 1462//2547 1450//2547
f 1450//2548 1462//2548 1454//2548
f 1453//2549 1463//2549 1455//2549
f 1461//2550 1463//2550 1453//2550
f 1456//2551 1464//2551 530//2551
f 1451//2552 1464//2552 1456//2552
f 1459//2553 1464//2553 1451//2553
f 290//2554 1465//2554 538//2554
f 538//2555 1465//2555 1457//2555
f 1455//2556 1466//2556 1458//2556
f 1463//2557 1466//2557 1455//2557
f 1454//2558 1467//2558 1459//2558
f 1462//2559 1467//2559 1454//2559
f 1465//2560 1468//2560 1457//2560
f 1457//2561 1468//2561 1460//2561
f 1468//2562 1469//2562 1460//2562
f 1460//2563 1469//2563 1461//2563
f 1458//2564 1470//2564 1462//2564
f 1466//2565 1470//2565 1458//2565
f 1469//2566 1471//2566 1461//2566
f 1461//2567 1471//2567 1463//2567
f 1464//2568 1472//2568 530//2568
f 1459//2569 1472//2569 1464//2569
f 1467//2570 1472//2570 1459//2570
f 290//2571 1473//2571 1465//2571
f 1463//2572 1474//2572 1466//2572
f 1471//2573 1474//2573 1463//2573
f 1470//2574 1475//2574 1462//2574
f 1462//2575 1475//2575 1467//2575
f 1473//2576 1476//2576 1465//2576
f 1465//2577 1476//2577 1468//2577
f 1476//2578 1477//2578 1468//2578
f 1468//2579 1477//2579 1469//2579
f 1466//2580 1478//2580 1470//2580
f 1474//2581 1478//2581 1466//2581
f 1477//2582 1479//2582 1469//2582
f 1469//2583 1479//2583 1471//2583
f 1467//2584 1480//2584 1472//2584
f 1475//2585 1480//2585 1467//2585
f 1472//2586 1480//2586 530//2586
f 290//2587 1481//2587 1473//2587
f 1479//2588 1482//2588 1471//2588
f 1471//2589 1482//2589 1474//2589
f 1470//2590 1483//2590 1475//2590
f 1478//2591 1483//2591 1470//2591
f 1481//2592 1484//2592 1473//2592
f 1473//2593 1484//2593 1476//2593
f 1476//2594 1485//2594 1477//2594
f 1484//2595 1485//2595 1476//2595
f 1474//2596 1486//2596 1478//2596
f 1482//2597 1486//2597 1474//2597
f 1477//2598 1487//2598 1479//2598
f 1485//2599 1487//2599 1477//2599
f 1480//2600 1488//2600 530//2600
f 530//2601 1488//2601 283//2601
f 1475//2602 1488//2602 1480//2602
f 1483//2603 1488//2603 1475//2603
f 290//2604 1489//2604 1481//2604
f 1487//2605 1490//2605 1479//2605
f 1479//2606 1490//2606 1482//2606
f 1478//2607 1491//2607 1483//2607
f 1486//2608 1491//2608 1478//2608
f 1483//2609 1491//2609 1488//2609
f 1489//2610 1492//2610 1481//2610
f 1481//2611 1492//2611 1484//2611
f 1492//2612 1493//2612 1484//2612
f 1484//2613 1493//2613 1485//2613
f 1485//2614 1493//2614 1487//2614
f 1482//2615 1494//2615 1486//2615
f 1490//2616 1494//2616 1482//2616
f 1486//2617 1494//2617 1491//2617
f 1493//2618 1495//2618 1487//2618
f 1488//2619 1496//2619 283//2619
f 1491//2620 1496//2620 1488//2620
f 290//2621 1497//2621 1489//2621
f 1487//2622 1498//2622 1490//2622
f 1495//2623 1498//2623 1487//2623
f 1494//2624 1499//2624 1491//2624
f 1489//2625 1500//2625 1492//2625
f 1497//2626 1500//2626 1489//2626
f 1492//2627 1501//2627 1493//2627
f 1493//2628 1501//2628 1495//2628
f 1500//2629 1501//2629 1492//2629
f 288//2630 1502//2630 290//2630
f 290//2631 1502//2631 1497//2631
f 1498//2632 1503//2632 1490//2632
f 1490//2633 1503//2633 1494//2633
f 288//2634 1504//2634 1502//2634
f 1502//2635 1504//2635 1497//2635
f 1497//2636 1504//2636 1500//2636
f 1501//2637 1505//2637 1495//2637
f 1496//2638 1506//2638 283//2638
f 1491//2639 1506//2639 1496//2639
f 1499//2640 1506//2640 1491//2640
f 1504//2641 1507//2641 1500//2641
f 1500//2642 1507//2642 1501//2642
f 280//2643 1507//2643 288//2643
f 288//2644 1507//2644 1504//2644
f 1501//2645 1507//2645 1505//2645
f 1505//2646 1508//2646 1495//2646
f 1495//2647 1508//2647 1498//2647
f 1503//2648 1509//2648 1494//2648
f 1494//2649 1509//2649 1499//2649
f 1499//2650 1509//2650 1506//2650
f 1507//2651 1510//2651 1505//2651
f 280//2652 1510//2652 1507//2652
f 1508//2653 1511//2653 1498//2653
f 1498//2654 1511//2654 1503//2654
f 282//2655 1512//2655 280//2655
f 280//2656 1512//2656 1510//2656
f 1505//2657 1512//2657 1508//2657
f 1508//2658 1512//2658 1511//2658
f 1510//2659 1512//2659 1505//2659
f 1506//2660 1513//2660 283//2660
f 1509//2661 1513//2661 1506//2661
f 1512//2662 1514//2662 1511//2662
f 282//2663 1514//2663 1512//2663
f 1511//2664 1515//2664 1503//2664
f 1503//2665 1515//2665 1509//2665
f 283//2666 1516//2666 282//2666
f 1511//2667 1516//2667 1515//2667
f 1514//2668 1516//2668 1511//2668
f 282//2669 1516//2669 1514//2669
f 1513//2670 1517//2670 283//2670
f 1509//2671 1517//2671 1513//2671
f 1515//2672 1517//2672 1509//2672
f 1516//2673 1517//2673 1515//2673
f 283//2674 1518//2674 1516//2674
f 1517//2675 1518//2675 283//2675
f 1516//2676 1518//2676 1517//2676
f 666//2677 1519//2677 660//2677
f 1519//2678 1520//2678 660//2678
f 666//2679 1521//2679 1519//2679
f 660//2680 1522//2680 649//2680
f 1520//2681 1522//2681 660//2681
f 1522//2682 1523//2682 649//2682
f 1519//2683 1524//2683 1520//2683
f 1521//2684 1524//2684 1519//2684
f 649//2685 1525//2685 650//2685
f 1523//2686 1525//2686 649//2686
f 666//2687 1526//2687 1521//2687
f 1520//2688 1527//2688 1522//2688
f 1524//2689 1527//2689 1520//2689
f 1525//2690 1528//2690 650//2690
f 650//2691 1529//2691 644//2691
f 1528//2692 1529//2692 650//2692
f 1522//2693 1530//2693 1523//2693
f 1527//2694 1530//2694 1522//2694
f 1521//2695 1531//2695 1524//2695
f 1526//2696 1531//2696 1521//2696
f 1523//2697 1532//2697 1525//2697
f 1530//2698 1532//2698 1523//2698
f 666//2699 1533//2699 1526//2699
f 1524//2700 1534//2700 1527//2700
f 1531//2701 1534//2701 1524//2701
f 1525//2702 1535//2702 1528//2702
f 1528//2703 1535//2703 1529//2703
f 1532//2704 1535//2704 1525//2704
f 1529//2705 1536//2705 644//2705
f 1535//2706 1536//2706 1529//2706
f 1527//2707 1537//2707 1530//2707
f 1534//2708 1537//2708 1527//2708
f 1526//2709 1538//2709 1531//2709
f 1533//2710 1538//2710 1526//2710
f 1530//2711 1539//2711 1532//2711
f 1537//2712 1539//2712 1530//2712
f 418//2713 1540//2713 666//2713
f 666//2714 1540//2714 1533//2714
f 1533//2715 1540//2715 1538//2715
f 1538//2716 1541//2716 1531//2716
f 1531//2717 1541//2717 1534//2717
f 1532//2718 1542//2718 1535//2718
f 1539//2719 1542//2719 1532//2719
f 1536//2720 1543//2720 644//2720
f 1535//2721 1543//2721 1536//2721
f 1542//2722 1543//2722 1535//2722
f 1534//2723 1544//2723 1537//2723
f 1541//2724 1544//2724 1534//2724
f 1540//2725 1545//2725 1538//2725
f 1537//2726 1546//2726 1539//2726
f 1544//2727 1546//2727 1537//2727
f 418//2728 1547//2728 1540//2728
f 1538//2729 1548//2729 1541//2729
f 1545//2730 1548//2730 1538//2730
f 1539//2731 1549//2731 1542//2731
f 1546//2732 1549//2732 1539//2732
f 1549//2733 1550//2733 1542//2733
f 1543//2734 1550//2734 644//2734
f 1542//2735 1550//2735 1543//2735
f 1548//2736 1551//2736 1541//2736
f 1541//2737 1551//2737 1544//2737
f 1547//2738 1552//2738 1540//2738
f 1540//2739 1552//2739 1545//2739
f 1544//2740 1553//2740 1546//2740
f 1551//2741 1553//2741 1544//2741
f 418//2742 1554//2742 1547//2742
f 1552//2743 1555//2743 1545//2743
f 1548//2744 1555//2744 1551//2744
f 1545//2745 1555//2745 1548//2745
f 1553//2746 1556//2746 1546//2746
f 1546//2747 1556//2747 1549//2747
f 1556//2748 1557//2748 1549//2748
f 1549//2749 1557//2749 1550//2749
f 1555//2750 1558//2750 1551//2750
f 1554//2751 1559//2751 1547//2751
f 1547//2752 1559//2752 1552//2752
f 1551//2753 1560//2753 1553//2753
f 1558//2754 1560//2754 1551//2754
f 418//2755 1561//2755 1554//2755
f 1552//2756 1562//2756 1555//2756
f 1559//2757 1562//2757 1552//2757
f 1560//2758 1563//2758 1553//2758
f 1553//2759 1563//2759 1556//2759
f 1556//2760 1564//2760 1557//2760
f 1563//2761 1564//2761 1556//2761
f 1562//2762 1565//2762 1555//2762
f 1555//2763 1565//2763 1558//2763
f 1554//2764 1566//2764 1559//2764
f 1561//2765 1566//2765 1554//2765
f 1565//2766 1567//2766 1558//2766
f 1558//2767 1567//2767 1560//2767
f 418//2768 1568//2768 1561//2768
f 1566//2769 1569//2769 1559//2769
f 1559//2770 1569//2770 1562//2770
f 1560//2771 1570//2771 1563//2771
f 1567//2772 1570//2772 1560//2772
f 1563//2773 1571//2773 1564//2773
f 1570//2774 1571//2774 1563//2774
f 413//2775 1572//2775 418//2775
f 418//2776 1572//2776 1568//2776
f 1562//2777 1573//2777 1565//2777
f 1569//2778 1573//2778 1562//2778
f 1565//2779 1573//2779 1567//2779
f 644//2780 1574//2780 397//2780
f 1550//2781 1574//2781 644//2781
f 1564//2782 1574//2782 1557//2782
f 1571//2783 1574//2783 1564//2783
f 1557//2784 1574//2784 1550//2784
f 1566//2785 1575//2785 1569//2785
f 1561//2786 1575//2786 1566//2786
f 1568//2787 1575//2787 1561//2787
f 1573//2788 1576//2788 1567//2788
f 413//2789 1577//2789 1572//2789
f 1572//2790 1577//2790 1568//2790
f 1568//2791 1577//2791 1575//2791
f 1575//2792 1578//2792 1569//2792
f 1567//2793 1579//2793 1570//2793
f 1576//2794 1579//2794 1567//2794
f 1579//2795 1580//2795 1570//2795
f 1570//2796 1580//2796 1571//2796
f 1569//2797 1581//2797 1573//2797
f 1578//2798 1581//2798 1569//2798
f 1580//2799 1582//2799 1571//2799
f 1574//2800 1582//2800 397//2800
f 1571//2801 1582//2801 1574//2801
f 402//2802 1583//2802 413//2802
f 413//2803 1583//2803 1577//2803
f 1575//2804 1583//2804 1578//2804
f 1577//2805 1583//2805 1575//2805
f 1581//2806 1584//2806 1573//2806
f 1573//2807 1584//2807 1576//2807
f 1583//2808 1585//2808 1578//2808
f 402//2809 1585//2809 1583//2809
f 1578//2810 1585//2810 1581//2810
f 1584//2811 1586//2811 1576//2811
f 1576//2812 1586//2812 1579//2812
f 403//2813 1587//2813 402//2813
f 402//2814 1587//2814 1585//2814
f 1585//2815 1587//2815 1581//2815
f 1581//2816 1587//2816 1584//2816
f 1586//2817 1588//2817 1579//2817
f 1579//2818 1588//2818 1580//2818
f 1582//2819 1589//2819 397//2819
f 1588//2820 1589//2820 1580//2820
f 1580//2821 1589//2821 1582//2821
f 403//2822 1590//2822 1587//2822
f 1584//2823 1590//2823 1586//2823
f 1587//2824 1590//2824 1584//2824
f 403//2825 1591//2825 1590//2825
f 397//2826 1591//2826 403//2826
f 1590//2827 1591//2827 1586//2827
f 1586//2828 1591//2828 1588//2828
f 1589//2829 1592//2829 397//2829
f 1588//2830 1592//2830 1589//2830
f 397//2831 1592//2831 1591//2831
f 1591//2832 1592//2832 1588//2832
f 292//2833 290//2833 540//2833
f 540//2834 290//2834 538//2834
f 397//2835 377//2835 644//2835
f 644//2836 377//2836 624//2836
f 257//2837 292//2837 504//2837
f 504//2838 292//2838 540//2838
f 377//2839 373//2839 624//2839
f 624//2840 373//2840 620//2840
f 255//2841 257//2841 502//2841
f 502//2842 257//2842 504//2842
f 373//2843 380//2843 620//2843
f 620//2844 380//2844 627//2844
f 496//2845 1593//2845 492//2845
f 1593//2846 1594//2846 492//2846
f 496//2847 1595//2847 1593//2847
f 492//2848 1596//2848 499//2848
f 1594//2849 1596//2849 492//2849
f 1596//2850 1597//2850 499//2850
f 1593//2851 1598//2851 1594//2851
f 1595//2852 1598//2852 1593//2852
f 499//2853 1599//2853 501//2853
f 1597//2854 1599//2854 499//2854
f 496//2855 1600//2855 1595//2855
f 1594//2856 1601//2856 1596//2856
f 1598//2857 1601//2857 1594//2857
f 1599//2858 1602//2858 501//2858
f 501//2859 1603//2859 502//2859
f 1602//2860 1603//2860 501//2860
f 1596//2861 1604//2861 1597//2861
f 1601//2862 1604//2862 1596//2862
f 1595//2863 1605//2863 1598//2863
f 1600//2864 1605//2864 1595//2864
f 1597//2865 1606//2865 1599//2865
f 1604//2866 1606//2866 1597//2866
f 496//2867 1607//2867 1600//2867
f 1598//2868 1608//2868 1601//2868
f 1605//2869 1608//2869 1598//2869
f 1599//2870 1609//2870 1602//2870
f 1606//2871 1609//2871 1599//2871
f 1603//2872 1610//2872 502//2872
f 1602//2873 1610//2873 1603//2873
f 1609//2874 1610//2874 1602//2874
f 1601//2875 1611//2875 1604//2875
f 1608//2876 1611//2876 1601//2876
f 1600//2877 1612//2877 1605//2877
f 1607//2878 1612//2878 1600//2878
f 1604//2879 1613//2879 1606//2879
f 1611//2880 1613//2880 1604//2880
f 1606//2881 1613//2881 1609//2881
f 249//2882 1614//2882 496//2882
f 496//2883 1614//2883 1607//2883
f 1612//2884 1615//2884 1605//2884
f 1605//2885 1615//2885 1608//2885
f 1613//2886 1616//2886 1609//2886
f 1610//2887 1617//2887 502//2887
f 1609//2888 1617//2888 1610//2888
f 1616//2889 1617//2889 1609//2889
f 1608//2890 1618//2890 1611//2890
f 1615//2891 1618//2891 1608//2891
f 1607//2892 1619//2892 1612//2892
f 1614//2893 1619//2893 1607//2893
f 1611//2894 1620//2894 1613//2894
f 1618//2895 1620//2895 1611//2895
f 249//2896 1621//2896 1614//2896
f 1612//2897 1622//2897 1615//2897
f 1619//2898 1622//2898 1612//2898
f 1613//2899 1623//2899 1616//2899
f 1616//2900 1623//2900 1617//2900
f 1620//2901 1623//2901 1613//2901
f 1617//2902 1624//2902 502//2902
f 1623//2903 1624//2903 1617//2903
f 1622//2904 1625//2904 1615//2904
f 1615//2905 1625//2905 1618//2905
f 1621//2906 1626//2906 1614//2906
f 1614//2907 1626//2907 1619//2907
f 1618//2908 1627//2908 1620//2908
f 1625//2909 1627//2909 1618//2909
f 249//2910 1628//2910 1621//2910
f 1621//2911 1628//2911 1626//2911
f 1626//2912 1629//2912 1619//2912
f 1622//2913 1629//2913 1625//2913
f 1619//2914 1629//2914 1622//2914
f 1627//2915 1630//2915 1620//2915
f 1620//2916 1630//2916 1623//2916
f 1623//2917 1631//2917 1624//2917
f 1630//2918 1631//2918 1623//2918
f 1629//2919 1632//2919 1625//2919
f 1628//2920 1633//2920 1626//2920
f 1625//2921 1634//2921 1627//2921
f 1632//2922 1634//2922 1625//2922
f 249//2923 1635//2923 1628//2923
f 1626//2924 1636//2924 1629//2924
f 1629//2925 1636//2925 1632//2925
f 1633//2926 1636//2926 1626//2926
f 1630//2927 1637//2927 1631//2927
f 1634//2928 1637//2928 1627//2928
f 1627//2929 1637//2929 1630//2929
f 1637//2930 1638//2930 1631//2930
f 1632//2931 1639//2931 1634//2931
f 1636//2932 1639//2932 1632//2932
f 1628//2933 1640//2933 1633//2933
f 1635//2934 1640//2934 1628//2934
f 1639//2935 1641//2935 1634//2935
f 249//2936 1642//2936 1635//2936
f 1633//2937 1643//2937 1636//2937
f 1640//2938 1643//2938 1633//2938
f 1634//2939 1644//2939 1637//2939
f 1641//2940 1644//2940 1634//2940
f 1637//2941 1645//2941 1638//2941
f 1644//2942 1645//2942 1637//2942
f 246//2943 1646//2943 249//2943
f 249//2944 1646//2944 1642//2944
f 1636//2945 1647//2945 1639//2945
f 1643//2946 1647//2946 1636//2946
f 1639//2947 1647//2947 1641//2947
f 502//2948 1648//2948 255//2948
f 1624//2949 1648//2949 502//2949
f 1638//2950 1648//2950 1631//2950
f 1645//2951 1648//2951 1638//2951
f 1631//2952 1648//2952 1624//2952
f 1635//2953 1649//2953 1640//2953
f 1642//2954 1649//2954 1635//2954
f 1647//2955 1650//2955 1641//2955
f 246//2956 1651//2956 1646//2956
f 1646//2957 1651//2957 1642//2957
f 1642//2958 1651//2958 1649//2958
f 1640//2959 1652//2959 1643//2959
f 1649//2960 1652//2960 1640//2960
f 1641//2961 1653//2961 1644//2961
f 1650//2962 1653//2962 1641//2962
f 1644//2963 1654//2963 1645//2963
f 1653//2964 1654//2964 1644//2964
f 1643//2965 1655//2965 1647//2965
f 1652//2966 1655//2966 1643//2966
f 1654//2967 1656//2967 1645//2967
f 1648//2968 1656//2968 255//2968
f 1645//2969 1656//2969 1648//2969
f 252//2970 1657//2970 246//2970
f 246//2971 1657//2971 1651//2971
f 1651//2972 1657//2972 1649//2972
f 1649//2973 1657//2973 1652//2973
f 1655//2974 1658//2974 1647//2974
f 1647//2975 1658//2975 1650//2975
f 1652//2976 1659//2976 1655//2976
f 1657//2977 1659//2977 1652//2977
f 1655//2978 1659//2978 1658//2978
f 252//2979 1659//2979 1657//2979
f 1653//2980 1660//2980 1654//2980
f 1658//2981 1660//2981 1650//2981
f 1650//2982 1660//2982 1653//2982
f 254//2983 1661//2983 252//2983
f 252//2984 1661//2984 1659//2984
f 1659//2985 1661//2985 1658//2985
f 1660//2986 1662//2986 1654//2986
f 1656//2987 1663//2987 255//2987
f 1662//2988 1663//2988 1654//2988
f 1654//2989 1663//2989 1656//2989
f 1658//2990 1664//2990 1660//2990
f 254//2991 1664//2991 1661//2991
f 1661//2992 1664//2992 1658//2992
f 1660//2993 1664//2993 1662//2993
f 255//2994 1665//2994 254//2994
f 254//2995 1665//2995 1664//2995
f 1664//2996 1665//2996 1662//2996
f 1663//2997 1666//2997 255//2997
f 1662//2998 1666//2998 1663//2998
f 255//2999 1666//2999 1665//2999
f 1665//3000 1666//3000 1662//3000
f 627//3001 1667//3001 630//3001
f 1667//3002 1668//3002 630//3002
f 630//3003 1669//3003 637//3003
f 1668//3004 1669//3004 630//3004
f 1669//3005 1670//3005 637//3005
f 627//3006 1671//3006 1667//3006
f 637//3007 1672//3007 642//3007
f 1670//3008 1672//3008 637//3008
f 1671//3009 1673//3009 1667//3009
f 1667//3010 1673//3010 1668//3010
f 1668//3011 1674//3011 1669//3011
f 1673//3012 1674//3012 1668//3012
f 1672//3013 1675//3013 642//3013
f 1669//3014 1676//3014 1670//3014
f 1674//3015 1676//3015 1669//3015
f 627//3016 1677//3016 1671//3016
f 1676//3017 1678//3017 1670//3017
f 1670//3018 1678//3018 1672//3018
f 642//3019 1679//3019 654//3019
f 1675//3020 1679//3020 642//3020
f 1677//3021 1680//3021 1671//3021
f 1671//3022 1680//3022 1673//3022
f 1680//3023 1681//3023 1673//3023
f 1673//3024 1681//3024 1674//3024
f 1672//3025 1682//3025 1675//3025
f 1678//3026 1682//3026 1672//3026
f 1674//3027 1683//3027 1676//3027
f 1681//3028 1683//3028 1674//3028
f 1679//3029 1684//3029 654//3029
f 627//3030 1685//3030 1677//3030
f 1676//3031 1686//3031 1678//3031
f 1683//3032 1686//3032 1676//3032
f 1682//3033 1687//3033 1675//3033
f 1675//3034 1687//3034 1679//3034
f 1685//3035 1688//3035 1677//3035
f 1677//3036 1688//3036 1680//3036
f 1680//3037 1689//3037 1681//3037
f 1688//3038 1689//3038 1680//3038
f 1686//3039 1690//3039 1678//3039
f 1678//3040 1690//3040 1682//3040
f 1681//3041 1691//3041 1683//3041
f 1689//3042 1691//3042 1681//3042
f 1684//3043 1692//3043 654//3043
f 1679//3044 1692//3044 1684//3044
f 1687//3045 1692//3045 1679//3045
f 380//3046 1693//3046 627//3046
f 627//3047 1693//3047 1685//3047
f 1683//3048 1694//3048 1686//3048
f 1691//3049 1694//3049 1683//3049
f 1682//3050 1695//3050 1687//3050
f 1690//3051 1695//3051 1682//3051
f 1693//3052 1696//3052 1685//3052
f 1685//3053 1696//3053 1688//3053
f 1696//3054 1697//3054 1688//3054
f 1688//3055 1697//3055 1689//3055
f 1686//3056 1698//3056 1690//3056
f 1694//3057 1698//3057 1686//3057
f 1697//3058 1699//3058 1689//3058
f 1689//3059 1699//3059 1691//3059
f 1692//3060 1700//3060 654//3060
f 1687//3061 1700//3061 1692//3061
f 1695//3062 1700//3062 1687//3062
f 380//3063 1701//3063 1693//3063
f 1693//3064 1701//3064 1696//3064
f 1691//3065 1702//3065 1694//3065
f 1699//3066 1702//3066 1691//3066
f 1698//3067 1703//3067 1690//3067
f 1690//3068 1703//3068 1695//3068
f 1701//3069 1704//3069 1696//3069
f 1704//3070 1705//3070 1696//3070
f 1696//3071 1705//3071 1697//3071
f 1694//3072 1706//3072 1698//3072
f 1702//3073 1706//3073 1694//3073
f 1705//3074 1707//3074 1697//3074
f 1697//3075 1707//3075 1699//3075
f 1695//3076 1708//3076 1700//3076
f 1703//3077 1708//3077 1695//3077
f 1700//3078 1708//3078 654//3078
f 380//3079 1709//3079 1701//3079
f 1699//3080 1710//3080 1702//3080
f 1707//3081 1710//3081 1699//3081
f 1698//3082 1711//3082 1703//3082
f 1706//3083 1711//3083 1698//3083
f 1703//3084 1711//3084 1708//3084
f 1701//3085 1712//3085 1704//3085
f 1709//3086 1712//3086 1701//3086
f 1704//3087 1713//3087 1705//3087
f 1712//3088 1713//3088 1704//3088
f 1702//3089 1714//3089 1706//3089
f 1710//3090 1714//3090 1702//3090
f 1705//3091 1715//3091 1707//3091
f 1713//3092 1715//3092 1705//3092
f 1708//3093 1716//3093 654//3093
f 654//3094 1716//3094 407//3094
f 1711//3095 1716//3095 1708//3095
f 380//3096 1717//3096 1709//3096
f 1715//3097 1718//3097 1707//3097
f 1707//3098 1718//3098 1710//3098
f 1706//3099 1719//3099 1711//3099
f 1714//3100 1719//3100 1706//3100
f 1717//3101 1720//3101 1709//3101
f 1709//3102 1720//3102 1712//3102
f 1720//3103 1721//3103 1712//3103
f 1712//3104 1721//3104 1713//3104
f 1713//3105 1721//3105 1715//3105
f 1710//3106 1722//3106 1714//3106
f 1718//3107 1722//3107 1710//3107
f 1721//3108 1723//3108 1715//3108
f 1716//3109 1724//3109 407//3109
f 1719//3110 1724//3110 1711//3110
f 1711//3111 1724//3111 1716//3111
f 380//3112 1725//3112 1717//3112
f 1715//3113 1726//3113 1718//3113
f 1723//3114 1726//3114 1715//3114
f 1718//3115 1726//3115 1722//3115
f 1714//3116 1727//3116 1719//3116
f 1722//3117 1727//3117 1714//3117
f 1717//3118 1728//3118 1720//3118
f 1725//3119 1728//3119 1717//3119
f 1720//3120 1729//3120 1721//3120
f 1728//3121 1729//3121 1720//3121
f 383//3122 1730//3122 380//3122
f 380//3123 1730//3123 1725//3123
f 1726//3124 1731//3124 1722//3124
f 383//3125 1732//3125 1730//3125
f 1730//3126 1732//3126 1725//3126
f 1725//3127 1732//3127 1728//3127
f 1729//3128 1733//3128 1721//3128
f 1721//3129 1733//3129 1723//3129
f 1727//3130 1734//3130 1719//3130
f 1719//3131 1734//3131 1724//3131
f 1724//3132 1734//3132 407//3132
f 1732//3133 1735//3133 1728//3133
f 1728//3134 1735//3134 1729//3134
f 390//3135 1735//3135 383//3135
f 383//3136 1735//3136 1732//3136
f 1729//3137 1735//3137 1733//3137
f 1733//3138 1736//3138 1723//3138
f 1723//3139 1736//3139 1726//3139
f 1731//3140 1737//3140 1722//3140
f 1722//3141 1737//3141 1727//3141
f 1735//3142 1738//3142 1733//3142
f 390//3143 1738//3143 1735//3143
f 1736//3144 1739//3144 1726//3144
f 1726//3145 1739//3145 1731//3145
f 1733//3146 1740//3146 1736//3146
f 1738//3147 1740//3147 1733//3147
f 395//3148 1740//3148 390//3148
f 390//3149 1740//3149 1738//3149
f 1736//3150 1740//3150 1739//3150
f 1734//3151 1741//3151 407//3151
f 1737//3152 1741//3152 1727//3152
f 1727//3153 1741//3153 1734//3153
f 1740//3154 1742//3154 1739//3154
f 395//3155 1742//3155 1740//3155
f 1739//3156 1743//3156 1731//3156
f 1731//3157 1743//3157 1737//3157
f 407//3158 1744//3158 395//3158
f 1739//3159 1744//3159 1743//3159
f 395//3160 1744//3160 1742//3160
f 1742//3161 1744//3161 1739//3161
f 1741//3162 1745//3162 407//3162
f 1737//3163 1745//3163 1741//3163
f 1743//3164 1745//3164 1737//3164
f 407//3165 1746//3165 1744//3165
f 1745//3166 1746//3166 407//3166
f 1744//3167 1746//3167 1743//3167
f 1743//3168 1746//3168 1745//3168
f 248//3169 249//3169 495//3169
f 495//3170 249//3170 496//3170
f 407//3171 408//3171 654//3171
f 654//3172 408//3172 655//3172
f 503//3173 1747//3173 500//3173
f 1747//3174 1748//3174 500//3174
f 500//3175 1749//3175 493//3175
f 1748//3176 1749//3176 500//3176
f 1749//3177 1750//3177 493//3177
f 503//3178 1751//3178 1747//3178
f 493//3179 1752//3179 494//3179
f 1750//3180 1752//3180 493//3180
f 1751//3181 1753//3181 1747//3181
f 1747//3182 1753//3182 1748//3182
f 1748//3183 1754//3183 1749//3183
f 1753//3184 1754//3184 1748//3184
f 1752//3185 1755//3185 494//3185
f 1749//3186 1756//3186 1750//3186
f 1754//3187 1756//3187 1749//3187
f 503//3188 1757//3188 1751//3188
f 1756//3189 1758//3189 1750//3189
f 1750//3190 1758//3190 1752//3190
f 494//3191 1759//3191 495//3191
f 1755//3192 1759//3192 494//3192
f 1757//3193 1760//3193 1751//3193
f 1751//3194 1760//3194 1753//3194
f 1760//3195 1761//3195 1753//3195
f 1753//3196 1761//3196 1754//3196
f 1752//3197 1762//3197 1755//3197
f 1758//3198 1762//3198 1752//3198
f 1754//3199 1763//3199 1756//3199
f 1761//3200 1763//3200 1754//3200
f 1759//3201 1764//3201 495//3201
f 503//3202 1765//3202 1757//3202
f 1756//3203 1766//3203 1758//3203
f 1763//3204 1766//3204 1756//3204
f 1762//3205 1767//3205 1755//3205
f 1755//3206 1767//3206 1759//3206
f 1765//3207 1768//3207 1757//3207
f 1757//3208 1768//3208 1760//3208
f 1760//3209 1769//3209 1761//3209
f 1768//3210 1769//3210 1760//3210
f 1766//3211 1770//3211 1758//3211
f 1758//3212 1770//3212 1762//3212
f 1761//3213 1771//3213 1763//3213
f 1769//3214 1771//3214 1761//3214
f 1764//3215 1772//3215 495//3215
f 1759//3216 1772//3216 1764//3216
f 1767//3217 1772//3217 1759//3217
f 256//3218 1773//3218 503//3218
f 503//3219 1773//3219 1765//3219
f 1763//3220 1774//3220 1766//3220
f 1771//3221 1774//3221 1763//3221
f 1762//3222 1775//3222 1767//3222
f 1770//3223 1775//3223 1762//3223
f 1773//3224 1776//3224 1765//3224
f 1765//3225 1776//3225 1768//3225
f 1776//3226 1777//3226 1768//3226
f 1768//3227 1777//3227 1769//3227
f 1766//3228 1778//3228 1770//3228
f 1774//3229 1778//3229 1766//3229
f 1777//3230 1779//3230 1769//3230
f 1769//3231 1779//3231 1771//3231
f 1772//3232 1780//3232 495//3232
f 1767//3233 1780//3233 1772//3233
f 1775//3234 1780//3234 1767//3234
f 256//3235 1781//3235 1773//3235
f 1771//3236 1782//3236 1774//3236
f 1779//3237 1782//3237 1771//3237
f 1778//3238 1783//3238 1770//3238
f 1770//3239 1783//3239 1775//3239
f 1781//3240 1784//3240 1773//3240
f 1773//3241 1784//3241 1776//3241
f 1784//3242 1785//3242 1776//3242
f 1777//3243 1785//3243 1779//3243
f 1776//3244 1785//3244 1777//3244
f 1774//3245 1786//3245 1778//3245
f 1782//3246 1786//3246 1774//3246
f 1785//3247 1787//3247 1779//3247
f 1775//3248 1788//3248 1780//3248
f 1783//3249 1788//3249 1775//3249
f 1780//3250 1788//3250 495//3250
f 256//3251 1789//3251 1781//3251
f 1779//3252 1790//3252 1782//3252
f 1787//3253 1790//3253 1779//3253
f 1778//3254 1791//3254 1783//3254
f 1786//3255 1791//3255 1778//3255
f 1789//3256 1792//3256 1781//3256
f 1781//3257 1792//3257 1784//3257
f 1784//3258 1793//3258 1785//3258
f 1792//3259 1793//3259 1784//3259
f 1782//3260 1794//3260 1786//3260
f 1790//3261 1794//3261 1782//3261
f 1785//3262 1795//3262 1787//3262
f 1793//3263 1795//3263 1785//3263
f 1788//3264 1796//3264 495//3264
f 495//3265 1796//3265 248//3265
f 1783//3266 1796//3266 1788//3266
f 1791//3267 1796//3267 1783//3267
f 256//3268 1797//3268 1789//3268
f 1795//3269 1798//3269 1787//3269
f 1787//3270 1798//3270 1790//3270
f 1790//3271 1798//3271 1794//3271
f 1786//3272 1799//3272 1791//3272
f 1794//3273 1799//3273 1786//3273
f 1791//3274 1799//3274 1796//3274
f 1797//3275 1800//3275 1789//3275
f 1789//3276 1800//3276 1792//3276
f 1800//3277 1801//3277 1792//3277
f 1792//3278 1801//3278 1793//3278
f 1798//3279 1802//3279 1794//3279
f 1793//3280 1803//3280 1795//3280
f 1801//3281 1803//3281 1793//3281
f 1796//3282 1804//3282 248//3282
f 1799//3283 1804//3283 1796//3283
f 256//3284 1805//3284 1797//3284
f 1795//3285 1806//3285 1798//3285
f 1803//3286 1806//3286 1795//3286
f 1794//3287 1807//3287 1799//3287
f 1802//3288 1807//3288 1794//3288
f 1797//3289 1808//3289 1800//3289
f 1805//3290 1808//3290 1797//3290
f 1800//3291 1809//3291 1801//3291
f 1801//3292 1809//3292 1803//3292
f 1808//3293 1809//3293 1800//3293
f 253//3294 1810//3294 256//3294
f 256//3295 1810//3295 1805//3295
f 1806//3296 1811//3296 1798//3296
f 1798//3297 1811//3297 1802//3297
f 253//3298 1812//3298 1810//3298
f 1810//3299 1812//3299 1805//3299
f 1805//3300 1812//3300 1808//3300
f 1809//3301 1813//3301 1803//3301
f 1804//3302 1814//3302 248//3302
f 1799//3303 1814//3303 1804//3303
f 1807//3304 1814//3304 1799//3304
f 1812//3305 1815//3305 1808//3305
f 1808//3306 1815//3306 1809//3306
f 245//3307 1815//3307 253//3307
f 253//3308 1815//3308 1812//3308
f 1809//3309 1815//3309 1813//3309
f 1813//3310 1816//3310 1803//3310
f 1803//3311 1816//3311 1806//3311
f 1811//3312 1817//3312 1802//3312
f 1802//3313 1817//3313 1807//3313
f 1807//3314 1817//3314 1814//3314
f 1815//3315 1818//3315 1813//3315
f 245//3316 1818//3316 1815//3316
f 1816//3317 1819//3317 1806//3317
f 1806//3318 1819//3318 1811//3318
f 247//3319 1820//3319 245//3319
f 245//3320 1820//3320 1818//3320
f 1813//3321 1820//3321 1816//3321
f 1818//3322 1820//3322 1813//3322
f 1814//3323 1821//3323 248//3323
f 1817//3324 1821//3324 1814//3324
f 1816//3325 1822//3325 1819//3325
f 1820//3326 1822//3326 1816//3326
f 247//3327 1822//3327 1820//3327
f 1819//3328 1823//3328 1811//3328
f 1817//3329 1823//3329 1821//3329
f 1822//3330 1823//3330 1819//3330
f 1811//3331 1823//3331 1817//3331
f 1822//3332 1824//3332 1823//3332
f 247//3333 1824//3333 1822//3333
f 248//3334 1824//3334 247//3334
f 1821//3335 1825//3335 248//3335
f 1823//3336 1825//3336 1821//3336
f 1824//3337 1826//3337 1823//3337
f 248//3338 1826//3338 1824//3338
f 1825//3339 1826//3339 248//3339
f 1823//3340 1826//3340 1825//3340
f 655//3341 1827//3341 638//3341
f 1827//3342 1828//3342 638//3342
f 655//3343 1829//3343 1827//3343
f 638//3344 1830//3344 631//3344
f 1828//3345 1830//3345 638//3345
f 1830//3346 1831//3346 631//3346
f 1827//3347 1832//3347 1828//3347
f 1829//3348 1832//3348 1827//3348
f 631//3349 1833//3349 632//3349
f 1831//3350 1833//3350 631//3350
f 655//3351 1834//3351 1829//3351
f 1828//3352 1835//3352 1830//3352
f 1832//3353 1835//3353 1828//3353
f 1833//3354 1836//3354 632//3354
f 632//3355 1837//3355 622//3355
f 1836//3356 1837//3356 632//3356
f 1830//3357 1838//3357 1831//3357
f 1835//3358 1838//3358 1830//3358
f 1829//3359 1839//3359 1832//3359
f 1834//3360 1839//3360 1829//3360
f 1831//3361 1840//3361 1833//3361
f 1838//3362 1840//3362 1831//3362
f 655//3363 1841//3363 1834//3363
f 1832//3364 1842//3364 1835//3364
f 1835//3365 1842//3365 1838//3365
f 1839//3366 1842//3366 1832//3366
f 1833//3367 1843//3367 1836//3367
f 1840//3368 1843//3368 1833//3368
f 1837//3369 1844//3369 622//3369
f 1836//3370 1844//3370 1837//3370
f 1843//3371 1844//3371 1836//3371
f 1842//3372 1845//3372 1838//3372
f 1834//3373 1846//3373 1839//3373
f 1841//3374 1846//3374 1834//3374
f 1838//3375 1847//3375 1840//3375
f 1845//3376 1847//3376 1838//3376
f 408//3377 1848//3377 655//3377
f 655//3378 1848//3378 1841//3378
f 1846//3379 1849//3379 1839//3379
f 1839//3380 1849//3380 1842//3380
f 1840//3381 1850//3381 1843//3381
f 1847//3382 1850//3382 1840//3382
f 1844//3383 1851//3383 622//3383
f 1843//3384 1851//3384 1844//3384
f 1850//3385 1851//3385 1843//3385
f 1842//3386 1852//3386 1845//3386
f 1849//3387 1852//3387 1842//3387
f 1841//3388 1853//3388 1846//3388
f 1848//3389 1853//3389 1841//3389
f 1852//3390 1854//3390 1845//3390
f 1845//3391 1854//3391 1847//3391
f 408//3392 1855//3392 1848//3392
f 1846//3393 1856//3393 1849//3393
f 1853//3394 1856//3394 1846//3394
f 1847//3395 1857//3395 1850//3395
f 1854//3396 1857//3396 1847//3396
f 1857//3397 1858//3397 1850//3397
f 1851//3398 1858//3398 622//3398
f 1850//3399 1858//3399 1851//3399
f 1856//3400 1859//3400 1849//3400
f 1849//3401 1859//3401 1852//3401
f 1853//3402 1860//3402 1856//3402
f 1855//3403 1860//3403 1848//3403
f 1848//3404 1860//3404 1853//3404
f 1859//3405 1861//3405 1852//3405
f 1852//3406 1861//3406 1854//3406
f 408//3407 1862//3407 1855//3407
f 1860//3408 1863//3408 1856//3408
f 1861//3409 1864//3409 1854//3409
f 1854//3410 1864//3410 1857//3410
f 1864//3411 1865//3411 1857//3411
f 1857//3412 1865//3412 1858//3412
f 1856//3413 1866//3413 1859//3413
f 1863//3414 1866//3414 1856//3414
f 1862//3415 1867//3415 1855//3415
f 1860//3416 1867//3416 1863//3416
f 1855//3417 1867//3417 1860//3417
f 1859//3418 1868//3418 1861//3418
f 1866//3419 1868//3419 1859//3419
f 408//3420 1869//3420 1862//3420
f 1867//3421 1870//3421 1863//3421
f 1861//3422 1871//3422 1864//3422
f 1868//3423 1871//3423 1861//3423
f 1864//3424 1872//3424 1865//3424
f 1871//3425 1872//3425 1864//3425
f 1863//3426 1873//3426 1866//3426
f 1870//3427 1873//3427 1863//3427
f 1862//3428 1874//3428 1867//3428
f 1869//3429 1874//3429 1862//3429
f 1873//3430 1875//3430 1866//3430
f 1866//3431 1875//3431 1868//3431
f 408//3432 1876//3432 1869//3432
f 1869//3433 1876//3433 1874//3433
f 1867//3434 1877//3434 1870//3434
f 1874//3435 1877//3435 1867//3435
f 1875//3436 1878//3436 1868//3436
f 1868//3437 1878//3437 1871//3437
f 1871//3438 1878//3438 1872//3438
f 1878//3439 1879//3439 1872//3439
f 391//3440 1880//3440 408//3440
f 408//3441 1880//3441 1876//3441
f 1870//3442 1881//3442 1873//3442
f 1877//3443 1881//3443 1870//3443
f 1865//3444 1882//3444 1858//3444
f 622//3445 1882//3445 375//3445
f 1858//3446 1882//3446 622//3446
f 1872//3447 1882//3447 1865//3447
f 1879//3448 1882//3448 1872//3448
f 1876//3449 1883//3449 1874//3449
f 1873//3450 1884//3450 1875//3450
f 1881//3451 1884//3451 1873//3451
f 1876//3452 1885//3452 1883//3452
f 391//3453 1885//3453 1880//3453
f 1880//3454 1885//3454 1876//3454
f 1883//3455 1886//3455 1874//3455
f 1874//3456 1886//3456 1877//3456
f 1877//3457 1886//3457 1881//3457
f 1875//3458 1887//3458 1878//3458
f 1884//3459 1887//3459 1875//3459
f 1878//3460 1887//3460 1879//3460
f 1887//3461 1888//3461 1879//3461
f 1886//3462 1889//3462 1881//3462
f 1888//3463 1890//3463 1879//3463
f 1882//3464 1890//3464 375//3464
f 1879//3465 1890//3465 1882//3465
f 1886//3466 1891//3466 1889//3466
f 384//3467 1891//3467 391//3467
f 391//3468 1891//3468 1885//3468
f 1883//3469 1891//3469 1886//3469
f 1885//3470 1891//3470 1883//3470
f 1889//3471 1892//3471 1881//3471
f 1881//3472 1892//3472 1884//3472
f 1891//3473 1893//3473 1889//3473
f 384//3474 1893//3474 1891//3474
f 1887//3475 1894//3475 1888//3475
f 1892//3476 1894//3476 1884//3476
f 1884//3477 1894//3477 1887//3477
f 385//3478 1895//3478 384//3478
f 384//3479 1895//3479 1893//3479
f 1893//3480 1895//3480 1889//3480
f 1889//3481 1895//3481 1892//3481
f 1894//3482 1896//3482 1888//3482
f 1890//3483 1897//3483 375//3483
f 1896//3484 1897//3484 1888//3484
f 1888//3485 1897//3485 1890//3485
f 1892//3486 1898//3486 1894//3486
f 385//3487 1898//3487 1895//3487
f 1895//3488 1898//3488 1892//3488
f 375//3489 1899//3489 385//3489
f 1898//3490 1899//3490 1894//3490
f 385//3491 1899//3491 1898//3491
f 1894//3492 1899//3492 1896//3492
f 1897//3493 1900//3493 375//3493
f 1896//3494 1900//3494 1897//3494
f 375//3495 1900//3495 1899//3495
f 1899//3496 1900//3496 1896//3496
f 258//3497 256//3497 505//3497
f 505//3498 256//3498 503//3498
f 375//3499 364//3499 622//3499
f 622//3500 364//3500 611//3500
f 236//3501 258//3501 483//3501
f 483//3502 258//3502 505//3502
f 364//3503 355//3503 611//3503
f 611//3504 355//3504 602//3504
f 230//3505 236//3505 476//3505
f 476//3506 236//3506 483//3506
f 355//3507 359//3507 602//3507
f 602//3508 359//3508 606//3508
f 468//3509 1901//3509 464//3509
f 1901//3510 1902//3510 464//3510
f 468//3511 1903//3511 1901//3511
f 464//3512 1904//3512 473//3512
f 1902//3513 1904//3513 464//3513
f 1904//3514 1905//3514 473//3514
f 1901//3515 1906//3515 1902//3515
f 1903//3516 1906//3516 1901//3516
f 473//3517 1907//3517 475//3517
f 1905//3518 1907//3518 473//3518
f 468//3519 1908//3519 1903//3519
f 1902//3520 1909//3520 1904//3520
f 1906//3521 1909//3521 1902//3521
f 1907//3522 1910//3522 475//3522
f 475//3523 1911//3523 476//3523
f 1910//3524 1911//3524 475//3524
f 1904//3525 1912//3525 1905//3525
f 1909//3526 1912//3526 1904//3526
f 1903//3527 1913//3527 1906//3527
f 1908//3528 1913//3528 1903//3528
f 1905//3529 1914//3529 1907//3529
f 1912//3530 1914//3530 1905//3530
f 468//3531 1915//3531 1908//3531
f 1906//3532 1916//3532 1909//3532
f 1913//3533 1916//3533 1906//3533
f 1907//3534 1917//3534 1910//3534
f 1910//3535 1917//3535 1911//3535
f 1914//3536 1917//3536 1907//3536
f 1911//3537 1918//3537 476//3537
f 1917//3538 1918//3538 1911//3538
f 1909//3539 1919//3539 1912//3539
f 1916//3540 1919//3540 1909//3540
f 1908//3541 1920//3541 1913//3541
f 1915//3542 1920//3542 1908//3542
f 1912//3543 1921//3543 1914//3543
f 1919//3544 1921//3544 1912//3544
f 221//3545 1922//3545 468//3545
f 468//3546 1922//3546 1915//3546
f 1920//3547 1923//3547 1913//3547
f 1913//3548 1923//3548 1916//3548
f 1914//3549 1924//3549 1917//3549
f 1917//3550 1924//3550 1918//3550
f 1921//3551 1924//3551 1914//3551
f 1918//3552 1925//3552 476//3552
f 1924//3553 1925//3553 1918//3553
f 1916//3554 1926//3554 1919//3554
f 1923//3555 1926//3555 1916//3555
f 1915//3556 1927//3556 1920//3556
f 1922//3557 1927//3557 1915//3557
f 1919//3558 1928//3558 1921//3558
f 1926//3559 1928//3559 1919//3559
f 1922//3560 1929//3560 1927//3560
f 221//3561 1929//3561 1922//3561
f 1920//3562 1930//3562 1923//3562
f 1923//3563 1930//3563 1926//3563
f 1927//3564 1930//3564 1920//3564
f 1921//3565 1931//3565 1924//3565
f 1928//3566 1931//3566 1921//3566
f 1931//3567 1932//3567 1924//3567
f 1925//3568 1932//3568 476//3568
f 1924//3569 1932//3569 1925//3569
f 1930//3570 1933//3570 1926//3570
f 1929//3571 1934//3571 1927//3571
f 1926//3572 1935//3572 1928//3572
f 1933//3573 1935//3573 1926//3573
f 1929//3574 1936//3574 1934//3574
f 221//3575 1936//3575 1929//3575
f 1934//3576 1937//3576 1927//3576
f 1927//3577 1937//3577 1930//3577
f 1935//3578 1938//3578 1928//3578
f 1928//3579 1938//3579 1931//3579
f 1938//3580 1939//3580 1931//3580
f 1931//3581 1939//3581 1932//3581
f 1930//3582 1940//3582 1933//3582
f 1937//3583 1940//3583 1930//3583
f 1936//3584 1941//3584 1934//3584
f 1933//3585 1942//3585 1935//3585
f 1940//3586 1942//3586 1933//3586
f 221//3587 1943//3587 1936//3587
f 1934//3588 1944//3588 1937//3588
f 1941//3589 1944//3589 1934//3589
f 1942//3590 1945//3590 1935//3590
f 1935//3591 1945//3591 1938//3591
f 1938//3592 1946//3592 1939//3592
f 1945//3593 1946//3593 1938//3593
f 1937//3594 1947//3594 1940//3594
f 1944//3595 1947//3595 1937//3595
f 1936//3596 1948//3596 1941//3596
f 1943//3597 1948//3597 1936//3597
f 1942//3598 1949//3598 1945//3598
f 1947//3599 1949//3599 1940//3599
f 1940//3600 1949//3600 1942//3600
f 221//3601 1950//3601 1943//3601
f 1941//3602 1951//3602 1944//3602
f 1948//3603 1951//3603 1941//3603
f 1949//3604 1952//3604 1945//3604
f 1945//3605 1953//3605 1946//3605
f 1952//3606 1953//3606 1945//3606
f 218//3607 1954//3607 221//3607
f 221//3608 1954//3608 1950//3608
f 1944//3609 1955//3609 1947//3609
f 1951//3610 1955//3610 1944//3610
f 476//3611 1956//3611 230//3611
f 1932//3612 1956//3612 476//3612
f 1946//3613 1956//3613 1939//3613
f 1953//3614 1956//3614 1946//3614
f 1939//3615 1956//3615 1932//3615
f 1943//3616 1957//3616 1948//3616
f 1950//3617 1957//3617 1943//3617
f 1955//3618 1958//3618 1947//3618
f 1947//3619 1958//3619 1949//3619
f 1949//3620 1958//3620 1952//3620
f 218//3621 1959//3621 1954//3621
f 1954//3622 1959//3622 1950//3622
f 1950//3623 1959//3623 1957//3623
f 1948//3624 1960//3624 1951//3624
f 1957//3625 1960//3625 1948//3625
f 1958//3626 1961//3626 1952//3626
f 1952//3627 1962//3627 1953//3627
f 1961//3628 1962//3628 1952//3628
f 1951//3629 1963//3629 1955//3629
f 1960//3630 1963//3630 1951//3630
f 1962//3631 1964//3631 1953//3631
f 1956//3632 1964//3632 230//3632
f 1953//3633 1964//3633 1956//3633
f 226//3634 1965//3634 218//3634
f 218//3635 1965//3635 1959//3635
f 1959//3636 1965//3636 1957//3636
f 1957//3637 1965//3637 1960//3637
f 1963//3638 1966//3638 1955//3638
f 1955//3639 1966//3639 1958//3639
f 1960//3640 1967//3640 1963//3640
f 1965//3641 1967//3641 1960//3641
f 226//3642 1967//3642 1965//3642
f 1966//3643 1968//3643 1958//3643
f 1958//3644 1968//3644 1961//3644
f 228//3645 1969//3645 226//3645
f 1967//3646 1969//3646 1963//3646
f 226//3647 1969//3647 1967//3647
f 1963//3648 1969//3648 1966//3648
f 1961//3649 1970//3649 1962//3649
f 1968//3650 1970//3650 1961//3650
f 1964//3651 1971//3651 230//3651
f 1970//3652 1971//3652 1962//3652
f 1962//3653 1971//3653 1964//3653
f 1966//3654 1972//3654 1968//3654
f 228//3655 1972//3655 1969//3655
f 1969//3656 1972//3656 1966//3656
f 230//3657 1973//3657 228//3657
f 228//3658 1973//3658 1972//3658
f 1968//3659 1973//3659 1970//3659
f 1970//3660 1973//3660 1971//3660
f 1972//3661 1973//3661 1968//3661
f 230//3662 1974//3662 1973//3662
f 1971//3663 1974//3663 230//3663
f 1973//3664 1974//3664 1971//3664
f 606//3665 1975//3665 608//3665
f 1975//3666 1976//3666 608//3666
f 608//3667 1977//3667 613//3667
f 1976//3668 1977//3668 608//3668
f 1977//3669 1978//3669 613//3669
f 606//3670 1979//3670 1975//3670
f 613//3671 1980//3671 615//3671
f 1978//3672 1980//3672 613//3672
f 1979//3673 1981//3673 1975//3673
f 1975//3674 1981//3674 1976//3674
f 1976//3675 1982//3675 1977//3675
f 1981//3676 1982//3676 1976//3676
f 1980//3677 1983//3677 615//3677
f 1977//3678 1984//3678 1978//3678
f 1982//3679 1984//3679 1977//3679
f 606//3680 1985//3680 1979//3680
f 1984//3681 1986//3681 1978//3681
f 1978//3682 1986//3682 1980//3682
f 615//3683 1987//3683 618//3683
f 1983//3684 1987//3684 615//3684
f 1985//3685 1988//3685 1979//3685
f 1979//3686 1988//3686 1981//3686
f 1988//3687 1989//3687 1981//3687
f 1981//3688 1989//3688 1982//3688
f 1980//3689 1990//3689 1983//3689
f 1986//3690 1990//3690 1980//3690
f 1982//3691 1991//3691 1984//3691
f 1989//3692 1991//3692 1982//3692
f 1987//3693 1992//3693 618//3693
f 606//3694 1993//3694 1985//3694
f 1984//3695 1994//3695 1986//3695
f 1991//3696 1994//3696 1984//3696
f 1990//3697 1995//3697 1983//3697
f 1983//3698 1995//3698 1987//3698
f 1993//3699 1996//3699 1985//3699
f 1985//3700 1996//3700 1988//3700
f 1988//3701 1997//3701 1989//3701
f 1996//3702 1997//3702 1988//3702
f 1994//3703 1998//3703 1986//3703
f 1986//3704 1998//3704 1990//3704
f 1989//3705 1999//3705 1991//3705
f 1997//3706 1999//3706 1989//3706
f 1992//3707 2000//3707 618//3707
f 1987//3708 2000//3708 1992//3708
f 1995//3709 2000//3709 1987//3709
f 359//3710 2001//3710 606//3710
f 606//3711 2001//3711 1993//3711
f 1991//3712 2002//3712 1994//3712
f 1999//3713 2002//3713 1991//3713
f 1990//3714 2003//3714 1995//3714
f 1998//3715 2003//3715 1990//3715
f 1995//3716 2003//3716 2000//3716
f 2001//3717 2004//3717 1993//3717
f 1993//3718 2004//3718 1996//3718
f 2004//3719 2005//3719 1996//3719
f 1996//3720 2005//3720 1997//3720
f 1994//3721 2006//3721 1998//3721
f 2002//3722 2006//3722 1994//3722
f 2005//3723 2007//3723 1997//3723
f 1997//3724 2007//3724 1999//3724
f 2003//3725 2008//3725 2000//3725
f 2000//3726 2008//3726 618//3726
f 359//3727 2009//3727 2001//3727
f 1999//3728 2010//3728 2002//3728
f 2007//3729 2010//3729 1999//3729
f 2006//3730 2011//3730 1998//3730
f 1998//3731 2011//3731 2003//3731
f 2009//3732 2012//3732 2001//3732
f 2001//3733 2012//3733 2004//3733
f 2012//3734 2013//3734 2004//3734
f 2004//3735 2013//3735 2005//3735
f 2002//3736 2014//3736 2006//3736
f 2010//3737 2014//3737 2002//3737
f 2013//3738 2015//3738 2005//3738
f 2005//3739 2015//3739 2007//3739
f 2003//3740 2016//3740 2008//3740
f 2008//3741 2016//3741 618//3741
f 2011//3742 2016//3742 2003//3742
f 359//3743 2017//3743 2009//3743
f 2007//3744 2018//3744 2010//3744
f 2015//3745 2018//3745 2007//3745
f 2014//3746 2019//3746 2006//3746
f 2006//3747 2019//3747 2011//3747
f 2017//3748 2020//3748 2009//3748
f 2009//3749 2020//3749 2012//3749
f 2012//3750 2021//3750 2013//3750
f 2020//3751 2021//3751 2012//3751
f 2010//3752 2022//3752 2014//3752
f 2018//3753 2022//3753 2010//3753
f 2021//3754 2023//3754 2013//3754
f 2013//3755 2023//3755 2015//3755
f 618//3756 2024//3756 372//3756
f 2016//3757 2024//3757 618//3757
f 2011//3758 2024//3758 2016//3758
f 2019//3759 2024//3759 2011//3759
f 359//3760 2025//3760 2017//3760
f 2015//3761 2026//3761 2018//3761
f 2018//3762 2026//3762 2022//3762
f 2023//3763 2026//3763 2015//3763
f 2014//3764 2027//3764 2019//3764
f 2022//3765 2027//3765 2014//3765
f 2017//3766 2028//3766 2020//3766
f 2025//3767 2028//3767 2017//3767
f 2020//3768 2029//3768 2021//3768
f 2028//3769 2029//3769 2020//3769
f 2026//3770 2030//3770 2022//3770
f 2021//3771 2031//3771 2023//3771
f 2029//3772 2031//3772 2021//3772
f 2024//3773 2032//3773 372//3773
f 2027//3774 2032//3774 2019//3774
f 2019//3775 2032//3775 2024//3775
f 359//3776 2033//3776 2025//3776
f 2031//3777 2034//3777 2023//3777
f 2023//3778 2034//3778 2026//3778
f 2022//3779 2035//3779 2027//3779
f 2030//3780 2035//3780 2022//3780
f 2025//3781 2036//3781 2028//3781
f 2033//3782 2036//3782 2025//3782
f 2028//3783 2037//3783 2029//3783
f 2029//3784 2037//3784 2031//3784
f 2036//3785 2037//3785 2028//3785
f 361//3786 2038//3786 359//3786
f 359//3787 2038//3787 2033//3787
f 2026//3788 2039//3788 2030//3788
f 2034//3789 2039//3789 2026//3789
f 2033//3790 2040//3790 2036//3790
f 361//3791 2040//3791 2038//3791
f 2038//3792 2040//3792 2033//3792
f 2037//3793 2041//3793 2031//3793
f 2032//3794 2042//3794 372//3794
f 2027//3795 2042//3795 2032//3795
f 2035//3796 2042//3796 2027//3796
f 2036//3797 2043//3797 2037//3797
f 366//3798 2043//3798 361//3798
f 361//3799 2043//3799 2040//3799
f 2037//3800 2043//3800 2041//3800
f 2040//3801 2043//3801 2036//3801
f 2041//3802 2044//3802 2031//3802
f 2031//3803 2044//3803 2034//3803
f 2030//3804 2045//3804 2035//3804
f 2039//3805 2045//3805 2030//3805
f 2043//3806 2046//3806 2041//3806
f 366//3807 2046//3807 2043//3807
f 2034//3808 2047//3808 2039//3808
f 2044//3809 2047//3809 2034//3809
f 366//3810 2048//3810 2046//3810
f 368//3811 2048//3811 366//3811
f 2041//3812 2048//3812 2044//3812
f 2046//3813 2048//3813 2041//3813
f 2042//3814 2049//3814 372//3814
f 2045//3815 2049//3815 2035//3815
f 2035//3816 2049//3816 2042//3816
f 2044//3817 2050//3817 2047//3817
f 2048//3818 2050//3818 2044//3818
f 368//3819 2050//3819 2048//3819
f 2039//3820 2051//3820 2045//3820
f 2050//3821 2051//3821 2047//3821
f 2047//3822 2051//3822 2039//3822
f 372//3823 2052//3823 368//3823
f 368//3824 2052//3824 2050//3824
f 2050//3825 2052//3825 2051//3825
f 2051//3826 2053//3826 2045//3826
f 2045//3827 2053//3827 2049//3827
f 2049//3828 2053//3828 372//3828
f 2051//3829 2054//3829 2053//3829
f 372//3830 2054//3830 2052//3830
f 2052//3831 2054//3831 2051//3831
f 2053//3832 2054//3832 372//3832
f 220//3833 221//3833 467//3833
f 467//3834 221//3834 468//3834
f 372//3835 371//3835 618//3835
f 618//3836 371//3836 619//3836
f 477//3837 2055//3837 474//3837
f 2055//3838 2056//3838 474//3838
f 474//3839 2057//3839 465//3839
f 2056//3840 2057//3840 474//3840
f 2057//3841 2058//3841 465//3841
f 477//3842 2059//3842 2055//3842
f 465//3843 2060//3843 466//3843
f 2058//3844 2060//3844 465//3844
f 2059//3845 2061//3845 2055//3845
f 2055//3846 2061//3846 2056//3846
f 2056//3847 2062//3847 2057//3847
f 2061//3848 2062//3848 2056//3848
f 2060//3849 2063//3849 466//3849
f 2057//3850 2064//3850 2058//3850
f 2062//3851 2064//3851 2057//3851
f 477//3852 2065//3852 2059//3852
f 2064//3853 2066//3853 2058//3853
f 2058//3854 2066//3854 2060//3854
f 466//3855 2067//3855 467//3855
f 2063//3856 2067//3856 466//3856
f 2065//3857 2068//3857 2059//3857
f 2059//3858 2068//3858 2061//3858
f 2068//3859 2069//3859 2061//3859
f 2061//3860 2069//3860 2062//3860
f 2060//3861 2070//3861 2063//3861
f 2066//3862 2070//3862 2060//3862
f 2062//3863 2071//3863 2064//3863
f 2069//3864 2071//3864 2062//3864
f 2067//3865 2072//3865 467//3865
f 477//3866 2073//3866 2065//3866
f 2064//3867 2074//3867 2066//3867
f 2071//3868 2074//3868 2064//3868
f 2070//3869 2075//3869 2063//3869
f 2063//3870 2075//3870 2067//3870
f 2073//3871 2076//3871 2065//3871
f 2065//3872 2076//3872 2068//3872
f 2068//3873 2077//3873 2069//3873
f 2076//3874 2077//3874 2068//3874
f 2074//3875 2078//3875 2066//3875
f 2066//3876 2078//3876 2070//3876
f 2069//3877 2079//3877 2071//3877
f 2077//3878 2079//3878 2069//3878
f 2072//3879 2080//3879 467//3879
f 2067//3880 2080//3880 2072//3880
f 2075//3881 2080//3881 2067//3881
f 229//3882 2081//3882 477//3882
f 477//3883 2081//3883 2073//3883
f 2071//3884 2082//3884 2074//3884
f 2079//3885 2082//3885 2071//3885
f 2070//3886 2083//3886 2075//3886
f 2078//3887 2083//3887 2070//3887
f 2075//3888 2083//3888 2080//3888
f 2081//3889 2084//3889 2073//3889
f 2073//3890 2084//3890 2076//3890
f 2084//3891 2085//3891 2076//3891
f 2076//3892 2085//3892 2077//3892
f 2074//3893 2086//3893 2078//3893
f 2082//3894 2086//3894 2074//3894
f 2085//3895 2087//3895 2077//3895
f 2077//3896 2087//3896 2079//3896
f 2083//3897 2088//3897 2080//3897
f 2080//3898 2088//3898 467//3898
f 229//3899 2089//3899 2081//3899
f 2081//3900 2089//3900 2084//3900
f 2079//3901 2090//3901 2082//3901
f 2082//3902 2090//3902 2086//3902
f 2087//3903 2090//3903 2079//3903
f 2086//3904 2091//3904 2078//3904
f 2078//3905 2091//3905 2083//3905
f 2089//3906 2092//3906 2084//3906
f 2092//3907 2093//3907 2084//3907
f 2084//3908 2093//3908 2085//3908
f 2090//3909 2094//3909 2086//3909
f 2087//3910 2095//3910 2090//3910
f 2093//3911 2095//3911 2085//3911
f 2085//3912 2095//3912 2087//3912
f 2083//3913 2096//3913 2088//3913
f 2088//3914 2096//3914 467//3914
f 2091//3915 2096//3915 2083//3915
f 229//3916 2097//3916 2089//3916
f 2095//3917 2098//3917 2090//3917
f 2094//3918 2099//3918 2086//3918
f 2086//3919 2099//3919 2091//3919
f 2089//3920 2100//3920 2092//3920
f 2097//3921 2100//3921 2089//3921
f 2092//3922 2101//3922 2093//3922
f 2100//3923 2101//3923 2092//3923
f 2090//3924 2102//3924 2094//3924
f 2098//3925 2102//3925 2090//3925
f 2101//3926 2103//3926 2093//3926
f 2093//3927 2103//3927 2095//3927
f 2095//3928 2103//3928 2098//3928
f 467//3929 2104//3929 220//3929
f 2096//3930 2104//3930 467//3930
f 2099//3931 2104//3931 2091//3931
f 2091//3932 2104//3932 2096//3932
f 229//3933 2105//3933 2097//3933
f 2103//3934 2106//3934 2098//3934
f 2102//3935 2107//3935 2094//3935
f 2094//3936 2107//3936 2099//3936
f 2099//3937 2107//3937 2104//3937
f 2097//3938 2108//3938 2100//3938
f 2105//3939 2108//3939 2097//3939
f 2108//3940 2109//3940 2100//3940
f 2100//3941 2109//3941 2101//3941
f 2098//3942 2110//3942 2102//3942
f 2106//3943 2110//3943 2098//3943
f 2101//3944 2111//3944 2103//3944
f 2109//3945 2111//3945 2101//3945
f 2104//3946 2112//3946 220//3946
f 2107//3947 2112//3947 2104//3947
f 229//3948 2113//3948 2105//3948
f 2103//3949 2114//3949 2106//3949
f 2111//3950 2114//3950 2103//3950
f 2102//3951 2115//3951 2107//3951
f 2110//3952 2115//3952 2102//3952
f 2105//3953 2116//3953 2108//3953
f 2113//3954 2116//3954 2105//3954
f 2108//3955 2117//3955 2109//3955
f 2116//3956 2117//3956 2108//3956
f 227//3957 2118//3957 229//3957
f 229//3958 2118//3958 2113//3958
f 2114//3959 2119//3959 2106//3959
f 2106//3960 2119//3960 2110//3960
f 227//3961 2120//3961 2118//3961
f 2118//3962 2120//3962 2113//3962
f 2113//3963 2120//3963 2116//3963
f 2117//3964 2121//3964 2109//3964
f 2109//3965 2121//3965 2111//3965
f 2112//3966 2122//3966 220//3966
f 2115//3967 2122//3967 2107//3967
f 2107//3968 2122//3968 2112//3968
f 2117//3969 2123//3969 2121//3969
f 2120//3970 2123//3970 2116//3970
f 2116//3971 2123//3971 2117//3971
f 217//3972 2123//3972 227//3972
f 227//3973 2123//3973 2120//3973
f 2121//3974 2124//3974 2111//3974
f 2111//3975 2124//3975 2114//3975
f 2119//3976 2125//3976 2110//3976
f 2110//3977 2125//3977 2115//3977
f 2123//3978 2126//3978 2121//3978
f 217//3979 2126//3979 2123//3979
f 2124//3980 2127//3980 2114//3980
f 2114//3981 2127//3981 2119//3981
f 219//3982 2128//3982 217//3982
f 2126//3983 2128//3983 2121//3983
f 2124//3984 2128//3984 2127//3984
f 217//3985 2128//3985 2126//3985
f 2121//3986 2128//3986 2124//3986
f 2122//3987 2129//3987 220//3987
f 2125//3988 2129//3988 2115//3988
f 2115//3989 2129//3989 2122//3989
f 2128//3990 2130//3990 2127//3990
f 219//3991 2130//3991 2128//3991
f 2127//3992 2131//3992 2119//3992
f 2119//3993 2131//3993 2125//3993
f 220//3994 2132//3994 219//3994
f 2127//3995 2132//3995 2131//3995
f 219//3996 2132//3996 2130//3996
f 2130//3997 2132//3997 2127//3997
f 2129//3998 2133//3998 220//3998
f 2125//3999 2133//3999 2129//3999
f 2131//4000 2133//4000 2125//4000
f 220//4001 2134//4001 2132//4001
f 2133//4002 2134//4002 220//4002
f 2132//4003 2134//4003 2131//4003
f 2131//4004 2134//4004 2133//4004
f 619//4005 2135//4005 614//4005
f 2135//4006 2136//4006 614//4006
f 619//4007 2137//4007 2135//4007
f 614//4008 2138//4008 609//4008
f 2136//4009 2138//4009 614//4009
f 2138//4010 2139//4010 609//4010
f 2135//4011 2140//4011 2136//4011
f 2137//4012 2140//4012 2135//4012
f 609//4013 2141//4013 610//4013
f 2139//4014 2141//4014 609//4014
f 619//4015 2142//4015 2137//4015
f 2136//4016 2143//4016 2138//4016
f 2140//4017 2143//4017 2136//4017
f 2141//4018 2144//4018 610//4018
f 610//4019 2145//4019 607//4019
f 2144//4020 2145//4020 610//4020
f 2138//4021 2146//4021 2139//4021
f 2143//4022 2146//4022 2138//4022
f 2137//4023 2147//4023 2140//4023
f 2142//4024 2147//4024 2137//4024
f 2139//4025 2148//4025 2141//4025
f 2146//4026 2148//4026 2139//4026
f 619//4027 2149//4027 2142//4027
f 2140//4028 2150//4028 2143//4028
f 2147//4029 2150//4029 2140//4029
f 2141//4030 2151//4030 2144//4030
f 2148//4031 2151//4031 2141//4031
f 2145//4032 2152//4032 607//4032
f 2144//4033 2152//4033 2145//4033
f 2151//4034 2152//4034 2144//4034
f 2143//4035 2153//4035 2146//4035
f 2150//4036 2153//4036 2143//4036
f 2142//4037 2154//4037 2147//4037
f 2149//4038 2154//4038 2142//4038
f 2146//4039 2155//4039 2148//4039
f 2153//4040 2155//4040 2146//4040
f 371//4041 2156//4041 619//4041
f 619//4042 2156//4042 2149//4042
f 2154//4043 2157//4043 2147//4043
f 2147//4044 2157//4044 2150//4044
f 2148//4045 2158//4045 2151//4045
f 2155//4046 2158//4046 2148//4046
f 2152//4047 2159//4047 607//4047
f 2151//4048 2159//4048 2152//4048
f 2158//4049 2159//4049 2151//4049
f 2150//4050 2160//4050 2153//4050
f 2157//4051 2160//4051 2150//4051
f 2149//4052 2161//4052 2154//4052
f 2156//4053 2161//4053 2149//4053
f 2153//4054 2162//4054 2155//4054
f 2160//4055 2162//4055 2153//4055
f 371//4056 2163//4056 2156//4056
f 2154//4057 2164//4057 2157//4057
f 2161//4058 2164//4058 2154//4058
f 2155//4059 2165//4059 2158//4059
f 2158//4060 2165//4060 2159//4060
f 2162//4061 2165//4061 2155//4061
f 2159//4062 2166//4062 607//4062
f 2165//4063 2166//4063 2159//4063
f 2164//4064 2167//4064 2157//4064
f 2157//4065 2167//4065 2160//4065
f 2163//4066 2168//4066 2156//4066
f 2156//4067 2168//4067 2161//4067
f 2160//4068 2169//4068 2162//4068
f 2167//4069 2169//4069 2160//4069
f 371//4070 2170//4070 2163//4070
f 2168//4071 2171//4071 2161//4071
f 2161//4072 2171//4072 2164//4072
f 2165//4073 2172//4073 2166//4073
f 2169//4074 2172//4074 2162//4074
f 2162//4075 2172//4075 2165//4075
f 2172//4076 2173//4076 2166//4076
f 2171//4077 2174//4077 2164//4077
f 2164//4078 2174//4078 2167//4078
f 2170//4079 2175//4079 2163//4079
f 2163//4080 2175//4080 2168//4080
f 2167//4081 2176//4081 2169//4081
f 2174//4082 2176//4082 2167//4082
f 371//4083 2177//4083 2170//4083
f 2171//4084 2178//4084 2174//4084
f 2168//4085 2178//4085 2171//4085
f 2175//4086 2178//4086 2168//4086
f 2176//4087 2179//4087 2169//4087
f 2169//4088 2179//4088 2172//4088
f 2172//4089 2180//4089 2173//4089
f 2179//4090 2180//4090 2172//4090
f 2178//4091 2181//4091 2174//4091
f 2170//4092 2182//4092 2175//4092
f 2177//4093 2182//4093 2170//4093
f 2181//4094 2183//4094 2174//4094
f 2174//4095 2183//4095 2176//4095
f 371//4096 2184//4096 2177//4096
f 2177//4097 2184//4097 2182//4097
f 2182//4098 2185//4098 2175//4098
f 2175//4099 2185//4099 2178//4099
f 2176//4100 2186//4100 2179//4100
f 2183//4101 2186//4101 2176//4101
f 2179//4102 2187//4102 2180//4102
f 2186//4103 2187//4103 2179//4103
f 367//4104 2188//4104 371//4104
f 371//4105 2188//4105 2184//4105
f 2178//4106 2189//4106 2181//4106
f 2185//4107 2189//4107 2178//4107
f 607//4108 2190//4108 360//4108
f 2166//4109 2190//4109 607//4109
f 2173//4110 2190//4110 2166//4110
f 2180//4111 2190//4111 2173//4111
f 2187//4112 2190//4112 2180//4112
f 2184//4113 2191//4113 2182//4113
f 2181//4114 2192//4114 2183//4114
f 2189//4115 2192//4115 2181//4115
f 367//4116 2193//4116 2188//4116
f 2188//4117 2193//4117 2184//4117
f 2184//4118 2193//4118 2191//4118
f 2182//4119 2194//4119 2185//4119
f 2191//4120 2194//4120 2182//4120
f 2193//4121 2194//4121 2191//4121
f 2192//4122 2195//4122 2183//4122
f 2183//4123 2195//4123 2186//4123
f 2186//4124 2196//4124 2187//4124
f 2195//4125 2196//4125 2186//4125
f 2185//4126 2197//4126 2189//4126
f 2194//4127 2197//4127 2185//4127
f 2196//4128 2198//4128 2187//4128
f 2190//4129 2198//4129 360//4129
f 2187//4130 2198//4130 2190//4130
f 362//4131 2199//4131 367//4131
f 367//4132 2199//4132 2193//4132
f 2193//4133 2199//4133 2194//4133
f 2197//4134 2200//4134 2189//4134
f 2189//4135 2200//4135 2192//4135
f 2199//4136 2201//4136 2194//4136
f 362//4137 2201//4137 2199//4137
f 2194//4138 2201//4138 2197//4138
f 2195//4139 2202//4139 2196//4139
f 2200//4140 2202//4140 2192//4140
f 2192//4141 2202//4141 2195//4141
f 363//4142 2203//4142 362//4142
f 362//4143 2203//4143 2201//4143
f 2201//4144 2203//4144 2197//4144
f 2197//4145 2203//4145 2200//4145
f 2202//4146 2204//4146 2196//4146
f 2198//4147 2205//4147 360//4147
f 2204//4148 2205//4148 2196//4148
f 2196//4149 2205//4149 2198//4149
f 363//4150 2206//4150 2203//4150
f 2200//4151 2206//4151 2202//4151
f 2203//4152 2206//4152 2200//4152
f 360//4153 2207//4153 363//4153
f 363//4154 2207//4154 2206//4154
f 2206//4155 2207//4155 2202//4155
f 2202//4156 2207//4156 2204//4156
f 2205//4157 2208//4157 360//4157
f 2204//4158 2208//4158 2205//4158
f 360//4159 2208//4159 2207//4159
f 2207//4160 2208//4160 2204//4160
f 237//4161 229//4161 484//4161
f 484//4162 229//4162 477//4162
f 360//4163 345//4163 607//4163
f 607//4164 345//4164 592//4164
f 213//4165 237//4165 460//4165
f 460//4166 237//4166 484//4166
f 345//4167 328//4167 592//4167
f 592//4168 328//4168 575//4168
f 208//4169 213//4169 455//4169
f 455//4170 213//4170 460//4170
f 328//4171 331//4171 575//4171
f 575//4172 331//4172 578//4172
f 438//4173 2209//4173 434//4173
f 2209//4174 2210//4174 434//4174
f 438//4175 2211//4175 2209//4175
f 434//4176 2212//4176 446//4176
f 2210//4177 2212//4177 434//4177
f 2212//4178 2213//4178 446//4178
f 2209//4179 2214//4179 2210//4179
f 2211//4180 2214//4180 2209//4180
f 446//4181 2215//4181 454//4181
f 2213//4182 2215//4182 446//4182
f 438//4183 2216//4183 2211//4183
f 2210//4184 2217//4184 2212//4184
f 2214//4185 2217//4185 2210//4185
f 2215//4186 2218//4186 454//4186
f 454//4187 2219//4187 455//4187
f 2218//4188 2219//4188 454//4188
f 2212//4189 2220//4189 2213//4189
f 2217//4190 2220//4190 2212//4190
f 2211//4191 2221//4191 2214//4191
f 2216//4192 2221//4192 2211//4192
f 2213//4193 2222//4193 2215//4193
f 2220//4194 2222//4194 2213//4194
f 438//4195 2223//4195 2216//4195
f 2214//4196 2224//4196 2217//4196
f 2221//4197 2224//4197 2214//4197
f 2215//4198 2225//4198 2218//4198
f 2222//4199 2225//4199 2215//4199
f 2219//4200 2226//4200 455//4200
f 2218//4201 2226//4201 2219//4201
f 2225//4202 2226//4202 2218//4202
f 2217//4203 2227//4203 2220//4203
f 2224//4204 2227//4204 2217//4204
f 2216//4205 2228//4205 2221//4205
f 2223//4206 2228//4206 2216//4206
f 2220//4207 2229//4207 2222//4207
f 2227//4208 2229//4208 2220//4208
f 191//4209 2230//4209 438//4209
f 438//4210 2230//4210 2223//4210
f 2223//4211 2230//4211 2228//4211
f 2228//4212 2231//4212 2221//4212
f 2221//4213 2231//4213 2224//4213
f 2222//4214 2232//4214 2225//4214
f 2229//4215 2232//4215 2222//4215
f 2226//4216 2233//4216 455//4216
f 2225//4217 2233//4217 2226//4217
f 2232//4218 2233//4218 2225//4218
f 2224//4219 2234//4219 2227//4219
f 2231//4220 2234//4220 2224//4220
f 2230//4221 2235//4221 2228//4221
f 2227//4222 2236//4222 2229//4222
f 2234//4223 2236//4223 2227//4223
f 191//4224 2237//4224 2230//4224
f 2228//4225 2238//4225 2231//4225
f 2235//4226 2238//4226 2228//4226
f 2229//4227 2239//4227 2232//4227
f 2232//4228 2239//4228 2233//4228
f 2236//4229 2239//4229 2229//4229
f 2233//4230 2240//4230 455//4230
f 2239//4231 2240//4231 2233//4231
f 2238//4232 2241//4232 2231//4232
f 2231//4233 2241//4233 2234//4233
f 2237//4234 2242//4234 2230//4234
f 2230//4235 2242//4235 2235//4235
f 2234//4236 2243//4236 2236//4236
f 2241//4237 2243//4237 2234//4237
f 2237//4238 2244//4238 2242//4238
f 191//4239 2244//4239 2237//4239
f 2242//4240 2245//4240 2235//4240
f 2235//4241 2245//4241 2238//4241
f 2243//4242 2246//4242 2236//4242
f 2236//4243 2246//4243 2239//4243
f 2239//4244 2247//4244 2240//4244
f 2246//4245 2247//4245 2239//4245
f 2241//4246 2248//4246 2243//4246
f 2245//4247 2248//4247 2238//4247
f 2238//4248 2248//4248 2241//4248
f 2244//4249 2249//4249 2242//4249
f 2248//4250 2250//4250 2243//4250
f 191//4251 2251//4251 2244//4251
f 2242//4252 2252//4252 2245//4252
f 2249//4253 2252//4253 2242//4253
f 2250//4254 2253//4254 2243//4254
f 2243//4255 2253//4255 2246//4255
f 2246//4256 2254//4256 2247//4256
f 2253//4257 2254//4257 2246//4257
f 2248//4258 2255//4258 2250//4258
f 2245//4259 2255//4259 2248//4259
f 2252//4260 2255//4260 2245//4260
f 2244//4261 2256//4261 2249//4261
f 2251//4262 2256//4262 2244//4262
f 2255//4263 2257//4263 2250//4263
f 191//4264 2258//4264 2251//4264
f 2256//4265 2259//4265 2249//4265
f 2249//4266 2259//4266 2252//4266
f 2250//4267 2260//4267 2253//4267
f 2257//4268 2260//4268 2250//4268
f 2253//4269 2261//4269 2254//4269
f 2260//4270 2261//4270 2253//4270
f 188//4271 2262//4271 191//4271
f 191//4272 2262//4272 2258//4272
f 2255//4273 2263//4273 2257//4273
f 2252//4274 2263//4274 2255//4274
f 2259//4275 2263//4275 2252//4275
f 455//4276 2264//4276 208//4276
f 2240//4277 2264//4277 455//4277
f 2261//4278 2264//4278 2254//4278
f 2254//4279 2264//4279 2247//4279
f 2247//4280 2264//4280 2240//4280
f 2251//4281 2265//4281 2256//4281
f 2258//4282 2265//4282 2251//4282
f 2263//4283 2266//4283 2257//4283
f 188//4284 2267//4284 2262//4284
f 2262//4285 2267//4285 2258//4285
f 2258//4286 2267//4286 2265//4286
f 2256//4287 2268//4287 2259//4287
f 2265//4288 2268//4288 2256//4288
f 2257//4289 2269//4289 2260//4289
f 2266//4290 2269//4290 2257//4290
f 2260//4291 2270//4291 2261//4291
f 2269//4292 2270//4292 2260//4292
f 2259//4293 2271//4293 2263//4293
f 2268//4294 2271//4294 2259//4294
f 2263//4295 2271//4295 2266//4295
f 2264//4296 2272//4296 208//4296
f 2261//4297 2272//4297 2264//4297
f 2270//4298 2272//4298 2261//4298
f 200//4299 2273//4299 188//4299
f 2265//4300 2273//4300 2268//4300
f 188//4301 2273//4301 2267//4301
f 2267//4302 2273//4302 2265//4302
f 2271//4303 2274//4303 2266//4303
f 2273//4304 2275//4304 2268//4304
f 2268//4305 2275//4305 2271//4305
f 200//4306 2275//4306 2273//4306
f 2274//4307 2276//4307 2266//4307
f 2266//4308 2276//4308 2269//4308
f 207//4309 2277//4309 200//4309
f 200//4310 2277//4310 2275//4310
f 2275//4311 2277//4311 2271//4311
f 2271//4312 2277//4312 2274//4312
f 2269//4313 2278//4313 2270//4313
f 2270//4314 2278//4314 2272//4314
f 2276//4315 2278//4315 2269//4315
f 2278//4316 2279//4316 2272//4316
f 2272//4317 2279//4317 208//4317
f 207//4318 2280//4318 2277//4318
f 2274//4319 2280//4319 2276//4319
f 2277//4320 2280//4320 2274//4320
f 208//4321 2281//4321 207//4321
f 207//4322 2281//4322 2280//4322
f 2276//4323 2281//4323 2278//4323
f 2278//4324 2281//4324 2279//4324
f 2280//4325 2281//4325 2276//4325
f 2279//4326 2282//4326 208//4326
f 208//4327 2282//4327 2281//4327
f 2281//4328 2282//4328 2279//4328
f 578//4329 2283//4329 579//4329
f 2283//4330 2284//4330 579//4330
f 579//4331 2285//4331 585//4331
f 2284//4332 2285//4332 579//4332
f 2285//4333 2286//4333 585//4333
f 578//4334 2287//4334 2283//4334
f 585//4335 2288//4335 586//4335
f 2286//4336 2288//4336 585//4336
f 2287//4337 2289//4337 2283//4337
f 2283//4338 2289//4338 2284//4338
f 2284//4339 2290//4339 2285//4339
f 2289//4340 2290//4340 2284//4340
f 2288//4341 2291//4341 586//4341
f 2285//4342 2292//4342 2286//4342
f 2290//4343 2292//4343 2285//4343
f 578//4344 2293//4344 2287//4344
f 2292//4345 2294//4345 2286//4345
f 2286//4346 2294//4346 2288//4346
f 586//4347 2295//4347 582//4347
f 2291//4348 2295//4348 586//4348
f 2293//4349 2296//4349 2287//4349
f 2287//4350 2296//4350 2289//4350
f 2296//4351 2297//4351 2289//4351
f 2289//4352 2297//4352 2290//4352
f 2288//4353 2298//4353 2291//4353
f 2294//4354 2298//4354 2288//4354
f 2290//4355 2299//4355 2292//4355
f 2297//4356 2299//4356 2290//4356
f 2295//4357 2300//4357 582//4357
f 578//4358 2301//4358 2293//4358
f 2292//4359 2302//4359 2294//4359
f 2299//4360 2302//4360 2292//4360
f 2298//4361 2303//4361 2291//4361
f 2291//4362 2303//4362 2295//4362
f 2301//4363 2304//4363 2293//4363
f 2293//4364 2304//4364 2296//4364
f 2296//4365 2305//4365 2297//4365
f 2304//4366 2305//4366 2296//4366
f 2302//4367 2306//4367 2294//4367
f 2294//4368 2306//4368 2298//4368
f 2297//4369 2307//4369 2299//4369
f 2305//4370 2307//4370 2297//4370
f 2300//4371 2308//4371 582//4371
f 2295//4372 2308//4372 2300//4372
f 2303//4373 2308//4373 2295//4373
f 331//4374 2309//4374 578//4374
f 578//4375 2309//4375 2301//4375
f 2299//4376 2310//4376 2302//4376
f 2307//4377 2310//4377 2299//4377
f 2298//4378 2311//4378 2303//4378
f 2306//4379 2311//4379 2298//4379
f 2303//4380 2311//4380 2308//4380
f 2309//4381 2312//4381 2301//4381
f 2301//4382 2312//4382 2304//4382
f 2312//4383 2313//4383 2304//4383
f 2304//4384 2313//4384 2305//4384
f 2302//4385 2314//4385 2306//4385
f 2310//4386 2314//4386 2302//4386
f 2313//4387 2315//4387 2305//4387
f 2305//4388 2315//4388 2307//4388
f 2311//4389 2316//4389 2308//4389
f 2308//4390 2316//4390 582//4390
f 331//4391 2317//4391 2309//4391
f 2309//4392 2317//4392 2312//4392
f 2307//4393 2318//4393 2310//4393
f 2310//4394 2318//4394 2314//4394
f 2315//4395 2318//4395 2307//4395
f 2314//4396 2319//4396 2306//4396
f 2306//4397 2319//4397 2311//4397
f 2317//4398 2320//4398 2312//4398
f 2320//4399 2321//4399 2312//4399
f 2312//4400 2321//4400 2313//4400
f 2318//4401 2322//4401 2314//4401
f 2315//4402 2323//4402 2318//4402
f 2321//4403 2323//4403 2313//4403
f 2313//4404 2323//4404 2315//4404
f 2311//4405 2324//4405 2316//4405
f 2316//4406 2324//4406 582//4406
f 2319//4407 2324//4407 2311//4407
f 331//4408 2325//4408 2317//4408
f 2323//4409 2326//4409 2318//4409
f 2322//4410 2327//4410 2314//4410
f 2314//4411 2327//4411 2319//4411
f 2317//4412 2328//4412 2320//4412
f 2325//4413 2328//4413 2317//4413
f 2320//4414 2329//4414 2321//4414
f 2328//4415 2329//4415 2320//4415
f 2318//4416 2330//4416 2322//4416
f 2326//4417 2330//4417 2318//4417
f 2329//4418 2331//4418 2321//4418
f 2321//4419 2331//4419 2323//4419
f 2323//4420 2331//4420 2326//4420
f 582//4421 2332//4421 336//4421
f 2324//4422 2332//4422 582//4422
f 2327//4423 2332//4423 2319//4423
f 2319//4424 2332//4424 2324//4424
f 331//4425 2333//4425 2325//4425
f 2331//4426 2334//4426 2326//4426
f 2330//4427 2335//4427 2322//4427
f 2322//4428 2335//4428 2327//4428
f 2327//4429 2335//4429 2332//4429
f 2325//4430 2336//4430 2328//4430
f 2333//4431 2336//4431 2325//4431
f 2336//4432 2337//4432 2328//4432
f 2328//4433 2337//4433 2329//4433
f 2326//4434 2338//4434 2330//4434
f 2334//4435 2338//4435 2326//4435
f 2329//4436 2339//4436 2331//4436
f 2337//4437 2339//4437 2329//4437
f 2332//4438 2340//4438 336//4438
f 2335//4439 2340//4439 2332//4439
f 331//4440 2341//4440 2333//4440
f 2331//4441 2342//4441 2334//4441
f 2339//4442 2342//4442 2331//4442
f 2330//4443 2343//4443 2335//4443
f 2338//4444 2343//4444 2330//4444
f 2333//4445 2344//4445 2336//4445
f 2341//4446 2344//4446 2333//4446
f 2336//4447 2345//4447 2337//4447
f 2344//4448 2345//4448 2336//4448
f 332//4449 2346//4449 331//4449
f 331//4450 2346//4450 2341//4450
f 2342//4451 2347//4451 2334//4451
f 2334//4452 2347//4452 2338//4452
f 332//4453 2348//4453 2346//4453
f 2346//4454 2348//4454 2341//4454
f 2341//4455 2348//4455 2344//4455
f 2345//4456 2349//4456 2337//4456
f 2337//4457 2349//4457 2339//4457
f 2340//4458 2350//4458 336//4458
f 2343//4459 2350//4459 2335//4459
f 2335//4460 2350//4460 2340//4460
f 2345//4461 2351//4461 2349//4461
f 2348//4462 2351//4462 2344//4462
f 2344//4463 2351//4463 2345//4463
f 338//4464 2351//4464 332//4464
f 332//4465 2351//4465 2348//4465
f 2349//4466 2352//4466 2339//4466
f 2339//4467 2352//4467 2342//4467
f 2347//4468 2353//4468 2338//4468
f 2338//4469 2353//4469 2343//4469
f 2351//4470 2354//4470 2349//4470
f 338//4471 2354//4471 2351//4471
f 2352//4472 2355//4472 2342//4472
f 2342//4473 2355//4473 2347//4473
f 339//4474 2356//4474 338//4474
f 2354//4475 2356//4475 2349//4475
f 2352//4476 2356//4476 2355//4476
f 338//4477 2356//4477 2354//4477
f 2349//4478 2356//4478 2352//4478
f 2350//4479 2357//4479 336//4479
f 2353//4480 2357//4480 2343//4480
f 2343//4481 2357//4481 2350//4481
f 2356//4482 2358//4482 2355//4482
f 339//4483 2358//4483 2356//4483
f 2355//4484 2359//4484 2347//4484
f 2347//4485 2359//4485 2353//4485
f 336//4486 2360//4486 339//4486
f 2355//4487 2360//4487 2359//4487
f 339//4488 2360//4488 2358//4488
f 2358//4489 2360//4489 2355//4489
f 2357//4490 2361//4490 336//4490
f 2353//4491 2361//4491 2357//4491
f 2359//4492 2361//4492 2353//4492
f 336//4493 2362//4493 2360//4493
f 2361//4494 2362//4494 336//4494
f 2360//4495 2362//4495 2359//4495
f 2359//4496 2362//4496 2361//4496
f 190//4497 191//4497 437//4497
f 437//4498 191//4498 438//4498
f 336//4499 335//4499 582//4499
f 582//4500 335//4500 583//4500
f 456//4501 2363//4501 447//4501
f 2363//4502 2364//4502 447//4502
f 447//4503 2365//4503 435//4503
f 2364//4504 2365//4504 447//4504
f 2365//4505 2366//4505 435//4505
f 456//4506 2367//4506 2363//4506
f 435//4507 2368//4507 436//4507
f 2366//4508 2368//4508 435//4508
f 2367//4509 2369//4509 2363//4509
f 2363//4510 2369//4510 2364//4510
f 2364//4511 2370//4511 2365//4511
f 2369//4512 2370//4512 2364//4512
f 2368//4513 2371//4513 436//4513
f 2365//4514 2372//4514 2366//4514
f 2370//4515 2372//4515 2365//4515
f 456//4516 2373//4516 2367//4516
f 2372//4517 2374//4517 2366//4517
f 2366//4518 2374//4518 2368//4518
f 436//4519 2375//4519 437//4519
f 2371//4520 2375//4520 436//4520
f 2373//4521 2376//4521 2367//4521
f 2367//4522 2376//4522 2369//4522
f 2376//4523 2377//4523 2369//4523
f 2369//4524 2377//4524 2370//4524
f 2368//4525 2378//4525 2371//4525
f 2374//4526 2378//4526 2368//4526
f 2370//4527 2379//4527 2372//4527
f 2377//4528 2379//4528 2370//4528
f 2375//4529 2380//4529 437//4529
f 456//4530 2381//4530 2373//4530
f 2372//4531 2382//4531 2374//4531
f 2379//4532 2382//4532 2372//4532
f 2378//4533 2383//4533 2371//4533
f 2371//4534 2383//4534 2375//4534
f 2381//4535 2384//4535 2373//4535
f 2373//4536 2384//4536 2376//4536
f 2376//4537 2385//4537 2377//4537
f 2384//4538 2385//4538 2376//4538
f 2382//4539 2386//4539 2374//4539
f 2374//4540 2386//4540 2378//4540
f 2377//4541 2387//4541 2379//4541
f 2385//4542 2387//4542 2377//4542
f 2380//4543 2388//4543 437//4543
f 2375//4544 2388//4544 2380//4544
f 2383//4545 2388//4545 2375//4545
f 209//4546 2389//4546 456//4546
f 456//4547 2389//4547 2381//4547
f 2379//4548 2390//4548 2382//4548
f 2387//4549 2390//4549 2379//4549
f 2378//4550 2391//4550 2383//4550
f 2386//4551 2391//4551 2378//4551
f 2389//4552 2392//4552 2381//4552
f 2381//4553 2392//4553 2384//4553
f 2392//4554 2393//4554 2384//4554
f 2384//4555 2393//4555 2385//4555
f 2382//4556 2394//4556 2386//4556
f 2390//4557 2394//4557 2382//4557
f 2393//4558 2395//4558 2385//4558
f 2385//4559 2395//4559 2387//4559
f 2388//4560 2396//4560 437//4560
f 2383//4561 2396//4561 2388//4561
f 2391//4562 2396//4562 2383//4562
f 209//4563 2397//4563 2389//4563
f 2389//4564 2397//4564 2392//4564
f 2387//4565 2398//4565 2390//4565
f 2395//4566 2398//4566 2387//4566
f 2394//4567 2399//4567 2386//4567
f 2386//4568 2399//4568 2391//4568
f 2397//4569 2400//4569 2392//4569
f 2400//4570 2401//4570 2392//4570
f 2392//4571 2401//4571 2393//4571
f 2390//4572 2402//4572 2394//4572
f 2398//4573 2402//4573 2390//4573
f 2401//4574 2403//4574 2393//4574
f 2393//4575 2403//4575 2395//4575
f 2391//4576 2404//4576 2396//4576
f 2399//4577 2404//4577 2391//4577
f 2396//4578 2404//4578 437//4578
f 209//4579 2405//4579 2397//4579
f 2395//4580 2406//4580 2398//4580
f 2403//4581 2406//4581 2395//4581
f 2394//4582 2407//4582 2399//4582
f 2402//4583 2407//4583 2394//4583
f 2397//4584 2408//4584 2400//4584
f 2405//4585 2408//4585 2397//4585
f 2400//4586 2409//4586 2401//4586
f 2408//4587 2409//4587 2400//4587
f 2398//4588 2410//4588 2402//4588
f 2406//4589 2410//4589 2398//4589
f 2401//4590 2411//4590 2403//4590
f 2409//4591 2411//4591 2401//4591
f 2403//4592 2411//4592 2406//4592
f 2404//4593 2412//4593 437//4593
f 437//4594 2412//4594 190//4594
f 2399//4595 2412//4595 2404//4595
f 2407//4596 2412//4596 2399//4596
f 209//4597 2413//4597 2405//4597
f 2411//4598 2414//4598 2406//4598
f 2402//4599 2415//4599 2407//4599
f 2410//4600 2415//4600 2402//4600
f 2413//4601 2416//4601 2405//4601
f 2405//4602 2416//4602 2408//4602
f 2416//4603 2417//4603 2408//4603
f 2408//4604 2417//4604 2409//4604
f 2406//4605 2418//4605 2410//4605
f 2414//4606 2418//4606 2406//4606
f 2409//4607 2419//4607 2411//4607
f 2417//4608 2419//4608 2409//4608
f 2412//4609 2420//4609 190//4609
f 2407//4610 2420//4610 2412//4610
f 2415//4611 2420//4611 2407//4611
f 209//4612 2421//4612 2413//4612
f 2411//4613 2422//4613 2414//4613
f 2419//4614 2422//4614 2411//4614
f 2418//4615 2423//4615 2410//4615
f 2410//4616 2423//4616 2415//4616
f 2413//4617 2424//4617 2416//4617
f 2421//4618 2424//4618 2413//4618
f 2416//4619 2425//4619 2417//4619
f 2424//4620 2425//4620 2416//4620
f 2417//4621 2425//4621 2419//4621
f 199//4622 2426//4622 209//4622
f 209//4623 2426//4623 2421//4623
f 2418//4624 2427//4624 2423//4624
f 2414//4625 2427//4625 2418//4625
f 2422//4626 2427//4626 2414//4626
f 199//4627 2428//4627 2426//4627
f 2426//4628 2428//4628 2421//4628
f 2421//4629 2428//4629 2424//4629
f 2425//4630 2429//4630 2419//4630
f 2420//4631 2430//4631 190//4631
f 2415//4632 2430//4632 2420//4632
f 2423//4633 2430//4633 2415//4633
f 2428//4634 2431//4634 2424//4634
f 2424//4635 2431//4635 2425//4635
f 187//4636 2431//4636 199//4636
f 199//4637 2431//4637 2428//4637
f 2425//4638 2431//4638 2429//4638
f 2429//4639 2432//4639 2419//4639
f 2419//4640 2432//4640 2422//4640
f 2427//4641 2433//4641 2423//4641
f 2431//4642 2434//4642 2429//4642
f 187//4643 2434//4643 2431//4643
f 2432//4644 2435//4644 2422//4644
f 2422//4645 2435//4645 2427//4645
f 189//4646 2436//4646 187//4646
f 187//4647 2436//4647 2434//4647
f 2429//4648 2436//4648 2432//4648
f 2434//4649 2436//4649 2429//4649
f 2430//4650 2437//4650 190//4650
f 2433//4651 2437//4651 2423//4651
f 2423//4652 2437//4652 2430//4652
f 2432//4653 2438//4653 2435//4653
f 2436//4654 2438//4654 2432//4654
f 189//4655 2438//4655 2436//4655
f 2435//4656 2439//4656 2427//4656
f 2438//4657 2439//4657 2435//4657
f 2427//4658 2439//4658 2433//4658
f 190//4659 2440//4659 189//4659
f 189//4660 2440//4660 2438//4660
f 2438//4661 2440//4661 2439//4661
f 2437//4662 2441//4662 190//4662
f 2433//4663 2441//4663 2437//4663
f 2439//4664 2441//4664 2433//4664
f 2441//4665 2442//4665 190//4665
f 190//4666 2442//4666 2440//4666
f 2440//4667 2442//4667 2439//4667
f 2439//4668 2442//4668 2441//4668
f 583//4669 2443//4669 584//4669
f 2443//4670 2444//4670 584//4670
f 583//4671 2445//4671 2443//4671
f 584//4672 2446//4672 580//4672
f 2444//4673 2446//4673 584//4673
f 2446//4674 2447//4674 580//4674
f 2443//4675 2448//4675 2444//4675
f 2445//4676 2448//4676 2443//4676
f 580//4677 2449//4677 581//4677
f 2447//4678 2449//4678 580//4678
f 583//4679 2450//4679 2445//4679
f 2444//4680 2451//4680 2446//4680
f 2448//4681 2451//4681 2444//4681
f 2449//4682 2452//4682 581//4682
f 581//4683 2453//4683 577//4683
f 2452//4684 2453//4684 581//4684
f 2446//4685 2454//4685 2447//4685
f 2451//4686 2454//4686 2446//4686
f 2445//4687 2455//4687 2448//4687
f 2450//4688 2455//4688 2445//4688
f 2447//4689 2456//4689 2449//4689
f 2454//4690 2456//4690 2447//4690
f 583//4691 2457//4691 2450//4691
f 2448//4692 2458//4692 2451//4692
f 2451//4693 2458//4693 2454//4693
f 2455//4694 2458//4694 2448//4694
f 2449//4695 2459//4695 2452//4695
f 2456//4696 2459//4696 2449//4696
f 2453//4697 2460//4697 577//4697
f 2452//4698 2460//4698 2453//4698
f 2459//4699 2460//4699 2452//4699
f 2458//4700 2461//4700 2454//4700
f 2450//4701 2462//4701 2455//4701
f 2457//4702 2462//4702 2450//4702
f 2454//4703 2463//4703 2456//4703
f 2461//4704 2463//4704 2454//4704
f 335//4705 2464//4705 583//4705
f 583//4706 2464//4706 2457//4706
f 2462//4707 2465//4707 2455//4707
f 2455//4708 2465//4708 2458//4708
f 2456//4709 2466//4709 2459//4709
f 2463//4710 2466//4710 2456//4710
f 2460//4711 2467//4711 577//4711
f 2459//4712 2467//4712 2460//4712
f 2466//4713 2467//4713 2459//4713
f 2458//4714 2468//4714 2461//4714
f 2465//4715 2468//4715 2458//4715
f 2457//4716 2469//4716 2462//4716
f 2464//4717 2469//4717 2457//4717
f 2468//4718 2470//4718 2461//4718
f 2461//4719 2470//4719 2463//4719
f 335//4720 2471//4720 2464//4720
f 2462//4721 2472//4721 2465//4721
f 2469//4722 2472//4722 2462//4722
f 2463//4723 2473//4723 2466//4723
f 2470//4724 2473//4724 2463//4724
f 2473//4725 2474//4725 2466//4725
f 2467//4726 2474//4726 577//4726
f 2466//4727 2474//4727 2467//4727
f 2472//4728 2475//4728 2465//4728
f 2465//4729 2475//4729 2468//4729
f 2469//4730 2476//4730 2472//4730
f 2471//4731 2476//4731 2464//4731
f 2464//4732 2476//4732 2469//4732
f 2475//4733 2477//4733 2468//4733
f 2468//4734 2477//4734 2470//4734
f 335//4735 2478//4735 2471//4735
f 2476//4736 2479//4736 2472//4736
f 2477//4737 2480//4737 2470//4737
f 2470//4738 2480//4738 2473//4738
f 2480//4739 2481//4739 2473//4739
f 2473//4740 2481//4740 2474//4740
f 2472//4741 2482//4741 2475//4741
f 2479//4742 2482//4742 2472//4742
f 2478//4743 2483//4743 2471//4743
f 2476//4744 2483//4744 2479//4744
f 2471//4745 2483//4745 2476//4745
f 2475//4746 2484//4746 2477//4746
f 2482//4747 2484//4747 2475//4747
f 335//4748 2485//4748 2478//4748
f 2483//4749 2486//4749 2479//4749
f 2477//4750 2487//4750 2480//4750
f 2484//4751 2487//4751 2477//4751
f 2480//4752 2488//4752 2481//4752
f 2487//4753 2488//4753 2480//4753
f 2479//4754 2489//4754 2482//4754
f 2486//4755 2489//4755 2479//4755
f 2478//4756 2490//4756 2483//4756
f 2485//4757 2490//4757 2478//4757
f 2489//4758 2491//4758 2482//4758
f 2482//4759 2491//4759 2484//4759
f 335//4760 2492//4760 2485//4760
f 2485//4761 2492//4761 2490//4761
f 2483//4762 2493//4762 2486//4762
f 2490//4763 2493//4763 2483//4763
f 2491//4764 2494//4764 2484//4764
f 2484//4765 2494//4765 2487//4765
f 2487//4766 2494//4766 2488//4766
f 2494//4767 2495//4767 2488//4767
f 337//4768 2496//4768 335//4768
f 335//4769 2496//4769 2492//4769
f 2486//4770 2497//4770 2489//4770
f 2493//4771 2497//4771 2486//4771
f 2481//4772 2498//4772 2474//4772
f 577//4773 2498//4773 330//4773
f 2474//4774 2498//4774 577//4774
f 2488//4775 2498//4775 2481//4775
f 2495//4776 2498//4776 2488//4776
f 2492//4777 2499//4777 2490//4777
f 2489//4778 2500//4778 2491//4778
f 2497//4779 2500//4779 2489//4779
f 2492//4780 2501//4780 2499//4780
f 337//4781 2501//4781 2496//4781
f 2496//4782 2501//4782 2492//4782
f 2499//4783 2502//4783 2490//4783
f 2490//4784 2502//4784 2493//4784
f 2493//4785 2502//4785 2497//4785
f 2491//4786 2503//4786 2494//4786
f 2500//4787 2503//4787 2491//4787
f 2494//4788 2503//4788 2495//4788
f 2503//4789 2504//4789 2495//4789
f 2502//4790 2505//4790 2497//4790
f 2504//4791 2506//4791 2495//4791
f 2498//4792 2506//4792 330//4792
f 2495//4793 2506//4793 2498//4793
f 2502//4794 2507//4794 2505//4794
f 333//4795 2507//4795 337//4795
f 337//4796 2507//4796 2501//4796
f 2499//4797 2507//4797 2502//4797
f 2501//4798 2507//4798 2499//4798
f 2505//4799 2508//4799 2497//4799
f 2497//4800 2508//4800 2500//4800
f 2507//4801 2509//4801 2505//4801
f 333//4802 2509//4802 2507//4802
f 2503//4803 2510//4803 2504//4803
f 2508//4804 2510//4804 2500//4804
f 2500//4805 2510//4805 2503//4805
f 334//4806 2511//4806 333//4806
f 333//4807 2511//4807 2509//4807
f 2509//4808 2511//4808 2505//4808
f 2505//4809 2511//4809 2508//4809
f 2510//4810 2512//4810 2504//4810
f 2506//4811 2513//4811 330//4811
f 2512//4812 2513//4812 2504//4812
f 2504//4813 2513//4813 2506//4813
f 2508//4814 2514//4814 2510//4814
f 334//4815 2514//4815 2511//4815
f 2511//4816 2514//4816 2508//4816
f 330//4817 2515//4817 334//4817
f 2514//4818 2515//4818 2510//4818
f 334//4819 2515//4819 2514//4819
f 2510//4820 2515//4820 2512//4820
f 2513//4821 2516//4821 330//4821
f 2512//4822 2516//4822 2513//4822
f 330//4823 2516//4823 2515//4823
f 2515//4824 2516//4824 2512//4824
f 214//4825 209//4825 461//4825
f 461//4826 209//4826 456//4826
f 330//4827 325//4827 577//4827
f 577//4828 325//4828 572//4828
f 205//4829 214//4829 452//4829
f 452//4830 214//4830 461//4830
f 325//4831 305//4831 572//4831
f 572//4832 305//4832 552//4832
f 193//4833 205//4833 439//4833
f 439//4834 205//4834 452//4834
f 305//4835 309//4835 552//4835
f 552//4836 309//4836 556//4836
f 425//4837 2517//4837 422//4837
f 2517//4838 2518//4838 422//4838
f 425//4839 2519//4839 2517//4839
f 422//4840 2520//4840 430//4840
f 2518//4841 2520//4841 422//4841
f 2520//4842 2521//4842 430//4842
f 2517//4843 2522//4843 2518//4843
f 2519//4844 2522//4844 2517//4844
f 430//4845 2523//4845 433//4845
f 2521//4846 2523//4846 430//4846
f 425//4847 2524//4847 2519//4847
f 2518//4848 2525//4848 2520//4848
f 2522//4849 2525//4849 2518//4849
f 2523//4850 2526//4850 433//4850
f 433//4851 2527//4851 439//4851
f 2526//4852 2527//4852 433//4852
f 2520//4853 2528//4853 2521//4853
f 2525//4854 2528//4854 2520//4854
f 2519//4855 2529//4855 2522//4855
f 2524//4856 2529//4856 2519//4856
f 2521//4857 2530//4857 2523//4857
f 2528//4858 2530//4858 2521//4858
f 425//4859 2531//4859 2524//4859
f 2522//4860 2532//4860 2525//4860
f 2529//4861 2532//4861 2522//4861
f 2523//4862 2533//4862 2526//4862
f 2526//4863 2533//4863 2527//4863
f 2530//4864 2533//4864 2523//4864
f 2527//4865 2534//4865 439//4865
f 2533//4866 2534//4866 2527//4866
f 2525//4867 2535//4867 2528//4867
f 2532//4868 2535//4868 2525//4868
f 2524//4869 2536//4869 2529//4869
f 2531//4870 2536//4870 2524//4870
f 2528//4871 2537//4871 2530//4871
f 2535//4872 2537//4872 2528//4872
f 178//4873 2538//4873 425//4873
f 425//4874 2538//4874 2531//4874
f 2536//4875 2539//4875 2529//4875
f 2529//4876 2539//4876 2532//4876
f 2530//4877 2540//4877 2533//4877
f 2537//4878 2540//4878 2530//4878
f 2534//4879 2541//4879 439//4879
f 2533//4880 2541//4880 2534//4880
f 2540//4881 2541//4881 2533//4881
f 2532//4882 2542//4882 2535//4882
f 2539//4883 2542//4883 2532//4883
f 2531//4884 2543//4884 2536//4884
f 2538//4885 2543//4885 2531//4885
f 2535//4886 2544//4886 2537//4886
f 2542//4887 2544//4887 2535//4887
f 178//4888 2545//4888 2538//4888
f 2536//4889 2546//4889 2539//4889
f 2543//4890 2546//4890 2536//4890
f 2537//4891 2547//4891 2540//4891
f 2544//4892 2547//4892 2537//4892
f 2547//4893 2548//4893 2540//4893
f 2541//4894 2548//4894 439//4894
f 2540//4895 2548//4895 2541//4895
f 2542//4896 2549//4896 2544//4896
f 2546//4897 2549//4897 2539//4897
f 2539//4898 2549//4898 2542//4898
f 2545//4899 2550//4899 2538//4899
f 2538//4900 2550//4900 2543//4900
f 2543//4901 2550//4901 2546//4901
f 2549//4902 2551//4902 2544//4902
f 178//4903 2552//4903 2545//4903
f 2550//4904 2553//4904 2546//4904
f 2551//4905 2554//4905 2544//4905
f 2544//4906 2554//4906 2547//4906
f 2554//4907 2555//4907 2547//4907
f 2547//4908 2555//4908 2548//4908
f 2553//4909 2556//4909 2546//4909
f 2546//4910 2556//4910 2549//4910
f 2552//4911 2557//4911 2545//4911
f 2545//4912 2557//4912 2550//4912
f 2549//4913 2558//4913 2551//4913
f 2556//4914 2558//4914 2549//4914
f 2551//4915 2558//4915 2554//4915
f 178//4916 2559//4916 2552//4916
f 2550//4917 2560//4917 2553//4917
f 2557//4918 2560//4918 2550//4918
f 2558//4919 2561//4919 2554//4919
f 2554//4920 2562//4920 2555//4920
f 2561//4921 2562//4921 2554//4921
f 2553//4922 2563//4922 2556//4922
f 2560//4923 2563//4923 2553//4923
f 2552//4924 2564//4924 2557//4924
f 2559//4925 2564//4925 2552//4925
f 2563//4926 2565//4926 2556//4926
f 2556//4927 2565//4927 2558//4927
f 178//4928 2566//4928 2559//4928
f 2557//4929 2567//4929 2560//4929
f 2564//4930 2567//4930 2557//4930
f 2558//4931 2568//4931 2561//4931
f 2565//4932 2568//4932 2558//4932
f 2561//4933 2569//4933 2562//4933
f 2568//4934 2569//4934 2561//4934
f 176//4935 2570//4935 178//4935
f 178//4936 2570//4936 2566//4936
f 2560//4937 2571//4937 2563//4937
f 2567//4938 2571//4938 2560//4938
f 2563//4939 2571//4939 2565//4939
f 439//4940 2572//4940 193//4940
f 2548//4941 2572//4941 439//4941
f 2562//4942 2572//4942 2555//4942
f 2569//4943 2572//4943 2562//4943
f 2555//4944 2572//4944 2548//4944
f 2559//4945 2573//4945 2564//4945
f 2566//4946 2573//4946 2559//4946
f 2571//4947 2574//4947 2565//4947
f 176//4948 2575//4948 2570//4948
f 2570//4949 2575//4949 2566//4949
f 2566//4950 2575//4950 2573//4950
f 2564//4951 2576//4951 2567//4951
f 2573//4952 2576//4952 2564//4952
f 2565//4953 2577//4953 2568//4953
f 2574//4954 2577//4954 2565//4954
f 2568//4955 2578//4955 2569//4955
f 2569//4956 2578//4956 2572//4956
f 2577//4957 2578//4957 2568//4957
f 2567//4958 2579//4958 2571//4958
f 2576//4959 2579//4959 2567//4959
f 2572//4960 2580//4960 193//4960
f 2578//4961 2580//4961 2572//4961
f 183//4962 2581//4962 176//4962
f 176//4963 2581//4963 2575//4963
f 2575//4964 2581//4964 2573//4964
f 2573//4965 2581//4965 2576//4965
f 2579//4966 2582//4966 2571//4966
f 2571//4967 2582//4967 2574//4967
f 2574//4968 2582//4968 2577//4968
f 2576//4969 2583//4969 2579//4969
f 2581//4970 2583//4970 2576//4970
f 2579//4971 2583//4971 2582//4971
f 183//4972 2583//4972 2581//4972
f 2582//4973 2584//4973 2577//4973
f 186//4974 2585//4974 183//4974
f 183//4975 2585//4975 2583//4975
f 2583//4976 2585//4976 2582//4976
f 2577//4977 2586//4977 2578//4977
f 2584//4978 2586//4978 2577//4978
f 2580//4979 2587//4979 193//4979
f 2578//4980 2587//4980 2580//4980
f 2586//4981 2587//4981 2578//4981
f 2582//4982 2588//4982 2584//4982
f 186//4983 2588//4983 2585//4983
f 2585//4984 2588//4984 2582//4984
f 193//4985 2589//4985 186//4985
f 2588//4986 2589//4986 2584//4986
f 186//4987 2589//4987 2588//4987
f 2584//4988 2589//4988 2586//4988
f 2587//4989 2590//4989 193//4989
f 2586//4990 2590//4990 2587//4990
f 193//4991 2590//4991 2589//4991
f 2589//4992 2590//4992 2586//4992
f 556//4993 2591//4993 558//4993
f 2591//4994 2592//4994 558//4994
f 558//4995 2593//4995 554//4995
f 2592//4996 2593//4996 558//4996
f 2593//4997 2594//4997 554//4997
f 556//4998 2595//4998 2591//4998
f 554//4999 2596//4999 551//4999
f 2594//5000 2596//5000 554//5000
f 2595//5001 2597//5001 2591//5001
f 2591//5002 2597//5002 2592//5002
f 2592//5003 2598//5003 2593//5003
f 2597//5004 2598//5004 2592//5004
f 2596//5005 2599//5005 551//5005
f 2593//5006 2600//5006 2594//5006
f 2598//5007 2600//5007 2593//5007
f 556//5008 2601//5008 2595//5008
f 2600//5009 2602//5009 2594//5009
f 2594//5010 2602//5010 2596//5010
f 551//5011 2603//5011 548//5011
f 2599//5012 2603//5012 551//5012
f 2601//5013 2604//5013 2595//5013
f 2595//5014 2604//5014 2597//5014
f 2604//5015 2605//5015 2597//5015
f 2597//5016 2605//5016 2598//5016
f 2596//5017 2606//5017 2599//5017
f 2602//5018 2606//5018 2596//5018
f 2598//5019 2607//5019 2600//5019
f 2605//5020 2607//5020 2598//5020
f 2603//5021 2608//5021 548//5021
f 556//5022 2609//5022 2601//5022
f 2600//5023 2610//5023 2602//5023
f 2607//5024 2610//5024 2600//5024
f 2606//5025 2611//5025 2599//5025
f 2599//5026 2611//5026 2603//5026
f 2609//5027 2612//5027 2601//5027
f 2601//5028 2612//5028 2604//5028
f 2604//5029 2613//5029 2605//5029
f 2612//5030 2613//5030 2604//5030
f 2610//5031 2614//5031 2602//5031
f 2602//5032 2614//5032 2606//5032
f 2605//5033 2615//5033 2607//5033
f 2613//5034 2615//5034 2605//5034
f 2608//5035 2616//5035 548//5035
f 2603//5036 2616//5036 2608//5036
f 2611//5037 2616//5037 2603//5037
f 309//5038 2617//5038 556//5038
f 556//5039 2617//5039 2609//5039
f 2607//5040 2618//5040 2610//5040
f 2615//5041 2618//5041 2607//5041
f 2606//5042 2619//5042 2611//5042
f 2614//5043 2619//5043 2606//5043
f 2617//5044 2620//5044 2609//5044
f 2609//5045 2620//5045 2612//5045
f 2620//5046 2621//5046 2612//5046
f 2612//5047 2621//5047 2613//5047
f 2610//5048 2622//5048 2614//5048
f 2618//5049 2622//5049 2610//5049
f 2621//5050 2623//5050 2613//5050
f 2613//5051 2623//5051 2615//5051
f 2616//5052 2624//5052 548//5052
f 2611//5053 2624//5053 2616//5053
f 2619//5054 2624//5054 2611//5054
f 309//5055 2625//5055 2617//5055
f 2617//5056 2625//5056 2620//5056
f 2615//5057 2626//5057 2618//5057
f 2623//5058 2626//5058 2615//5058
f 2622//5059 2627//5059 2614//5059
f 2614//5060 2627//5060 2619//5060
f 2625//5061 2628//5061 2620//5061
f 2628//5062 2629//5062 2620//5062
f 2620//5063 2629//5063 2621//5063
f 2618//5064 2630//5064 2622//5064
f 2626//5065 2630//5065 2618//5065
f 2629//5066 2631//5066 2621//5066
f 2621//5067 2631//5067 2623//5067
f 2619//5068 2632//5068 2624//5068
f 2627//5069 2632//5069 2619//5069
f 2624//5070 2632//5070 548//5070
f 309//5071 2633//5071 2625//5071
f 2623//5072 2634//5072 2626//5072
f 2631//5073 2634//5073 2623//5073
f 2622//5074 2635//5074 2627//5074
f 2630//5075 2635//5075 2622//5075
f 2627//5076 2635//5076 2632//5076
f 2625//5077 2636//5077 2628//5077
f 2633//5078 2636//5078 2625//5078
f 2628//5079 2637//5079 2629//5079
f 2636//5080 2637//5080 2628//5080
f 2626//5081 2638//5081 2630//5081
f 2634//5082 2638//5082 2626//5082
f 2629//5083 2639//5083 2631//5083
f 2637//5084 2639//5084 2629//5084
f 2632//5085 2640//5085 548//5085
f 548//5086 2640//5086 302//5086
f 2635//5087 2640//5087 2632//5087
f 309//5088 2641//5088 2633//5088
f 2639//5089 2642//5089 2631//5089
f 2631//5090 2642//5090 2634//5090
f 2630//5091 2643//5091 2635//5091
f 2638//5092 2643//5092 2630//5092
f 2641//5093 2644//5093 2633//5093
f 2633//5094 2644//5094 2636//5094
f 2644//5095 2645//5095 2636//5095
f 2636//5096 2645//5096 2637//5096
f 2637//5097 2645//5097 2639//5097
f 2634//5098 2646//5098 2638//5098
f 2642//5099 2646//5099 2634//5099
f 2645//5100 2647//5100 2639//5100
f 2640//5101 2648//5101 302//5101
f 2643//5102 2648//5102 2635//5102
f 2635//5103 2648//5103 2640//5103
f 309//5104 2649//5104 2641//5104
f 2639//5105 2650//5105 2642//5105
f 2647//5106 2650//5106 2639//5106
f 2642//5107 2650//5107 2646//5107
f 2638//5108 2651//5108 2643//5108
f 2646//5109 2651//5109 2638//5109
f 2641//5110 2652//5110 2644//5110
f 2649//5111 2652//5111 2641//5111
f 2644//5112 2653//5112 2645//5112
f 2652//5113 2653//5113 2644//5113
f 311//5114 2654//5114 309//5114
f 309//5115 2654//5115 2649//5115
f 2650//5116 2655//5116 2646//5116
f 311//5117 2656//5117 2654//5117
f 2654//5118 2656//5118 2649//5118
f 2649//5119 2656//5119 2652//5119
f 2653//5120 2657//5120 2645//5120
f 2645//5121 2657//5121 2647//5121
f 2651//5122 2658//5122 2643//5122
f 2643//5123 2658//5123 2648//5123
f 2648//5124 2658//5124 302//5124
f 2656//5125 2659//5125 2652//5125
f 2652//5126 2659//5126 2653//5126
f 307//5127 2659//5127 311//5127
f 311//5128 2659//5128 2656//5128
f 2653//5129 2659//5129 2657//5129
f 2657//5130 2660//5130 2647//5130
f 2647//5131 2660//5131 2650//5131
f 2655//5132 2661//5132 2646//5132
f 2646//5133 2661//5133 2651//5133
f 2659//5134 2662//5134 2657//5134
f 307//5135 2662//5135 2659//5135
f 2660//5136 2663//5136 2650//5136
f 2650//5137 2663//5137 2655//5137
f 2657//5138 2664//5138 2660//5138
f 2662//5139 2664//5139 2657//5139
f 304//5140 2664//5140 307//5140
f 307//5141 2664//5141 2662//5141
f 2660//5142 2664//5142 2663//5142
f 2658//5143 2665//5143 302//5143
f 2661//5144 2665//5144 2651//5144
f 2651//5145 2665//5145 2658//5145
f 2664//5146 2666//5146 2663//5146
f 304//5147 2666//5147 2664//5147
f 2663//5148 2667//5148 2655//5148
f 2655//5149 2667//5149 2661//5149
f 302//5150 2668//5150 304//5150
f 2663//5151 2668//5151 2667//5151
f 304//5152 2668//5152 2666//5152
f 2666//5153 2668//5153 2663//5153
f 2665//5154 2669//5154 302//5154
f 2661//5155 2669//5155 2665//5155
f 2667//5156 2669//5156 2661//5156
f 302//5157 2670//5157 2668//5157
f 2669//5158 2670//5158 302//5158
f 2668//5159 2670//5159 2667//5159
f 2667//5160 2670//5160 2669//5160
f 177//5161 178//5161 424//5161
f 424//5162 178//5162 425//5162
f 302//5163 301//5163 548//5163
f 548//5164 301//5164 549//5164
f 440//5165 2671//5165 432//5165
f 2671//5166 2672//5166 432//5166
f 432//5167 2673//5167 429//5167
f 2672//5168 2673//5168 432//5168
f 2673//5169 2674//5169 429//5169
f 440//5170 2675//5170 2671//5170
f 429//5171 2676//5171 423//5171
f 2674//5172 2676//5172 429//5172
f 2675//5173 2677//5173 2671//5173
f 2671//5174 2677//5174 2672//5174
f 2672//5175 2678//5175 2673//5175
f 2677//5176 2678//5176 2672//5176
f 2676//5177 2679//5177 423//5177
f 2673//5178 2680//5178 2674//5178
f 2678//5179 2680//5179 2673//5179
f 440//5180 2681//5180 2675//5180
f 2680//5181 2682//5181 2674//5181
f 2674//5182 2682//5182 2676//5182
f 423//5183 2683//5183 424//5183
f 2679//5184 2683//5184 423//5184
f 2681//5185 2684//5185 2675//5185
f 2675//5186 2684//5186 2677//5186
f 2684//5187 2685//5187 2677//5187
f 2677//5188 2685//5188 2678//5188
f 2676//5189 2686//5189 2679//5189
f 2682//5190 2686//5190 2676//5190
f 2678//5191 2687//5191 2680//5191
f 2685//5192 2687//5192 2678//5192
f 2683//5193 2688//5193 424//5193
f 440//5194 2689//5194 2681//5194
f 2680//5195 2690//5195 2682//5195
f 2687//5196 2690//5196 2680//5196
f 2686//5197 2691//5197 2679//5197
f 2679//5198 2691//5198 2683//5198
f 2689//5199 2692//5199 2681//5199
f 2681//5200 2692//5200 2684//5200
f 2684//5201 2693//5201 2685//5201
f 2692//5202 2693//5202 2684//5202
f 2690//5203 2694//5203 2682//5203
f 2682//5204 2694//5204 2686//5204
f 2685//5205 2695//5205 2687//5205
f 2693//5206 2695//5206 2685//5206
f 2688//5207 2696//5207 424//5207
f 2683//5208 2696//5208 2688//5208
f 2691//5209 2696//5209 2683//5209
f 192//5210 2697//5210 440//5210
f 440//5211 2697//5211 2689//5211
f 2687//5212 2698//5212 2690//5212
f 2695//5213 2698//5213 2687//5213
f 2686//5214 2699//5214 2691//5214
f 2694//5215 2699//5215 2686//5215
f 2691//5216 2699//5216 2696//5216
f 2697//5217 2700//5217 2689//5217
f 2689//5218 2700//5218 2692//5218
f 2700//5219 2701//5219 2692//5219
f 2692//5220 2701//5220 2693//5220
f 2690//5221 2702//5221 2694//5221
f 2698//5222 2702//5222 2690//5222
f 2701//5223 2703//5223 2693//5223
f 2693//5224 2703//5224 2695//5224
f 2699//5225 2704//5225 2696//5225
f 2696//5226 2704//5226 424//5226
f 192//5227 2705//5227 2697//5227
f 2695//5228 2706//5228 2698//5228
f 2703//5229 2706//5229 2695//5229
f 2702//5230 2707//5230 2694//5230
f 2694//5231 2707//5231 2699//5231
f 2705//5232 2708//5232 2697//5232
f 2697//5233 2708//5233 2700//5233
f 2708//5234 2709//5234 2700//5234
f 2700//5235 2709//5235 2701//5235
f 2698//5236 2710//5236 2702//5236
f 2706//5237 2710//5237 2698//5237
f 2709//5238 2711//5238 2701//5238
f 2701//5239 2711//5239 2703//5239
f 2699//5240 2712//5240 2704//5240
f 2704//5241 2712//5241 424//5241
f 2707//5242 2712//5242 2699//5242
f 192//5243 2713//5243 2705//5243
f 2703//5244 2714//5244 2706//5244
f 2711//5245 2714//5245 2703//5245
f 2710//5246 2715//5246 2702//5246
f 2702//5247 2715//5247 2707//5247
f 2713//5248 2716//5248 2705//5248
f 2705//5249 2716//5249 2708//5249
f 2708//5250 2717//5250 2709//5250
f 2716//5251 2717//5251 2708//5251
f 2706//5252 2718//5252 2710//5252
f 2714//5253 2718//5253 2706//5253
f 2717//5254 2719//5254 2709//5254
f 2709//5255 2719//5255 2711//5255
f 424//5256 2720//5256 177//5256
f 2712//5257 2720//5257 424//5257
f 2707//5258 2720//5258 2712//5258
f 2715//5259 2720//5259 2707//5259
f 192//5260 2721//5260 2713//5260
f 2711//5261 2722//5261 2714//5261
f 2714//5262 2722//5262 2718//5262
f 2719//5263 2722//5263 2711//5263
f 2710//5264 2723//5264 2715//5264
f 2718//5265 2723//5265 2710//5265
f 2713//5266 2724//5266 2716//5266
f 2721//5267 2724//5267 2713//5267
f 2716//5268 2725//5268 2717//5268
f 2724//5269 2725//5269 2716//5269
f 2722//5270 2726//5270 2718//5270
f 2717//5271 2727//5271 2719//5271
f 2725//5272 2727//5272 2717//5272
f 2720//5273 2728//5273 177//5273
f 2723//5274 2728//5274 2715//5274
f 2715//5275 2728//5275 2720//5275
f 192//5276 2729//5276 2721//5276
f 2727//5277 2730//5277 2719//5277
f 2719//5278 2730//5278 2722//5278
f 2718//5279 2731//5279 2723//5279
f 2726//5280 2731//5280 2718//5280
f 2721//5281 2732//5281 2724//5281
f 2729//5282 2732//5282 2721//5282
f 2724//5283 2733//5283 2725//5283
f 2725//5284 2733//5284 2727//5284
f 2732//5285 2733//5285 2724//5285
f 185//5286 2734//5286 192//5286
f 192//5287 2734//5287 2729//5287
f 2722//5288 2735//5288 2726//5288
f 2730//5289 2735//5289 2722//5289
f 2729//5290 2736//5290 2732//5290
f 185//5291 2736//5291 2734//5291
f 2734//5292 2736//5292 2729//5292
f 2733//5293 2737//5293 2727//5293
f 2728//5294 2738//5294 177//5294
f 2723//5295 2738//5295 2728//5295
f 2731//5296 2738//5296 2723//5296
f 2732//5297 2739//5297 2733//5297
f 182//5298 2739//5298 185//5298
f 185//5299 2739//5299 2736//5299
f 2733//5300 2739//5300 2737//5300
f 2736//5301 2739//5301 2732//5301
f 2737//5302 2740//5302 2727//5302
f 2727//5303 2740//5303 2730//5303
f 2726//5304 2741//5304 2731//5304
f 2735//5305 2741//5305 2726//5305
f 2739//5306 2742//5306 2737//5306
f 182//5307 2742//5307 2739//5307
f 2730//5308 2743//5308 2735//5308
f 2740//5309 2743//5309 2730//5309
f 182//5310 2744//5310 2742//5310
f 175//5311 2744//5311 182//5311
f 2737//5312 2744//5312 2740//5312
f 2742//5313 2744//5313 2737//5313
f 2738//5314 2745//5314 177//5314
f 2741//5315 2745//5315 2731//5315
f 2731//5316 2745//5316 2738//5316
f 2740//5317 2746//5317 2743//5317
f 2744//5318 2746//5318 2740//5318
f 175//5319 2746//5319 2744//5319
f 2735//5320 2747//5320 2741//5320
f 2746//5321 2747//5321 2743//5321
f 2743//5322 2747//5322 2735//5322
f 177//5323 2748//5323 175//5323
f 175//5324 2748//5324 2746//5324
f 2746//5325 2748//5325 2747//5325
f 2747//5326 2749//5326 2741//5326
f 2741//5327 2749//5327 2745//5327
f 2745//5328 2749//5328 177//5328
f 2747//5329 2750//5329 2749//5329
f 177//5330 2750//5330 2748//5330
f 2748//5331 2750//5331 2747//5331
f 2749//5332 2750//5332 177//5332
f 549//5333 2751//5333 550//5333
f 2751//5334 2752//5334 550//5334
f 549//5335 2753//5335 2751//5335
f 550//5336 2754//5336 555//5336
f 2752//5337 2754//5337 550//5337
f 2754//5338 2755//5338 555//5338
f 2751//5339 2756//5339 2752//5339
f 2753//5340 2756//5340 2751//5340
f 555//5341 2757//5341 559//5341
f 2755//5342 2757//5342 555//5342
f 549//5343 2758//5343 2753//5343
f 2752//5344 2759//5344 2754//5344
f 2756//5345 2759//5345 2752//5345
f 2757//5346 2760//5346 559//5346
f 559//5347 2761//5347 557//5347
f 2760//5348 2761//5348 559//5348
f 2754//5349 2762//5349 2755//5349
f 2759//5350 2762//5350 2754//5350
f 2753//5351 2763//5351 2756//5351
f 2758//5352 2763//5352 2753//5352
f 2755//5353 2764//5353 2757//5353
f 2762//5354 2764//5354 2755//5354
f 549//5355 2765//5355 2758//5355
f 2756//5356 2766//5356 2759//5356
f 2763//5357 2766//5357 2756//5357
f 2757//5358 2767//5358 2760//5358
f 2764//5359 2767//5359 2757//5359
f 2761//5360 2768//5360 557//5360
f 2760//5361 2768//5361 2761//5361
f 2767//5362 2768//5362 2760//5362
f 2759//5363 2769//5363 2762//5363
f 2766//5364 2769//5364 2759//5364
f 2758//5365 2770//5365 2763//5365
f 2765//5366 2770//5366 2758//5366
f 2762//5367 2771//5367 2764//5367
f 2769//5368 2771//5368 2762//5368
f 301//5369 2772//5369 549//5369
f 549//5370 2772//5370 2765//5370
f 2770//5371 2773//5371 2763//5371
f 2763//5372 2773//5372 2766//5372
f 2764//5373 2774//5373 2767//5373
f 2767//5374 2774//5374 2768//5374
f 2771//5375 2774//5375 2764//5375
f 2768//5376 2775//5376 557//5376
f 2774//5377 2775//5377 2768//5377
f 2766//5378 2776//5378 2769//5378
f 2773//5379 2776//5379 2766//5379
f 2765//5380 2777//5380 2770//5380
f 2772//5381 2777//5381 2765//5381
f 2769//5382 2778//5382 2771//5382
f 2771//5383 2778//5383 2774//5383
f 2776//5384 2778//5384 2769//5384
f 301//5385 2779//5385 2772//5385
f 2770//5386 2780//5386 2773//5386
f 2773//5387 2780//5387 2776//5387
f 2777//5388 2780//5388 2770//5388
f 2778//5389 2781//5389 2774//5389
f 2781//5390 2782//5390 2774//5390
f 2775//5391 2782//5391 557//5391
f 2774//5392 2782//5392 2775//5392
f 2780//5393 2783//5393 2776//5393
f 2779//5394 2784//5394 2772//5394
f 2772//5395 2784//5395 2777//5395
f 2776//5396 2785//5396 2778//5396
f 2783//5397 2785//5397 2776//5397
f 301//5398 2786//5398 2779//5398
f 2784//5399 2787//5399 2777//5399
f 2777//5400 2787//5400 2780//5400
f 2778//5401 2788//5401 2781//5401
f 2785//5402 2788//5402 2778//5402
f 2788//5403 2789//5403 2781//5403
f 2781//5404 2789//5404 2782//5404
f 2780//5405 2790//5405 2783//5405
f 2787//5406 2790//5406 2780//5406
f 2783//5407 2790//5407 2785//5407
f 2779//5408 2791//5408 2784//5408
f 2786//5409 2791//5409 2779//5409
f 2784//5410 2791//5410 2787//5410
f 2790//5411 2792//5411 2785//5411
f 301//5412 2793//5412 2786//5412
f 2791//5413 2794//5413 2787//5413
f 2785//5414 2795//5414 2788//5414
f 2792//5415 2795//5415 2785//5415
f 2788//5416 2796//5416 2789//5416
f 2795//5417 2796//5417 2788//5417
f 2794//5418 2797//5418 2787//5418
f 2787//5419 2797//5419 2790//5419
f 2786//5420 2798//5420 2791//5420
f 2793//5421 2798//5421 2786//5421
f 2790//5422 2799//5422 2792//5422
f 2797//5423 2799//5423 2790//5423
f 301//5424 2800//5424 2793//5424
f 2793//5425 2800//5425 2798//5425
f 2791//5426 2801//5426 2794//5426
f 2798//5427 2801//5427 2791//5427
f 2792//5428 2802//5428 2795//5428
f 2799//5429 2802//5429 2792//5429
f 2795//5430 2803//5430 2796//5430
f 2802//5431 2803//5431 2795//5431
f 303//5432 2804//5432 301//5432
f 301//5433 2804//5433 2800//5433
f 2794//5434 2805//5434 2797//5434
f 2797//5435 2805//5435 2799//5435
f 2801//5436 2805//5436 2794//5436
f 557//5437 2806//5437 310//5437
f 2789//5438 2806//5438 2782//5438
f 2782//5439 2806//5439 557//5439
f 2796//5440 2806//5440 2789//5440
f 2803//5441 2806//5441 2796//5441
f 2800//5442 2807//5442 2798//5442
f 2805//5443 2808//5443 2799//5443
f 303//5444 2809//5444 2804//5444
f 2804//5445 2809//5445 2800//5445
f 2800//5446 2809//5446 2807//5446
f 2798//5447 2810//5447 2801//5447
f 2807//5448 2810//5448 2798//5448
f 2799//5449 2811//5449 2802//5449
f 2808//5450 2811//5450 2799//5450
f 2802//5451 2812//5451 2803//5451
f 2803//5452 2812//5452 2806//5452
f 2811//5453 2812//5453 2802//5453
f 2801//5454 2813//5454 2805//5454
f 2810//5455 2813//5455 2801//5455
f 2806//5456 2814//5456 310//5456
f 2812//5457 2814//5457 2806//5457
f 308//5458 2815//5458 303//5458
f 303//5459 2815//5459 2809//5459
f 2809//5460 2815//5460 2807//5460
f 2807//5461 2815//5461 2810//5461
f 2813//5462 2816//5462 2805//5462
f 2805//5463 2816//5463 2808//5463
f 2810//5464 2817//5464 2813//5464
f 2815//5465 2817//5465 2810//5465
f 308//5466 2817//5466 2815//5466
f 2811//5467 2818//5467 2812//5467
f 2816//5468 2818//5468 2808//5468
f 2808//5469 2818//5469 2811//5469
f 312//5470 2819//5470 308//5470
f 2817//5471 2819//5471 2813//5471
f 308//5472 2819//5472 2817//5472
f 2813//5473 2819//5473 2816//5473
f 2818//5474 2820//5474 2812//5474
f 2812//5475 2821//5475 2814//5475
f 2820//5476 2821//5476 2812//5476
f 2814//5477 2821//5477 310//5477
f 312//5478 2822//5478 2819//5478
f 2816//5479 2822//5479 2818//5479
f 2819//5480 2822//5480 2816//5480
f 310//5481 2823//5481 312//5481
f 2818//5482 2823//5482 2820//5482
f 2822//5483 2823//5483 2818//5483
f 312//5484 2823//5484 2822//5484
f 2821//5485 2824//5485 310//5485
f 2820//5486 2824//5486 2821//5486
f 310//5487 2824//5487 2823//5487
f 2823//5488 2824//5488 2820//5488
f 206//5489 192//5489 453//5489
f 453//5490 192//5490 440//5490
f 310//5491 298//5491 557//5491
f 557//5492 298//5492 545//5492
f 211//5493 206//5493 458//5493
f 458//5494 206//5494 453//5494
f 298//5495 278//5495 545//5495
f 545//5496 278//5496 525//5496
f 198//5497 211//5497 445//5497
f 445//5498 211//5498 458//5498
f 278//5499 276//5499 525//5499
f 525//5500 276//5500 523//5500
f 428//5501 2825//5501 426//5501
f 2825//5502 2826//5502 426//5502
f 428//5503 2827//5503 2825//5503
f 426//5504 2828//5504 442//5504
f 2826//5505 2828//5505 426//5505
f 2828//5506 2829//5506 442//5506
f 2825//5507 2830//5507 2826//5507
f 2827//5508 2830//5508 2825//5508
f 442//5509 2831//5509 444//5509
f 2829//5510 2831//5510 442//5510
f 428//5511 2832//5511 2827//5511
f 2826//5512 2833//5512 2828//5512
f 2830//5513 2833//5513 2826//5513
f 2831//5514 2834//5514 444//5514
f 444//5515 2835//5515 445//5515
f 2834//5516 2835//5516 444//5516
f 2828//5517 2836//5517 2829//5517
f 2833//5518 2836//5518 2828//5518
f 2827//5519 2837//5519 2830//5519
f 2832//5520 2837//5520 2827//5520
f 2829//5521 2838//5521 2831//5521
f 2836//5522 2838//5522 2829//5522
f 428//5523 2839//5523 2832//5523
f 2830//5524 2840//5524 2833//5524
f 2837//5525 2840//5525 2830//5525
f 2831//5526 2841//5526 2834//5526
f 2838//5527 2841//5527 2831//5527
f 2835//5528 2842//5528 445//5528
f 2834//5529 2842//5529 2835//5529
f 2841//5530 2842//5530 2834//5530
f 2833//5531 2843//5531 2836//5531
f 2840//5532 2843//5532 2833//5532
f 2832//5533 2844//5533 2837//5533
f 2839//5534 2844//5534 2832//5534
f 2836//5535 2845//5535 2838//5535
f 2843//5536 2845//5536 2836//5536
f 2838//5537 2845//5537 2841//5537
f 181//5538 2846//5538 428//5538
f 428//5539 2846//5539 2839//5539
f 2844//5540 2847//5540 2837//5540
f 2837//5541 2847//5541 2840//5541
f 2845//5542 2848//5542 2841//5542
f 2842//5543 2849//5543 445//5543
f 2841//5544 2849//5544 2842//5544
f 2848//5545 2849//5545 2841//5545
f 2840//5546 2850//5546 2843//5546
f 2847//5547 2850//5547 2840//5547
f 2839//5548 2851//5548 2844//5548
f 2846//5549 2851//5549 2839//5549
f 2843//5550 2852//5550 2845//5550
f 2850//5551 2852//5551 2843//5551
f 181//5552 2853//5552 2846//5552
f 2844//5553 2854//5553 2847//5553
f 2851//5554 2854//5554 2844//5554
f 2845//5555 2855//5555 2848//5555
f 2848//5556 2855//5556 2849//5556
f 2852//5557 2855//5557 2845//5557
f 2849//5558 2856//5558 445//5558
f 2855//5559 2856//5559 2849//5559
f 2854//5560 2857//5560 2847//5560
f 2847//5561 2857//5561 2850//5561
f 2853//5562 2858//5562 2846//5562
f 2846//5563 2858//5563 2851//5563
f 2850//5564 2859//5564 2852//5564
f 2857//5565 2859//5565 2850//5565
f 2852//5566 2859//5566 2855//5566
f 181//5567 2860//5567 2853//5567
f 2858//5568 2861//5568 2851//5568
f 2854//5569 2861//5569 2857//5569
f 2851//5570 2861//5570 2854//5570
f 2859//5571 2862//5571 2855//5571
f 2855//5572 2863//5572 2856//5572
f 2862//5573 2863//5573 2855//5573
f 2861//5574 2864//5574 2857//5574
f 2860//5575 2865//5575 2853//5575
f 2853//5576 2865//5576 2858//5576
f 2857//5577 2866//5577 2859//5577
f 2864//5578 2866//5578 2857//5578
f 181//5579 2867//5579 2860//5579
f 2858//5580 2868//5580 2861//5580
f 2865//5581 2868//5581 2858//5581
f 2859//5582 2869//5582 2862//5582
f 2866//5583 2869//5583 2859//5583
f 2862//5584 2870//5584 2863//5584
f 2869//5585 2870//5585 2862//5585
f 2861//5586 2871//5586 2864//5586
f 2868//5587 2871//5587 2861//5587
f 2860//5588 2872//5588 2865//5588
f 2867//5589 2872//5589 2860//5589
f 2864//5590 2873//5590 2866//5590
f 2871//5591 2873//5591 2864//5591
f 181//5592 2874//5592 2867//5592
f 2872//5593 2875//5593 2865//5593
f 2865//5594 2875//5594 2868//5594
f 2873//5595 2876//5595 2866//5595
f 2866//5596 2876//5596 2869//5596
f 2869//5597 2877//5597 2870//5597
f 2876//5598 2877//5598 2869//5598
f 180//5599 2878//5599 181//5599
f 181//5600 2878//5600 2874//5600
f 2868//5601 2879//5601 2871//5601
f 2875//5602 2879//5602 2868//5602
f 445//5603 2880//5603 198//5603
f 2856//5604 2880//5604 445//5604
f 2870//5605 2880//5605 2863//5605
f 2863//5606 2880//5606 2856//5606
f 2877//5607 2880//5607 2870//5607
f 2867//5608 2881//5608 2872//5608
f 2874//5609 2881//5609 2867//5609
f 2871//5610 2882//5610 2873//5610
f 2879//5611 2882//5611 2871//5611
f 180//5612 2883//5612 2878//5612
f 2878//5613 2883//5613 2874//5613
f 2874//5614 2883//5614 2881//5614
f 2872//5615 2884//5615 2875//5615
f 2881//5616 2884//5616 2872//5616
f 2875//5617 2884//5617 2879//5617
f 2873//5618 2885//5618 2876//5618
f 2882//5619 2885//5619 2873//5619
f 2876//5620 2885//5620 2877//5620
f 2885//5621 2886//5621 2877//5621
f 2884//5622 2887//5622 2879//5622
f 2886//5623 2888//5623 2877//5623
f 2880//5624 2888//5624 198//5624
f 2877//5625 2888//5625 2880//5625
f 2884//5626 2889//5626 2887//5626
f 195//5627 2889//5627 180//5627
f 2881//5628 2889//5628 2884//5628
f 180//5629 2889//5629 2883//5629
f 2883//5630 2889//5630 2881//5630
f 2887//5631 2890//5631 2879//5631
f 2879//5632 2890//5632 2882//5632
f 2882//5633 2890//5633 2885//5633
f 2889//5634 2891//5634 2887//5634
f 195//5635 2891//5635 2889//5635
f 2887//5636 2891//5636 2890//5636
f 2890//5637 2892//5637 2885//5637
f 197//5638 2893//5638 195//5638
f 195//5639 2893//5639 2891//5639
f 2891//5640 2893//5640 2890//5640
f 2885//5641 2894//5641 2886//5641
f 2892//5642 2894//5642 2885//5642
f 2888//5643 2895//5643 198//5643
f 2886//5644 2895//5644 2888//5644
f 2894//5645 2895//5645 2886//5645
f 2890//5646 2896//5646 2892//5646
f 197//5647 2896//5647 2893//5647
f 2893//5648 2896//5648 2890//5648
f 198//5649 2897//5649 197//5649
f 197//5650 2897//5650 2896//5650
f 2892//5651 2897//5651 2894//5651
f 2894//5652 2897//5652 2895//5652
f 2896//5653 2897//5653 2892//5653
f 198//5654 2898//5654 2897//5654
f 2895//5655 2898//5655 198//5655
f 2897//5656 2898//5656 2895//5656
f 523//5657 2899//5657 519//5657
f 2899//5658 2900//5658 519//5658
f 519//5659 2901//5659 517//5659
f 2900//5660 2901//5660 519//5660
f 2901//5661 2902//5661 517//5661
f 523//5662 2903//5662 2899//5662
f 517//5663 2904//5663 514//5663
f 2902//5664 2904//5664 517//5664
f 2903//5665 2905//5665 2899//5665
f 2899//5666 2905//5666 2900//5666
f 2900//5667 2906//5667 2901//5667
f 2905//5668 2906//5668 2900//5668
f 2904//5669 2907//5669 514//5669
f 2901//5670 2908//5670 2902//5670
f 2906//5671 2908//5671 2901//5671
f 523//5672 2909//5672 2903//5672
f 2908//5673 2910//5673 2902//5673
f 2902//5674 2910//5674 2904//5674
f 514//5675 2911//5675 506//5675
f 2907//5676 2911//5676 514//5676
f 2909//5677 2912//5677 2903//5677
f 2903//5678 2912//5678 2905//5678
f 2912//5679 2913//5679 2905//5679
f 2905//5680 2913//5680 2906//5680
f 2904//5681 2914//5681 2907//5681
f 2910//5682 2914//5682 2904//5682
f 2906//5683 2915//5683 2908//5683
f 2913//5684 2915//5684 2906//5684
f 2911//5685 2916//5685 506//5685
f 523//5686 2917//5686 2909//5686
f 2908//5687 2918//5687 2910//5687
f 2915//5688 2918//5688 2908//5688
f 2914//5689 2919//5689 2907//5689
f 2907//5690 2919//5690 2911//5690
f 2917//5691 2920//5691 2909//5691
f 2909//5692 2920//5692 2912//5692
f 2912//5693 2921//5693 2913//5693
f 2920//5694 2921//5694 2912//5694
f 2918//5695 2922//5695 2910//5695
f 2910//5696 2922//5696 2914//5696
f 2913//5697 2923//5697 2915//5697
f 2921//5698 2923//5698 2913//5698
f 2916//5699 2924//5699 506//5699
f 2911//5700 2924//5700 2916//5700
f 2919//5701 2924//5701 2911//5701
f 276//5702 2925//5702 523//5702
f 523//5703 2925//5703 2917//5703
f 2915//5704 2926//5704 2918//5704
f 2923//5705 2926//5705 2915//5705
f 2914//5706 2927//5706 2919//5706
f 2922//5707 2927//5707 2914//5707
f 2919//5708 2927//5708 2924//5708
f 2925//5709 2928//5709 2917//5709
f 2917//5710 2928//5710 2920//5710
f 2928//5711 2929//5711 2920//5711
f 2920//5712 2929//5712 2921//5712
f 2918//5713 2930//5713 2922//5713
f 2926//5714 2930//5714 2918//5714
f 2929//5715 2931//5715 2921//5715
f 2921//5716 2931//5716 2923//5716
f 2927//5717 2932//5717 2924//5717
f 2924//5718 2932//5718 506//5718
f 276//5719 2933//5719 2925//5719
f 2925//5720 2933//5720 2928//5720
f 2923//5721 2934//5721 2926//5721
f 2926//5722 2934//5722 2930//5722
f 2931//5723 2934//5723 2923//5723
f 2930//5724 2935//5724 2922//5724
f 2922//5725 2935//5725 2927//5725
f 2933//5726 2936//5726 2928//5726
f 2936//5727 2937//5727 2928//5727
f 2928//5728 2937//5728 2929//5728
f 2934//5729 2938//5729 2930//5729
f 2931//5730 2939//5730 2934//5730
f 2937//5731 2939//5731 2929//5731
f 2929//5732 2939//5732 2931//5732
f 2927//5733 2940//5733 2932//5733
f 2932//5734 2940//5734 506//5734
f 2935//5735 2940//5735 2927//5735
f 276//5736 2941//5736 2933//5736
f 2939//5737 2942//5737 2934//5737
f 2938//5738 2943//5738 2930//5738
f 2930//5739 2943//5739 2935//5739
f 2933//5740 2944//5740 2936//5740
f 2941//5741 2944//5741 2933//5741
f 2936//5742 2945//5742 2937//5742
f 2944//5743 2945//5743 2936//5743
f 2934//5744 2946//5744 2938//5744
f 2942//5745 2946//5745 2934//5745
f 2945//5746 2947//5746 2937//5746
f 2937//5747 2947//5747 2939//5747
f 2939//5748 2947//5748 2942//5748
f 506//5749 2948//5749 260//5749
f 2940//5750 2948//5750 506//5750
f 2943//5751 2948//5751 2935//5751
f 2935//5752 2948//5752 2940//5752
f 276//5753 2949//5753 2941//5753
f 2947//5754 2950//5754 2942//5754
f 2946//5755 2951//5755 2938//5755
f 2938//5756 2951//5756 2943//5756
f 2943//5757 2951//5757 2948//5757
f 2941//5758 2952//5758 2944//5758
f 2949//5759 2952//5759 2941//5759
f 2952//5760 2953//5760 2944//5760
f 2944//5761 2953//5761 2945//5761
f 2942//5762 2954//5762 2946//5762
f 2950//5763 2954//5763 2942//5763
f 2945//5764 2955//5764 2947//5764
f 2953//5765 2955//5765 2945//5765
f 2948//5766 2956//5766 260//5766
f 2951//5767 2956//5767 2948//5767
f 276//5768 2957//5768 2949//5768
f 2947//5769 2958//5769 2950//5769
f 2955//5770 2958//5770 2947//5770
f 2946//5771 2959//5771 2951//5771
f 2954//5772 2959//5772 2946//5772
f 2949//5773 2960//5773 2952//5773
f 2957//5774 2960//5774 2949//5774
f 2952//5775 2961//5775 2953//5775
f 2960//5776 2961//5776 2952//5776
f 273//5777 2962//5777 276//5777
f 276//5778 2962//5778 2957//5778
f 2958//5779 2963//5779 2950//5779
f 2950//5780 2963//5780 2954//5780
f 273//5781 2964//5781 2962//5781
f 2962//5782 2964//5782 2957//5782
f 2957//5783 2964//5783 2960//5783
f 2961//5784 2965//5784 2953//5784
f 2953//5785 2965//5785 2955//5785
f 2956//5786 2966//5786 260//5786
f 2959//5787 2966//5787 2951//5787
f 2951//5788 2966//5788 2956//5788
f 2961//5789 2967//5789 2965//5789
f 2964//5790 2967//5790 2960//5790
f 2960//5791 2967//5791 2961//5791
f 270//5792 2967//5792 273//5792
f 273//5793 2967//5793 2964//5793
f 2965//5794 2968//5794 2955//5794
f 2955//5795 2968//5795 2958//5795
f 2963//5796 2969//5796 2954//5796
f 2954//5797 2969//5797 2959//5797
f 2967//5798 2970//5798 2965//5798
f 270//5799 2970//5799 2967//5799
f 2968//5800 2971//5800 2958//5800
f 2958//5801 2971//5801 2963//5801
f 267//5802 2972//5802 270//5802
f 2970//5803 2972//5803 2965//5803
f 2968//5804 2972//5804 2971//5804
f 270//5805 2972//5805 2970//5805
f 2965//5806 2972//5806 2968//5806
f 2966//5807 2973//5807 260//5807
f 2969//5808 2973//5808 2959//5808
f 2959//5809 2973//5809 2966//5809
f 2972//5810 2974//5810 2971//5810
f 267//5811 2974//5811 2972//5811
f 2971//5812 2975//5812 2963//5812
f 2963//5813 2975//5813 2969//5813
f 260//5814 2976//5814 267//5814
f 2971//5815 2976//5815 2975//5815
f 267//5816 2976//5816 2974//5816
f 2974//5817 2976//5817 2971//5817
f 2973//5818 2977//5818 260//5818
f 2969//5819 2977//5819 2973//5819
f 2975//5820 2977//5820 2969//5820
f 260//5821 2978//5821 2976//5821
f 2977//5822 2978//5822 260//5822
f 2976//5823 2978//5823 2975//5823
f 2975//5824 2978//5824 2977//5824
f 179//5825 181//5825 427//5825
f 427//5826 181//5826 428//5826
f 260//5827 259//5827 506//5827
f 506//5828 259//5828 507//5828
f 451//5829 2979//5829 443//5829
f 2979//5830 2980//5830 443//5830
f 443//5831 2981//5831 441//5831
f 2980//5832 2981//5832 443//5832
f 2981//5833 2982//5833 441//5833
f 451//5834 2983//5834 2979//5834
f 441//5835 2984//5835 431//5835
f 2982//5836 2984//5836 441//5836
f 2983//5837 2985//5837 2979//5837
f 2979//5838 2985//5838 2980//5838
f 2980//5839 2986//5839 2981//5839
f 2985//5840 2986//5840 2980//5840
f 2984//5841 2987//5841 431//5841
f 2981//5842 2988//5842 2982//5842
f 2986//5843 2988//5843 2981//5843
f 451//5844 2989//5844 2983//5844
f 2988//5845 2990//5845 2982//5845
f 2982//5846 2990//5846 2984//5846
f 431//5847 2991//5847 427//5847
f 2987//5848 2991//5848 431//5848
f 2989//5849 2992//5849 2983//5849
f 2983//5850 2992//5850 2985//5850
f 2992//5851 2993//5851 2985//5851
f 2985//5852 2993//5852 2986//5852
f 2984//5853 2994//5853 2987//5853
f 2990//5854 2994//5854 2984//5854
f 2986//5855 2995//5855 2988//5855
f 2993//5856 2995//5856 2986//5856
f 2991//5857 2996//5857 427//5857
f 451//5858 2997//5858 2989//5858
f 2988//5859 2998//5859 2990//5859
f 2995//5860 2998//5860 2988//5860
f 2994//5861 2999//5861 2987//5861
f 2987//5862 2999//5862 2991//5862
f 2997//5863 3000//5863 2989//5863
f 2989//5864 3000//5864 2992//5864
f 2992//5865 3001//5865 2993//5865
f 3000//5866 3001//5866 2992//5866
f 2998//5867 3002//5867 2990//5867
f 2990//5868 3002//5868 2994//5868
f 2993//5869 3003//5869 2995//5869
f 3001//5870 3003//5870 2993//5870
f 2996//5871 3004//5871 427//5871
f 2991//5872 3004//5872 2996//5872
f 2999//5873 3004//5873 2991//5873
f 204//5874 3005//5874 451//5874
f 451//5875 3005//5875 2997//5875
f 2995//5876 3006//5876 2998//5876
f 3003//5877 3006//5877 2995//5877
f 2994//5878 3007//5878 2999//5878
f 3002//5879 3007//5879 2994//5879
f 2999//5880 3007//5880 3004//5880
f 3005//5881 3008//5881 2997//5881
f 2997//5882 3008//5882 3000//5882
f 3008//5883 3009//5883 3000//5883
f 3000//5884 3009//5884 3001//5884
f 2998//5885 3010//5885 3002//5885
f 3006//5886 3010//5886 2998//5886
f 3009//5887 3011//5887 3001//5887
f 3001//5888 3011//5888 3003//5888
f 3007//5889 3012//5889 3004//5889
f 3004//5890 3012//5890 427//5890
f 204//5891 3013//5891 3005//5891
f 3005//5892 3013//5892 3008//5892
f 3003//5893 3014//5893 3006//5893
f 3006//5894 3014//5894 3010//5894
f 3011//5895 3014//5895 3003//5895
f 3010//5896 3015//5896 3002//5896
f 3002//5897 3015//5897 3007//5897
f 3013//5898 3016//5898 3008//5898
f 3016//5899 3017//5899 3008//5899
f 3008//5900 3017//5900 3009//5900
f 3014//5901 3018//5901 3010//5901
f 3011//5902 3019//5902 3014//5902
f 3017//5903 3019//5903 3009//5903
f 3009//5904 3019//5904 3011//5904
f 3007//5905 3020//5905 3012//5905
f 3012//5906 3020//5906 427//5906
f 3015//5907 3020//5907 3007//5907
f 204//5908 3021//5908 3013//5908
f 3019//5909 3022//5909 3014//5909
f 3018//5910 3023//5910 3010//5910
f 3010//5911 3023//5911 3015//5911
f 3013//5912 3024//5912 3016//5912
f 3021//5913 3024//5913 3013//5913
f 3016//5914 3025//5914 3017//5914
f 3024//5915 3025//5915 3016//5915
f 3014//5916 3026//5916 3018//5916
f 3022//5917 3026//5917 3014//5917
f 3025//5918 3027//5918 3017//5918
f 3017//5919 3027//5919 3019//5919
f 3019//5920 3027//5920 3022//5920
f 427//5921 3028//5921 179//5921
f 3020//5922 3028//5922 427//5922
f 3023//5923 3028//5923 3015//5923
f 3015//5924 3028//5924 3020//5924
f 204//5925 3029//5925 3021//5925
f 3027//5926 3030//5926 3022//5926
f 3026//5927 3031//5927 3018//5927
f 3018//5928 3031//5928 3023//5928
f 3023//5929 3031//5929 3028//5929
f 3021//5930 3032//5930 3024//5930
f 3029//5931 3032//5931 3021//5931
f 3032//5932 3033//5932 3024//5932
f 3024//5933 3033//5933 3025//5933
f 3022//5934 3034//5934 3026//5934
f 3030//5935 3034//5935 3022//5935
f 3025//5936 3035//5936 3027//5936
f 3033//5937 3035//5937 3025//5937
f 3028//5938 3036//5938 179//5938
f 3031//5939 3036//5939 3028//5939
f 204//5940 3037//5940 3029//5940
f 3027//5941 3038//5941 3030//5941
f 3035//5942 3038//5942 3027//5942
f 3026//5943 3039//5943 3031//5943
f 3034//5944 3039//5944 3026//5944
f 3029//5945 3040//5945 3032//5945
f 3037//5946 3040//5946 3029//5946
f 3032//5947 3041//5947 3033//5947
f 3040//5948 3041//5948 3032//5948
f 196//5949 3042//5949 204//5949
f 204//5950 3042//5950 3037//5950
f 3038//5951 3043//5951 3030//5951
f 3030//5952 3043//5952 3034//5952
f 196//5953 3044//5953 3042//5953
f 3042//5954 3044//5954 3037//5954
f 3037//5955 3044//5955 3040//5955
f 3041//5956 3045//5956 3033//5956
f 3033//5957 3045//5957 3035//5957
f 3036//5958 3046//5958 179//5958
f 3039//5959 3046//5959 3031//5959
f 3031//5960 3046//5960 3036//5960
f 3041//5961 3047//5961 3045//5961
f 3044//5962 3047//5962 3040//5962
f 3040//5963 3047//5963 3041//5963
f 194//5964 3047//5964 196//5964
f 196//5965 3047//5965 3044//5965
f 3045//5966 3048//5966 3035//5966
f 3035//5967 3048//5967 3038//5967
f 3043//5968 3049//5968 3034//5968
f 3034//5969 3049//5969 3039//5969
f 3047//5970 3050//5970 3045//5970
f 194//5971 3050//5971 3047//5971
f 3048//5972 3051//5972 3038//5972
f 3038//5973 3051//5973 3043//5973
f 184//5974 3052//5974 194//5974
f 3050//5975 3052//5975 3045//5975
f 3048//5976 3052//5976 3051//5976
f 194//5977 3052//5977 3050//5977
f 3045//5978 3052//5978 3048//5978
f 3046//5979 3053//5979 179//5979
f 3049//5980 3053//5980 3039//5980
f 3039//5981 3053//5981 3046//5981
f 3052//5982 3054//5982 3051//5982
f 184//5983 3054//5983 3052//5983
f 3051//5984 3055//5984 3043//5984
f 3043//5985 3055//5985 3049//5985
f 179//5986 3056//5986 184//5986
f 3051//5987 3056//5987 3055//5987
f 184//5988 3056//5988 3054//5988
f 3054//5989 3056//5989 3051//5989
f 3053//5990 3057//5990 179//5990
f 3049//5991 3057//5991 3053//5991
f 3055//5992 3057//5992 3049//5992
f 179//5993 3058//5993 3056//5993
f 3057//5994 3058//5994 179//5994
f 3056//5995 3058//5995 3055//5995
f 3055//5996 3058//5996 3057//5996
f 507//5997 3059//5997 508//5997
f 3059//5998 3060//5998 508//5998
f 507//5999 3061//5999 3059//5999
f 508//6000 3062//6000 518//6000
f 3060//6001 3062//6001 508//6001
f 3062//6002 3063//6002 518//6002
f 3059//6003 3064//6003 3060//6003
f 3061//6004 3064//6004 3059//6004
f 518//6005 3065//6005 520//6005
f 3063//6006 3065//6006 518//6006
f 507//6007 3066//6007 3061//6007
f 3060//6008 3067//6008 3062//6008
f 3064//6009 3067//6009 3060//6009
f 3065//6010 3068//6010 520//6010
f 520//6011 3069//6011 521//6011
f 3068//6012 3069//6012 520//6012
f 3062//6013 3070//6013 3063//6013
f 3067//6014 3070//6014 3062//6014
f 3061//6015 3071//6015 3064//6015
f 3066//6016 3071//6016 3061//6016
f 3063//6017 3072//6017 3065//6017
f 3070//6018 3072//6018 3063//6018
f 507//6019 3073//6019 3066//6019
f 3064//6020 3074//6020 3067//6020
f 3071//6021 3074//6021 3064//6021
f 3065//6022 3075//6022 3068//6022
f 3072//6023 3075//6023 3065//6023
f 3069//6024 3076//6024 521//6024
f 3068//6025 3076//6025 3069//6025
f 3075//6026 3076//6026 3068//6026
f 3067//6027 3077//6027 3070//6027
f 3074//6028 3077//6028 3067//6028
f 3066//6029 3078//6029 3071//6029
f 3073//6030 3078//6030 3066//6030
f 3070//6031 3079//6031 3072//6031
f 3077//6032 3079//6032 3070//6032
f 259//6033 3080//6033 507//6033
f 507//6034 3080//6034 3073//6034
f 3078//6035 3081//6035 3071//6035
f 3071//6036 3081//6036 3074//6036
f 3072//6037 3082//6037 3075//6037
f 3075//6038 3082//6038 3076//6038
f 3079//6039 3082//6039 3072//6039
f 3076//6040 3083//6040 521//6040
f 3082//6041 3083//6041 3076//6041
f 3074//6042 3084//6042 3077//6042
f 3081//6043 3084//6043 3074//6043
f 3073//6044 3085//6044 3078//6044
f 3080//6045 3085//6045 3073//6045
f 3077//6046 3086//6046 3079//6046
f 3079//6047 3086//6047 3082//6047
f 3084//6048 3086//6048 3077//6048
f 259//6049 3087//6049 3080//6049
f 3078//6050 3088//6050 3081//6050
f 3081//6051 3088//6051 3084//6051
f 3085//6052 3088//6052 3078//6052
f 3086//6053 3089//6053 3082//6053
f 3089//6054 3090//6054 3082//6054
f 3083//6055 3090//6055 521//6055
f 3082//6056 3090//6056 3083//6056
f 3088//6057 3091//6057 3084//6057
f 3087//6058 3092//6058 3080//6058
f 3080//6059 3092//6059 3085//6059
f 3084//6060 3093//6060 3086//6060
f 3091//6061 3093//6061 3084//6061
f 259//6062 3094//6062 3087//6062
f 3092//6063 3095//6063 3085//6063
f 3085//6064 3095//6064 3088//6064
f 3086//6065 3096//6065 3089//6065
f 3093//6066 3096//6066 3086//6066
f 3096//6067 3097//6067 3089//6067
f 3089//6068 3097//6068 3090//6068
f 3088//6069 3098//6069 3091//6069
f 3095//6070 3098//6070 3088//6070
f 3091//6071 3098//6071 3093//6071
f 3087//6072 3099//6072 3092//6072
f 3094//6073 3099//6073 3087//6073
f 3092//6074 3099//6074 3095//6074
f 3098//6075 3100//6075 3093//6075
f 259//6076 3101//6076 3094//6076
f 3099//6077 3102//6077 3095//6077
f 3093//6078 3103//6078 3096//6078
f 3100//6079 3103//6079 3093//6079
f 3096//6080 3104//6080 3097//6080
f 3103//6081 3104//6081 3096//6081
f 3102//6082 3105//6082 3095//6082
f 3095//6083 3105//6083 3098//6083
f 3094//6084 3106//6084 3099//6084
f 3101//6085 3106//6085 3094//6085
f 3098//6086 3107//6086 3100//6086
f 3105//6087 3107//6087 3098//6087
f 259//6088 3108//6088 3101//6088
f 3101//6089 3108//6089 3106//6089
f 3099//6090 3109//6090 3102//6090
f 3106//6091 3109//6091 3099//6091
f 3100//6092 3110//6092 3103//6092
f 3107//6093 3110//6093 3100//6093
f 3103//6094 3111//6094 3104//6094
f 3110//6095 3111//6095 3103//6095
f 261//6096 3112//6096 259//6096
f 259//6097 3112//6097 3108//6097
f 3102//6098 3113//6098 3105//6098
f 3105//6099 3113//6099 3107//6099
f 3109//6100 3113//6100 3102//6100
f 521//6101 3114//6101 274//6101
f 3097//6102 3114//6102 3090//6102
f 3090//6103 3114//6103 521//6103
f 3104//6104 3114//6104 3097//6104
f 3111//6105 3114//6105 3104//6105
f 3108//6106 3115//6106 3106//6106
f 3113//6107 3116//6107 3107//6107
f 261//6108 3117//6108 3112//6108
f 3112//6109 3117//6109 3108//6109
f 3108//6110 3117//6110 3115//6110
f 3106//6111 3118//6111 3109//6111
f 3115//6112 3118//6112 3106//6112
f 3107//6113 3119//6113 3110//6113
f 3116//6114 3119//6114 3107//6114
f 3110//6115 3120//6115 3111//6115
f 3111//6116 3120//6116 3114//6116
f 3119//6117 3120//6117 3110//6117
f 3109//6118 3121//6118 3113//6118
f 3118//6119 3121//6119 3109//6119
f 3114//6120 3122//6120 274//6120
f 3120//6121 3122//6121 3114//6121
f 271//6122 3123//6122 261//6122
f 261//6123 3123//6123 3117//6123
f 3117//6124 3123//6124 3115//6124
f 3115//6125 3123//6125 3118//6125
f 3121//6126 3124//6126 3113//6126
f 3113//6127 3124//6127 3116//6127
f 3118//6128 3125//6128 3121//6128
f 3123//6129 3125//6129 3118//6129
f 271//6130 3125//6130 3123//6130
f 3119//6131 3126//6131 3120//6131
f 3124//6132 3126//6132 3116//6132
f 3116//6133 3126//6133 3119//6133
f 272//6134 3127//6134 271//6134
f 3125//6135 3127//6135 3121//6135
f 271//6136 3127//6136 3125//6136
f 3121//6137 3127//6137 3124//6137
f 3126//6138 3128//6138 3120//6138
f 3120//6139 3129//6139 3122//6139
f 3128//6140 3129//6140 3120//6140
f 3122//6141 3129//6141 274//6141
f 272//6142 3130//6142 3127//6142
f 3124//6143 3130//6143 3126//6143
f 3127//6144 3130//6144 3124//6144
f 274//6145 3131//6145 272//6145
f 3126//6146 3131//6146 3128//6146
f 3130//6147 3131//6147 3126//6147
f 272//6148 3131//6148 3130//6148
f 3129//6149 3132//6149 274//6149
f 3128//6150 3132//6150 3129//6150
f 274//6151 3132//6151 3131//6151
f 3131//6152 3132//6152 3128//6152
f 210//6153 204//6153 457//6153
f 457//6154 204//6154 451//6154
f 274//6155 279//6155 521//6155
f 521//6156 279//6156 526//6156
f 232//6157 210//6157 479//6157
f 479//6158 210//6158 457//6158
f 279//6159 250//6159 526//6159
f 526//6160 250//6160 497//6160
f 224//6161 232//6161 471//6161
f 471//6162 232//6162 479//6162
f 250//6163 244//6163 497//6163
f 497//6164 244//6164 491//6164
f 449//6165 3133//6165 450//6165
f 3133//6166 3134//6166 450//6166
f 449//6167 3135//6167 3133//6167
f 450//6168 3136//6168 463//6168
f 3134//6169 3136//6169 450//6169
f 3136//6170 3137//6170 463//6170
f 3133//6171 3138//6171 3134//6171
f 3135//6172 3138//6172 3133//6172
f 463//6173 3139//6173 470//6173
f 3137//6174 3139//6174 463//6174
f 449//6175 3140//6175 3135//6175
f 3134//6176 3141//6176 3136//6176
f 3138//6177 3141//6177 3134//6177
f 3139//6178 3142//6178 470//6178
f 470//6179 3143//6179 471//6179
f 3142//6180 3143//6180 470//6180
f 3136//6181 3144//6181 3137//6181
f 3141//6182 3144//6182 3136//6182
f 3135//6183 3145//6183 3138//6183
f 3140//6184 3145//6184 3135//6184
f 3137//6185 3146//6185 3139//6185
f 3144//6186 3146//6186 3137//6186
f 449//6187 3147//6187 3140//6187
f 3138//6188 3148//6188 3141//6188
f 3145//6189 3148//6189 3138//6189
f 3139//6190 3149//6190 3142//6190
f 3146//6191 3149//6191 3139//6191
f 3143//6192 3150//6192 471//6192
f 3142//6193 3150//6193 3143//6193
f 3149//6194 3150//6194 3142//6194
f 3141//6195 3151//6195 3144//6195
f 3148//6196 3151//6196 3141//6196
f 3140//6197 3152//6197 3145//6197
f 3147//6198 3152//6198 3140//6198
f 3144//6199 3153//6199 3146//6199
f 3151//6200 3153//6200 3144//6200
f 201//6201 3154//6201 449//6201
f 449//6202 3154//6202 3147//6202
f 3147//6203 3154//6203 3152//6203
f 3152//6204 3155//6204 3145//6204
f 3145//6205 3155//6205 3148//6205
f 3146//6206 3156//6206 3149//6206
f 3153//6207 3156//6207 3146//6207
f 3150//6208 3157//6208 471//6208
f 3149//6209 3157//6209 3150//6209
f 3156//6210 3157//6210 3149//6210
f 3148//6211 3158//6211 3151//6211
f 3155//6212 3158//6212 3148//6212
f 3154//6213 3159//6213 3152//6213
f 3151//6214 3160//6214 3153//6214
f 3158//6215 3160//6215 3151//6215
f 201//6216 3161//6216 3154//6216
f 3152//6217 3162//6217 3155//6217
f 3159//6218 3162//6218 3152//6218
f 3153//6219 3163//6219 3156//6219
f 3156//6220 3163//6220 3157//6220
f 3160//6221 3163//6221 3153//6221
f 3157//6222 3164//6222 471//6222
f 3163//6223 3164//6223 3157//6223
f 3162//6224 3165//6224 3155//6224
f 3155//6225 3165//6225 3158//6225
f 3161//6226 3166//6226 3154//6226
f 3154//6227 3166//6227 3159//6227
f 3158//6228 3167//6228 3160//6228
f 3165//6229 3167//6229 3158//6229
f 3161//6230 3168//6230 3166//6230
f 201//6231 3168//6231 3161//6231
f 3166//6232 3169//6232 3159//6232
f 3159//6233 3169//6233 3162//6233
f 3167//6234 3170//6234 3160//6234
f 3160//6235 3170//6235 3163//6235
f 3163//6236 3171//6236 3164//6236
f 3170//6237 3171//6237 3163//6237
f 3165//6238 3172//6238 3167//6238
f 3169//6239 3172//6239 3162//6239
f 3162//6240 3172//6240 3165//6240
f 3168//6241 3173//6241 3166//6241
f 3172//6242 3174//6242 3167//6242
f 201//6243 3175//6243 3168//6243
f 3166//6244 3176//6244 3169//6244
f 3173//6245 3176//6245 3166//6245
f 3174//6246 3177//6246 3167//6246
f 3167//6247 3177//6247 3170//6247
f 3170//6248 3178//6248 3171//6248
f 3177//6249 3178//6249 3170//6249
f 3172//6250 3179//6250 3174//6250
f 3169//6251 3179//6251 3172//6251
f 3176//6252 3179//6252 3169//6252
f 3168//6253 3180//6253 3173//6253
f 3175//6254 3180//6254 3168//6254
f 3179//6255 3181//6255 3174//6255
f 201//6256 3182//6256 3175//6256
f 3180//6257 3183//6257 3173//6257
f 3173//6258 3183//6258 3176//6258
f 3174//6259 3184//6259 3177//6259
f 3181//6260 3184//6260 3174//6260
f 3177//6261 3185//6261 3178//6261
f 3184//6262 3185//6262 3177//6262
f 203//6263 3186//6263 201//6263
f 201//6264 3186//6264 3182//6264
f 3179//6265 3187//6265 3181//6265
f 3176//6266 3187//6266 3179//6266
f 3183//6267 3187//6267 3176//6267
f 471//6268 3188//6268 224//6268
f 3164//6269 3188//6269 471//6269
f 3185//6270 3188//6270 3178//6270
f 3178//6271 3188//6271 3171//6271
f 3171//6272 3188//6272 3164//6272
f 3175//6273 3189//6273 3180//6273
f 3182//6274 3189//6274 3175//6274
f 3187//6275 3190//6275 3181//6275
f 203//6276 3191//6276 3186//6276
f 3186//6277 3191//6277 3182//6277
f 3182//6278 3191//6278 3189//6278
f 3180//6279 3192//6279 3183//6279
f 3189//6280 3192//6280 3180//6280
f 3181//6281 3193//6281 3184//6281
f 3190//6282 3193//6282 3181//6282
f 3184//6283 3194//6283 3185//6283
f 3193//6284 3194//6284 3184//6284
f 3183//6285 3195//6285 3187//6285
f 3192//6286 3195//6286 3183//6286
f 3187//6287 3195//6287 3190//6287
f 3188//6288 3196//6288 224//6288
f 3185//6289 3196//6289 3188//6289
f 3194//6290 3196//6290 3185//6290
f 216//6291 3197//6291 203//6291
f 3189//6292 3197//6292 3192//6292
f 203//6293 3197//6293 3191//6293
f 3191//6294 3197//6294 3189//6294
f 3195//6295 3198//6295 3190//6295
f 3197//6296 3199//6296 3192//6296
f 3192//6297 3199//6297 3195//6297
f 216//6298 3199//6298 3197//6298
f 3198//6299 3200//6299 3190//6299
f 3190//6300 3200//6300 3193//6300
f 223//6301 3201//6301 216//6301
f 216//6302 3201//6302 3199//6302
f 3199//6303 3201//6303 3195//6303
f 3195//6304 3201//6304 3198//6304
f 3193//6305 3202//6305 3194//6305
f 3194//6306 3202//6306 3196//6306
f 3200//6307 3202//6307 3193//6307
f 3202//6308 3203//6308 3196//6308
f 3196//6309 3203//6309 224//6309
f 223//6310 3204//6310 3201//6310
f 3198//6311 3204//6311 3200//6311
f 3201//6312 3204//6312 3198//6312
f 224//6313 3205//6313 223//6313
f 223//6314 3205//6314 3204//6314
f 3200//6315 3205//6315 3202//6315
f 3202//6316 3205//6316 3203//6316
f 3204//6317 3205//6317 3200//6317
f 3203//6318 3206//6318 224//6318
f 224//6319 3206//6319 3205//6319
f 3205//6320 3206//6320 3203//6320
f 491//6321 3207//6321 488//6321
f 3207//6322 3208//6322 488//6322
f 488//6323 3209//6323 486//6323
f 3208//6324 3209//6324 488//6324
f 3209//6325 3210//6325 486//6325
f 491//6326 3211//6326 3207//6326
f 486//6327 3212//6327 485//6327
f 3210//6328 3212//6328 486//6328
f 3211//6329 3213//6329 3207//6329
f 3207//6330 3213//6330 3208//6330
f 3208//6331 3214//6331 3209//6331
f 3213//6332 3214//6332 3208//6332
f 3212//6333 3215//6333 485//6333
f 3209//6334 3216//6334 3210//6334
f 3214//6335 3216//6335 3209//6335
f 491//6336 3217//6336 3211//6336
f 3216//6337 3218//6337 3210//6337
f 3210//6338 3218//6338 3212//6338
f 485//6339 3219//6339 480//6339
f 3215//6340 3219//6340 485//6340
f 3217//6341 3220//6341 3211//6341
f 3211//6342 3220//6342 3213//6342
f 3220//6343 3221//6343 3213//6343
f 3213//6344 3221//6344 3214//6344
f 3212//6345 3222//6345 3215//6345
f 3218//6346 3222//6346 3212//6346
f 3214//6347 3223//6347 3216//6347
f 3221//6348 3223//6348 3214//6348
f 3219//6349 3224//6349 480//6349
f 491//6350 3225//6350 3217//6350
f 3216//6351 3226//6351 3218//6351
f 3223//6352 3226//6352 3216//6352
f 3222//6353 3227//6353 3215//6353
f 3215//6354 3227//6354 3219//6354
f 3225//6355 3228//6355 3217//6355
f 3217//6356 3228//6356 3220//6356
f 3220//6357 3229//6357 3221//6357
f 3228//6358 3229//6358 3220//6358
f 3226//6359 3230//6359 3218//6359
f 3218//6360 3230//6360 3222//6360
f 3221//6361 3231//6361 3223//6361
f 3229//6362 3231//6362 3221//6362
f 3224//6363 3232//6363 480//6363
f 3219//6364 3232//6364 3224//6364
f 3227//6365 3232//6365 3219//6365
f 244//6366 3233//6366 491//6366
f 491//6367 3233//6367 3225//6367
f 3223//6368 3234//6368 3226//6368
f 3231//6369 3234//6369 3223//6369
f 3222//6370 3235//6370 3227//6370
f 3230//6371 3235//6371 3222//6371
f 3233//6372 3236//6372 3225//6372
f 3225//6373 3236//6373 3228//6373
f 3236//6374 3237//6374 3228//6374
f 3228//6375 3237//6375 3229//6375
f 3226//6376 3238//6376 3230//6376
f 3234//6377 3238//6377 3226//6377
f 3237//6378 3239//6378 3229//6378
f 3229//6379 3239//6379 3231//6379
f 3232//6380 3240//6380 480//6380
f 3227//6381 3240//6381 3232//6381
f 3235//6382 3240//6382 3227//6382
f 244//6383 3241//6383 3233//6383
f 3233//6384 3241//6384 3236//6384
f 3231//6385 3242//6385 3234//6385
f 3239//6386 3242//6386 3231//6386
f 3238//6387 3243//6387 3230//6387
f 3230//6388 3243//6388 3235//6388
f 3241//6389 3244//6389 3236//6389
f 3244//6390 3245//6390 3236//6390
f 3236//6391 3245//6391 3237//6391
f 3234//6392 3246//6392 3238//6392
f 3242//6393 3246//6393 3234//6393
f 3245//6394 3247//6394 3237//6394
f 3237//6395 3247//6395 3239//6395
f 3235//6396 3248//6396 3240//6396
f 3243//6397 3248//6397 3235//6397
f 3240//6398 3248//6398 480//6398
f 244//6399 3249//6399 3241//6399
f 3239//6400 3250//6400 3242//6400
f 3247//6401 3250//6401 3239//6401
f 3238//6402 3251//6402 3243//6402
f 3246//6403 3251//6403 3238//6403
f 3241//6404 3252//6404 3244//6404
f 3249//6405 3252//6405 3241//6405
f 3244//6406 3253//6406 3245//6406
f 3252//6407 3253//6407 3244//6407
f 3242//6408 3254//6408 3246//6408
f 3250//6409 3254//6409 3242//6409
f 3245//6410 3255//6410 3247//6410
f 3253//6411 3255//6411 3245//6411
f 3248//6412 3256//6412 480//6412
f 480//6413 3256//6413 234//6413
f 3243//6414 3256//6414 3248//6414
f 3251//6415 3256//6415 3243//6415
f 244//6416 3257//6416 3249//6416
f 3255//6417 3258//6417 3247//6417
f 3247//6418 3258//6418 3250//6418
f 3246//6419 3259//6419 3251//6419
f 3254//6420 3259//6420 3246//6420
f 3257//6421 3260//6421 3249//6421
f 3249//6422 3260//6422 3252//6422
f 3260//6423 3261//6423 3252//6423
f 3252//6424 3261//6424 3253//6424
f 3250//6425 3262//6425 3254//6425
f 3258//6426 3262//6426 3250//6426
f 3253//6427 3263//6427 3255//6427
f 3261//6428 3263//6428 3253//6428
f 3256//6429 3264//6429 234//6429
f 3251//6430 3264//6430 3256//6430
f 3259//6431 3264//6431 3251//6431
f 244//6432 3265//6432 3257//6432
f 3255//6433 3266//6433 3258//6433
f 3263//6434 3266//6434 3255//6434
f 3258//6435 3266//6435 3262//6435
f 3262//6436 3267//6436 3254//6436
f 3254//6437 3267//6437 3259//6437
f 3257//6438 3268//6438 3260//6438
f 3265//6439 3268//6439 3257//6439
f 3260//6440 3269//6440 3261//6440
f 3268//6441 3269//6441 3260//6441
f 241//6442 3270//6442 244//6442
f 244//6443 3270//6443 3265//6443
f 3266//6444 3271//6444 3262//6444
f 241//6445 3272//6445 3270//6445
f 3270//6446 3272//6446 3265//6446
f 3265//6447 3272//6447 3268//6447
f 3269//6448 3273//6448 3261//6448
f 3261//6449 3273//6449 3263//6449
f 3264//6450 3274//6450 234//6450
f 3259//6451 3274//6451 3264//6451
f 3267//6452 3274//6452 3259//6452
f 3269//6453 3275//6453 3273//6453
f 3272//6454 3275//6454 3268//6454
f 3268//6455 3275//6455 3269//6455
f 239//6456 3275//6456 241//6456
f 241//6457 3275//6457 3272//6457
f 3273//6458 3276//6458 3263//6458
f 3263//6459 3276//6459 3266//6459
f 3271//6460 3277//6460 3262//6460
f 3262//6461 3277//6461 3267//6461
f 239//6462 3278//6462 3275//6462
f 3275//6463 3278//6463 3273//6463
f 3276//6464 3279//6464 3266//6464
f 3266//6465 3279//6465 3271//6465
f 238//6466 3280//6466 239//6466
f 3273//6467 3280//6467 3276//6467
f 239//6468 3280//6468 3278//6468
f 3278//6469 3280//6469 3273//6469
f 3274//6470 3281//6470 234//6470
f 3277//6471 3281//6471 3267//6471
f 3267//6472 3281//6472 3274//6472
f 238//6473 3282//6473 3280//6473
f 3280//6474 3282//6474 3276//6474
f 3276//6475 3282//6475 3279//6475
f 3279//6476 3283//6476 3271//6476
f 3271//6477 3283//6477 3277//6477
f 238//6478 3284//6478 3282//6478
f 234//6479 3284//6479 238//6479
f 3282//6480 3284//6480 3279//6480
f 3279//6481 3284//6481 3283//6481
f 3281//6482 3285//6482 234//6482
f 3277//6483 3285//6483 3281//6483
f 3283//6484 3285//6484 3277//6484
f 3285//6485 3286//6485 234//6485
f 234//6486 3286//6486 3284//6486
f 3284//6487 3286//6487 3283//6487
f 3283//6488 3286//6488 3285//6488
f 202//6489 201//6489 448//6489
f 448//6490 201//6490 449//6490
f 234//6491 233//6491 480//6491
f 480//6492 233//6492 481//6492
f 472//6493 3287//6493 469//6493
f 3287//6494 3288//6494 469//6494
f 469//6495 3289//6495 462//6495
f 3288//6496 3289//6496 469//6496
f 3289//6497 3290//6497 462//6497
f 472//6498 3291//6498 3287//6498
f 462//6499 3292//6499 459//6499
f 3290//6500 3292//6500 462//6500
f 3291//6501 3293//6501 3287//6501
f 3287//6502 3293//6502 3288//6502
f 3288//6503 3294//6503 3289//6503
f 3293//6504 3294//6504 3288//6504
f 3292//6505 3295//6505 459//6505
f 3289//6506 3296//6506 3290//6506
f 3294//6507 3296//6507 3289//6507
f 472//6508 3297//6508 3291//6508
f 3296//6509 3298//6509 3290//6509
f 3290//6510 3298//6510 3292//6510
f 459//6511 3299//6511 448//6511
f 3295//6512 3299//6512 459//6512
f 3297//6513 3300//6513 3291//6513
f 3291//6514 3300//6514 3293//6514
f 3300//6515 3301//6515 3293//6515
f 3293//6516 3301//6516 3294//6516
f 3292//6517 3302//6517 3295//6517
f 3298//6518 3302//6518 3292//6518
f 3294//6519 3303//6519 3296//6519
f 3301//6520 3303//6520 3294//6520
f 3299//6521 3304//6521 448//6521
f 472//6522 3305//6522 3297//6522
f 3296//6523 3306//6523 3298//6523
f 3303//6524 3306//6524 3296//6524
f 3302//6525 3307//6525 3295//6525
f 3295//6526 3307//6526 3299//6526
f 3305//6527 3308//6527 3297//6527
f 3297//6528 3308//6528 3300//6528
f 3300//6529 3309//6529 3301//6529
f 3308//6530 3309//6530 3300//6530
f 3306//6531 3310//6531 3298//6531
f 3298//6532 3310//6532 3302//6532
f 3301//6533 3311//6533 3303//6533
f 3309//6534 3311//6534 3301//6534
f 3304//6535 3312//6535 448//6535
f 3299//6536 3312//6536 3304//6536
f 3307//6537 3312//6537 3299//6537
f 225//6538 3313//6538 472//6538
f 472//6539 3313//6539 3305//6539
f 3303//6540 3314//6540 3306//6540
f 3311//6541 3314//6541 3303//6541
f 3302//6542 3315//6542 3307//6542
f 3310//6543 3315//6543 3302//6543
f 3313//6544 3316//6544 3305//6544
f 3305//6545 3316//6545 3308//6545
f 3316//6546 3317//6546 3308//6546
f 3308//6547 3317//6547 3309//6547
f 3306//6548 3318//6548 3310//6548
f 3314//6549 3318//6549 3306//6549
f 3317//6550 3319//6550 3309//6550
f 3309//6551 3319//6551 3311//6551
f 3312//6552 3320//6552 448//6552
f 3307//6553 3320//6553 3312//6553
f 3315//6554 3320//6554 3307//6554
f 225//6555 3321//6555 3313//6555
f 3313//6556 3321//6556 3316//6556
f 3311//6557 3322//6557 3314//6557
f 3319//6558 3322//6558 3311//6558
f 3318//6559 3323//6559 3310//6559
f 3310//6560 3323//6560 3315//6560
f 3321//6561 3324//6561 3316//6561
f 3324//6562 3325//6562 3316//6562
f 3316//6563 3325//6563 3317//6563
f 3314//6564 3326//6564 3318//6564
f 3322//6565 3326//6565 3314//6565
f 3325//6566 3327//6566 3317//6566
f 3317//6567 3327//6567 3319//6567
f 3315//6568 3328//6568 3320//6568
f 3323//6569 3328//6569 3315//6569
f 3320//6570 3328//6570 448//6570
f 225//6571 3329//6571 3321//6571
f 3319//6572 3330//6572 3322//6572
f 3327//6573 3330//6573 3319//6573
f 3318//6574 3331//6574 3323//6574
f 3326//6575 3331//6575 3318//6575
f 3321//6576 3332//6576 3324//6576
f 3329//6577 3332//6577 3321//6577
f 3324//6578 3333//6578 3325//6578
f 3332//6579 3333//6579 3324//6579
f 3322//6580 3334//6580 3326//6580
f 3330//6581 3334//6581 3322//6581
f 3325//6582 3335//6582 3327//6582
f 3333//6583 3335//6583 3325//6583
f 3327//6584 3335//6584 3330//6584
f 3328//6585 3336//6585 448//6585
f 448//6586 3336//6586 202//6586
f 3323//6587 3336//6587 3328//6587
f 3331//6588 3336//6588 3323//6588
f 225//6589 3337//6589 3329//6589
f 3335//6590 3338//6590 3330//6590
f 3326//6591 3339//6591 3331//6591
f 3334//6592 3339//6592 3326//6592
f 3337//6593 3340//6593 3329//6593
f 3329//6594 3340//6594 3332//6594
f 3340//6595 3341//6595 3332//6595
f 3332//6596 3341//6596 3333//6596
f 3330//6597 3342//6597 3334//6597
f 3338//6598 3342//6598 3330//6598
f 3333//6599 3343//6599 3335//6599
f 3341//6600 3343//6600 3333//6600
f 3336//6601 3344//6601 202//6601
f 3331//6602 3344//6602 3336//6602
f 3339//6603 3344//6603 3331//6603
f 225//6604 3345//6604 3337//6604
f 3335//6605 3346//6605 3338//6605
f 3343//6606 3346//6606 3335//6606
f 3342//6607 3347//6607 3334//6607
f 3334//6608 3347//6608 3339//6608
f 3337//6609 3348//6609 3340//6609
f 3345//6610 3348//6610 3337//6610
f 3340//6611 3349//6611 3341//6611
f 3348//6612 3349//6612 3340//6612
f 3341//6613 3349//6613 3343//6613
f 222//6614 3350//6614 225//6614
f 225//6615 3350//6615 3345//6615
f 3342//6616 3351//6616 3347//6616
f 3338//6617 3351//6617 3342//6617
f 3346//6618 3351//6618 3338//6618
f 222//6619 3352//6619 3350//6619
f 3350//6620 3352//6620 3345//6620
f 3345//6621 3352//6621 3348//6621
f 3349//6622 3353//6622 3343//6622
f 3344//6623 3354//6623 202//6623
f 3339//6624 3354//6624 3344//6624
f 3347//6625 3354//6625 3339//6625
f 3352//6626 3355//6626 3348//6626
f 3348//6627 3355//6627 3349//6627
f 215//6628 3355//6628 222//6628
f 222//6629 3355//6629 3352//6629
f 3349//6630 3355//6630 3353//6630
f 3353//6631 3356//6631 3343//6631
f 3343//6632 3356//6632 3346//6632
f 3351//6633 3357//6633 3347//6633
f 3355//6634 3358//6634 3353//6634
f 215//6635 3358//6635 3355//6635
f 3356//6636 3359//6636 3346//6636
f 3346//6637 3359//6637 3351//6637
f 212//6638 3360//6638 215//6638
f 215//6639 3360//6639 3358//6639
f 3353//6640 3360//6640 3356//6640
f 3358//6641 3360//6641 3353//6641
f 3354//6642 3361//6642 202//6642
f 3357//6643 3361//6643 3347//6643
f 3347//6644 3361//6644 3354//6644
f 3356//6645 3362//6645 3359//6645
f 3360//6646 3362//6646 3356//6646
f 212//6647 3362//6647 3360//6647
f 3359//6648 3363//6648 3351//6648
f 3362//6649 3363//6649 3359//6649
f 3351//6650 3363//6650 3357//6650
f 202//6651 3364//6651 212//6651
f 212//6652 3364//6652 3362//6652
f 3362//6653 3364//6653 3363//6653
f 3361//6654 3365//6654 202//6654
f 3357//6655 3365//6655 3361//6655
f 3363//6656 3365//6656 3357//6656
f 3365//6657 3366//6657 202//6657
f 202//6658 3366//6658 3364//6658
f 3364//6659 3366//6659 3363//6659
f 3363//6660 3366//6660 3365//6660
f 481//6661 3367//6661 482//6661
f 3367//6662 3368//6662 482//6662
f 481//6663 3369//6663 3367//6663
f 482//6664 3370//6664 487//6664
f 3368//6665 3370//6665 482//6665
f 3370//6666 3371//6666 487//6666
f 3367//6667 3372//6667 3368//6667
f 3369//6668 3372//6668 3367//6668
f 487//6669 3373//6669 489//6669
f 3371//6670 3373//6670 487//6670
f 481//6671 3374//6671 3369//6671
f 3368//6672 3375//6672 3370//6672
f 3372//6673 3375//6673 3368//6673
f 3373//6674 3376//6674 489//6674
f 489//6675 3377//6675 490//6675
f 3376//6676 3377//6676 489//6676
f 3370//6677 3378//6677 3371//6677
f 3375//6678 3378//6678 3370//6678
f 3369//6679 3379//6679 3372//6679
f 3374//6680 3379//6680 3369//6680
f 3371//6681 3380//6681 3373//6681
f 3378//6682 3380//6682 3371//6682
f 481//6683 3381//6683 3374//6683
f 3372//6684 3382//6684 3375//6684
f 3379//6685 3382//6685 3372//6685
f 3373//6686 3383//6686 3376//6686
f 3380//6687 3383//6687 3373//6687
f 3377//6688 3384//6688 490//6688
f 3376//6689 3384//6689 3377//6689
f 3383//6690 3384//6690 3376//6690
f 3375//6691 3385//6691 3378//6691
f 3382//6692 3385//6692 3375//6692
f 3374//6693 3386//6693 3379//6693
f 3381//6694 3386//6694 3374//6694
f 3378//6695 3387//6695 3380//6695
f 3385//6696 3387//6696 3378//6696
f 233//6697 3388//6697 481//6697
f 481//6698 3388//6698 3381//6698
f 3386//6699 3389//6699 3379//6699
f 3379//6700 3389//6700 3382//6700
f 3380//6701 3390//6701 3383//6701
f 3387//6702 3390//6702 3380//6702
f 3384//6703 3391//6703 490//6703
f 3383//6704 3391//6704 3384//6704
f 3390//6705 3391//6705 3383//6705
f 3382//6706 3392//6706 3385//6706
f 3389//6707 3392//6707 3382//6707
f 3381//6708 3393//6708 3386//6708
f 3388//6709 3393//6709 3381//6709
f 3385//6710 3394//6710 3387//6710
f 3392//6711 3394//6711 3385//6711
f 233//6712 3395//6712 3388//6712
f 3386//6713 3396//6713 3389//6713
f 3393//6714 3396//6714 3386//6714
f 3387//6715 3397//6715 3390//6715
f 3394//6716 3397//6716 3387//6716
f 3397//6717 3398//6717 3390//6717
f 3391//6718 3398//6718 490//6718
f 3390//6719 3398//6719 3391//6719
f 3396//6720 3399//6720 3389//6720
f 3389//6721 3399//6721 3392//6721
f 3395//6722 3400//6722 3388//6722
f 3388//6723 3400//6723 3393//6723
f 3393//6724 3400//6724 3396//6724
f 3392//6725 3401//6725 3394//6725
f 3399//6726 3401//6726 3392//6726
f 233//6727 3402//6727 3395//6727
f 3400//6728 3403//6728 3396//6728
f 3401//6729 3404//6729 3394//6729
f 3394//6730 3404//6730 3397//6730
f 3404//6731 3405//6731 3397//6731
f 3397//6732 3405//6732 3398//6732
f 3399//6733 3406//6733 3401//6733
f 3403//6734 3406//6734 3396//6734
f 3396//6735 3406//6735 3399//6735
f 3402//6736 3407//6736 3395//6736
f 3395//6737 3407//6737 3400//6737
f 3406//6738 3408//6738 3401//6738
f 233//6739 3409//6739 3402//6739
f 3400//6740 3410//6740 3403//6740
f 3407//6741 3410//6741 3400//6741
f 3401//6742 3411//6742 3404//6742
f 3404//6743 3411//6743 3405//6743
f 3408//6744 3411//6744 3401//6744
f 3411//6745 3412//6745 3405//6745
f 3403//6746 3413//6746 3406//6746
f 3410//6747 3413//6747 3403//6747
f 3402//6748 3414//6748 3407//6748
f 3409//6749 3414//6749 3402//6749
f 3406//6750 3415//6750 3408//6750
f 3413//6751 3415//6751 3406//6751
f 233//6752 3416//6752 3409//6752
f 3414//6753 3417//6753 3407//6753
f 3407//6754 3417//6754 3410//6754
f 3415//6755 3418//6755 3408//6755
f 3408//6756 3418//6756 3411//6756
f 3411//6757 3419//6757 3412//6757
f 3418//6758 3419//6758 3411//6758
f 235//6759 3420//6759 233//6759
f 233//6760 3420//6760 3416//6760
f 3410//6761 3421//6761 3413//6761
f 3417//6762 3421//6762 3410//6762
f 3413//6763 3421//6763 3415//6763
f 490//6764 3422//6764 243//6764
f 3398//6765 3422//6765 490//6765
f 3412//6766 3422//6766 3405//6766
f 3419//6767 3422//6767 3412//6767
f 3405//6768 3422//6768 3398//6768
f 3409//6769 3423//6769 3414//6769
f 3416//6770 3423//6770 3409//6770
f 3421//6771 3424//6771 3415//6771
f 235//6772 3425//6772 3420//6772
f 3420//6773 3425//6773 3416//6773
f 3416//6774 3425//6774 3423//6774
f 3414//6775 3426//6775 3417//6775
f 3423//6776 3426//6776 3414//6776
f 3415//6777 3427//6777 3418//6777
f 3424//6778 3427//6778 3415//6778
f 3418//6779 3427//6779 3419//6779
f 3427//6780 3428//6780 3419//6780
f 3417//6781 3429//6781 3421//6781
f 3426//6782 3429//6782 3417//6782
f 3428//6783 3430//6783 3419//6783
f 3422//6784 3430//6784 243//6784
f 3419//6785 3430//6785 3422//6785
f 240//6786 3431//6786 235//6786
f 3423//6787 3431//6787 3426//6787
f 235//6788 3431//6788 3425//6788
f 3425//6789 3431//6789 3423//6789
f 3429//6790 3432//6790 3421//6790
f 3421//6791 3432//6791 3424//6791
f 3426//6792 3433//6792 3429//6792
f 3431//6793 3433//6793 3426//6793
f 240//6794 3433//6794 3431//6794
f 3427//6795 3434//6795 3428//6795
f 3432//6796 3434//6796 3424//6796
f 3424//6797 3434//6797 3427//6797
f 242//6798 3435//6798 240//6798
f 3433//6799 3435//6799 3429//6799
f 240//6800 3435//6800 3433//6800
f 3429//6801 3435//6801 3432//6801
f 3434//6802 3436//6802 3428//6802
f 3430//6803 3437//6803 243//6803
f 3436//6804 3437//6804 3428//6804
f 3428//6805 3437//6805 3430//6805
f 3432//6806 3438//6806 3434//6806
f 242//6807 3438//6807 3435//6807
f 3435//6808 3438//6808 3432//6808
f 3434//6809 3438//6809 3436//6809
f 243//6810 3439//6810 242//6810
f 242//6811 3439//6811 3438//6811
f 3438//6812 3439//6812 3436//6812
f 3437//6813 3440//6813 243//6813
f 3436//6814 3440//6814 3437//6814
f 243//6815 3440//6815 3439//6815
f 3439//6816 3440//6816 3436//6816
f 231//6817 225//6817 478//6817
f 478//6818 225//6818 472//6818
f 243//6819 251//6819 490//6819
f 490//6820 251//6820 498//6820
f 251//6821 231//6821 498//6821
f 498//6822 231//6822 478//6822
f 601//6823 605//6823 354//6823
f 354//6824 605//6824 357//6824
f 357//6825 617//6825 369//6825
f 369//6826 617//6826 378//6826
f 605//6827 617//6827 357//6827
f 617//6828 626//6828 378//6828
f 378//6829 629//6829 382//6829
f 626//6830 629//6830 378//6830
f 382//6831 621//6831 374//6831
f 629//6832 621//6832 382//6832
f 374//6833 612//6833 365//6833
f 621//6834 612//6834 374//6834
f 365//6835 603//6835 356//6835
f 356//6836 603//6836 329//6836
f 612//6837 603//6837 365//6837
f 603//6838 576//6838 329//6838
f 329//6839 573//6839 326//6839
f 576//6840 573//6840 329//6840
f 573//6841 553//6841 326//6841
f 326//6842 553//6842 306//6842
f 306//6843 553//6843 297//6843
f 553//6844 544//6844 297//6844
f 544//6845 542//6845 297//6845
f 297//6846 542//6846 295//6846
f 542//6847 533//6847 295//6847
f 295//6848 533//6848 286//6848
f 533//6849 524//6849 286//6849
f 286//6850 524//6850 277//6850
f 524//6851 516//6851 277//6851
f 277//6852 516//6852 269//6852
f 516//6853 513//6853 269//6853
f 269//6854 513//6854 266//6854
f 266//6855 513//6855 264//6855
f 513//6856 511//6856 264//6856
f 511//6857 509//6857 264//6857
f 264//6858 509//6858 262//6858
f 509//6859 510//6859 262//6859
f 262//6860 510//6860 263//6860
f 510//6861 512//6861 263//6861
f 263//6862 512//6862 265//6862
f 512//6863 515//6863 265//6863
f 265//6864 515//6864 268//6864
f 268//6865 515//6865 275//6865
f 515//6866 522//6866 275//6866
f 275//6867 532//6867 285//6867
f 522//6868 532//6868 275//6868
f 285//6869 532//6869 294//6869
f 532//6870 541//6870 294//6870
f 294//6871 543//6871 296//6871
f 296//6872 543//6872 300//6872
f 541//6873 543//6873 294//6873
f 543//6874 547//6874 300//6874
f 300//6875 561//6875 314//6875
f 314//6876 561//6876 342//6876
f 547//6877 561//6877 300//6877
f 561//6878 589//6878 342//6878
f 342//6879 601//6879 354//6879
f 589//6880 601//6880 342//6880
